page,idx,line,url,reason
akita/akita,1537,"Restaurant in Akita, Akita.",https://www.tripadvisor.com/Restaurant_Review-g298239-d8448001-Reviews-Toriya_Kibe_Sannoakita_Main_Store-Akita_Akita_Prefecture_Tohoku.html,no usable listing facts (no usable facts)
akita/akita,1979,"Restaurant in Akita, Akita.",https://www.tripadvisor.com/Restaurant_Review-g298239-d13044141-Reviews-Hachimantai_Pork_Direct_Sale_Place_Hiroomote-Akita_Akita_Prefecture_Tohoku.html,no usable listing facts (no usable facts)
akita/akita,2139,"Restaurant in Akita, Akita.",https://www.tripadvisor.com/Restaurant_Review-g298239-d14742455-Reviews-Anmol_Akita-Akita_Akita_Prefecture_Tohoku.html,no usable listing facts (no usable facts)
akita/akita,2465,"Restaurant in Akita, Akita.",https://www.tripadvisor.com/Restaurant_Review-g298239-d9662989-Reviews-Creation-Akita_Akita_Prefecture_Tohoku.html,no usable listing facts (no usable facts)
akita/akita,2647,"Restaurant in Akita, Akita.",https://www.tripadvisor.com/Restaurant_Review-g298239-d13044335-Reviews-Mugikobo_Youpan-Akita_Akita_Prefecture_Tohoku.html,no usable listing facts (no usable facts)
akita/akita,2751,"Restaurant in Akita, Akita.",https://www.tripadvisor.com/Restaurant_Review-g298239-d14857321-Reviews-Miyama-Akita_Akita_Prefecture_Tohoku.html,no usable listing facts (no usable facts)
akita/akita,2807,"Restaurant in Akita, Akita.",https://www.tripadvisor.com/Restaurant_Review-g298239-d14742403-Reviews-Melissa-Akita_Akita_Prefecture_Tohoku.html,no usable listing facts (no usable facts)
akita/akita,1516,Japanese restaurant.,https://www.tripadvisor.com/Restaurant_Review-g298239-d7451557-Reviews-Aji_Mi-Akita_Akita_Prefecture_Tohoku.html,listing adds nothing beyond the current line
akita/akita,1551,Restaurant at 1-1-1 Goshono.,https://www.tripadvisor.com/Restaurant_Review-g298239-d14742449-Reviews-Grand_Buffet_Akita-Akita_Akita_Prefecture_Tohoku.html,listing adds nothing beyond the current line
akita/akita,1566,Restaurant at 7-1-2 Nakadori.,https://www.tripadvisor.com/Restaurant_Review-g298239-d16881790-Reviews-Inaniwa_Hoshi_Udon_Hachidaime_Sato_Yoske-Akita_Akita_Prefecture_Tohoku.html,listing adds nothing beyond the current line
akita/akita,1611,Restaurant at 1-1-1 Goshono.,https://www.tripadvisor.com/Restaurant_Review-g298239-d13044377-Reviews-Pan_Kojo_Goshono-Akita_Akita_Prefecture_Tohoku.html,listing adds nothing beyond the current line
akita/akita,1659,Restaurant at 1-1-1 Goshono.,https://www.tripadvisor.com/Restaurant_Review-g298239-d14742457-Reviews-Reform_Depot_Keys_Cafe-Akita_Akita_Prefecture_Tohoku.html,listing adds nothing beyond the current line
akita/akita,1692,Restaurant at 7-1-2 Nakadori.,https://www.tripadvisor.com/Restaurant_Review-g298239-d16881830-Reviews-Menya_Jurobee_Akitaeki_Topico-Akita_Akita_Prefecture_Tohoku.html,listing adds nothing beyond the current line
akita/akita,1798,Restaurant at 1-1-1 Goshono.,https://www.tripadvisor.com/Restaurant_Review-g298239-d14770865-Reviews-Shin_Tokyo_Manpuku_Ramen_Aeon_Mall_Akita-Akita_Akita_Prefecture_Tohoku.html,listing adds nothing beyond the current line
akita/akita,1825,Restaurant at 1-1-1 Goshono.,https://www.tripadvisor.com/Restaurant_Review-g298239-d14770836-Reviews-Kikusuian_Aeon_Mall_Akita-Akita_Akita_Prefecture_Tohoku.html,listing adds nothing beyond the current line
akita/akita,1853,Restaurant at 1-1-1 Goshono.,https://www.tripadvisor.com/Restaurant_Review-g298239-d14770871-Reviews-Rokuseiken_Aeon_Mall_Akita-Akita_Akita_Prefecture_Tohoku.html,listing adds nothing beyond the current line
akita/akita,1991,Japanese restaurant.,https://www.tripadvisor.com/Restaurant_Review-g298239-d9632483-Reviews-Ganso_Yakitori-Akita_Akita_Prefecture_Tohoku.html,listing adds nothing beyond the current line
akita/akita,2034,Restaurant at 4-16-8 Nakadori.,https://www.tripadvisor.com/Restaurant_Review-g298239-d13260482-Reviews-Snack_Liverpool-Akita_Akita_Prefecture_Tohoku.html,listing adds nothing beyond the current line
akita/akita,2056,Restaurant at 7-1-2 Nakadori.,https://www.tripadvisor.com/Restaurant_Review-g298239-d13044101-Reviews-Eitaro_Confectionery_Akita_Station_Topiko-Akita_Akita_Prefecture_Tohoku.html,listing adds nothing beyond the current line
akita/akita,2063,Restaurant at 4-16-8 Nakadori.,https://www.tripadvisor.com/Restaurant_Review-g298239-d3911418-Reviews-Ramen_Dining_Menkichi-Akita_Akita_Prefecture_Tohoku.html,listing adds nothing beyond the current line
akita/akita,2102,Japanese restaurant.,https://www.tripadvisor.com/Restaurant_Review-g298239-d13044163-Reviews-Hotto_Motto_Akita_Hiroomote-Akita_Akita_Prefecture_Tohoku.html,listing adds nothing beyond the current line
akita/akita,2206,Japanese restaurant.,https://www.tripadvisor.com/Restaurant_Review-g298239-d7674341-Reviews-Kinasa-Akita_Akita_Prefecture_Tohoku.html,listing adds nothing beyond the current line
akita/akita,2230,Restaurant at 7-1-2 Nakadori.,https://www.tripadvisor.com/Restaurant_Review-g298239-d17389612-Reviews-Yaya_Stazione_B-Akita_Akita_Prefecture_Tohoku.html,listing adds nothing beyond the current line
akita/akita,2239,Japanese restaurant.,https://www.tripadvisor.com/Restaurant_Review-g298239-d27677020-Reviews-Koryori_Suzuno-Akita_Akita_Prefecture_Tohoku.html,listing adds nothing beyond the current line
akita/akita,2257,Japanese restaurant.,https://www.tripadvisor.com/Restaurant_Review-g298239-d6047430-Reviews-Hinabe_Dining_Wami-Akita_Akita_Prefecture_Tohoku.html,listing adds nothing beyond the current line
akita/akita,2362,Restaurant at 1-1-1 Goshono.,https://www.tripadvisor.com/Restaurant_Review-g298239-d9638911-Reviews-Puchi_Tomato-Akita_Akita_Prefecture_Tohoku.html,listing adds nothing beyond the current line
akita/akita,2363,Restaurant at 1-1-1 Goshono.,https://www.tripadvisor.com/Restaurant_Review-g298239-d9615466-Reviews-Yokohamaken-Akita_Akita_Prefecture_Tohoku.html,listing adds nothing beyond the current line
akita/akita,2464,Japanese restaurant.,https://www.tripadvisor.com/Restaurant_Review-g298239-d14742456-Reviews-San_San_Mukohama-Akita_Akita_Prefecture_Tohoku.html,listing adds nothing beyond the current line
akita/akita,2505,Japanese restaurant.,https://www.tripadvisor.com/Restaurant_Review-g298239-d13044314-Reviews-Meals_Shiroku-Akita_Akita_Prefecture_Tohoku.html,listing adds nothing beyond the current line
akita/akita,2535,Restaurant at 1-1-1 Goshono.,https://www.tripadvisor.com/Restaurant_Review-g298239-d15090926-Reviews-Waratako_Aeon_Mall_Akita-Akita_Akita_Prefecture_Tohoku.html,listing adds nothing beyond the current line
akita/akita,2553,Japanese restaurant.,https://www.tripadvisor.com/Restaurant_Review-g298239-d13044422-Reviews-Sapporo_Kaisenmaru_Higashiodori-Akita_Akita_Prefecture_Tohoku.html,listing adds nothing beyond the current line
akita/akita,2573,Japanese restaurant.,https://www.tripadvisor.com/Restaurant_Review-g298239-d7451614-Reviews-Yahira-Akita_Akita_Prefecture_Tohoku.html,listing adds nothing beyond the current line
akita/akita,2660,Restaurant at 5-2-12 Omachi.,https://www.tripadvisor.com/Restaurant_Review-g298239-d10658311-Reviews-Hizuki-Akita_Akita_Prefecture_Tohoku.html,listing adds nothing beyond the current line
akita/akita,2661,Restaurant at 5-2-12 Omachi.,https://www.tripadvisor.com/Restaurant_Review-g298239-d10655507-Reviews-Shampoo-Akita_Akita_Prefecture_Tohoku.html,listing adds nothing beyond the current line
akita/akita,2662,Restaurant at 5-2-12 Omachi.,https://www.tripadvisor.com/Restaurant_Review-g298239-d10656982-Reviews-Auru-Akita_Akita_Prefecture_Tohoku.html,listing adds nothing beyond the current line
akita/akita,2771,Restaurant at 5-2-12 Omachi.,https://www.tripadvisor.com/Restaurant_Review-g298239-d14857329-Reviews-Robin-Akita_Akita_Prefecture_Tohoku.html,listing adds nothing beyond the current line
akita/akita,2820,Restaurant at 4-16-8 Nakadori.,https://www.tripadvisor.com/Restaurant_Review-g298239-d14742401-Reviews-820-Akita_Akita_Prefecture_Tohoku.html,listing adds nothing beyond the current line
akita/akita,2822,Restaurant at 4-16-8 Nakadori.,https://www.tripadvisor.com/Restaurant_Review-g298239-d13268900-Reviews-Garden-Akita_Akita_Prefecture_Tohoku.html,listing adds nothing beyond the current line
akita/daisen-05212,483,Restaurant at 177 Wago.,https://www.tripadvisor.com/Restaurant_Review-g1022315-d10651853-Reviews-Rinsendo_Jumonji_Ramen_Aeon_Omagari_Sc-Daisen_Akita_Prefecture_Tohoku.html,listing adds nothing beyond the current line
akita/daisen-05212,598,Restaurant at 177 Wago.,https://www.tripadvisor.com/Restaurant_Review-g1022315-d20147330-Reviews-Hiyoko_Curry_Aeon_Mall_Omagari-Daisen_Akita_Prefecture_Tohoku.html,listing adds nothing beyond the current line
akita/daisen-05212,694,Restaurant at 177 Wago.,https://www.tripadvisor.com/Restaurant_Review-g1022315-d10657579-Reviews-Copin_Quick_Pasta_Omagari-Daisen_Akita_Prefecture_Tohoku.html,listing adds nothing beyond the current line
akita/daisen-05212,695,Restaurant at 177 Wago.,https://www.tripadvisor.com/Restaurant_Review-g1022315-d10657581-Reviews-Dipper_Dan_Aeon_Mall_Omagari_Fc-Daisen_Akita_Prefecture_Tohoku.html,listing adds nothing beyond the current line
akita/daisen-05212,696,Restaurant at 177 Wago.,https://www.tripadvisor.com/Restaurant_Review-g1022315-d9655492-Reviews-Olve_Soleil-Daisen_Akita_Prefecture_Tohoku.html,listing adds nothing beyond the current line
akita/kazuno,234,Japanese restaurant.,https://www.tripadvisor.com/Restaurant_Review-g1022313-d7544055-Reviews-Izakaya_Nebuta-Kazuno_Akita_Prefecture_Tohoku.html,listing adds nothing beyond the current line
akita/nikaho,173,Japanese restaurant.,https://www.tripadvisor.com/Restaurant_Review-g1022326-d13044517-Reviews-Yakitori_Kanetomi-Nikaho_Akita_Prefecture_Tohoku.html,listing adds nothing beyond the current line
akita/nikaho,233,Japanese restaurant.,https://www.tripadvisor.com/Restaurant_Review-g1022326-d7545089-Reviews-Akari-Nikaho_Akita_Prefecture_Tohoku.html,listing adds nothing beyond the current line
akita/nikaho,234,Japanese restaurant.,https://www.tripadvisor.com/Restaurant_Review-g1022326-d7545075-Reviews-Kappo_Umai-Nikaho_Akita_Prefecture_Tohoku.html,listing adds nothing beyond the current line
akita/nikaho,256,Japanese restaurant.,https://www.tripadvisor.com/Restaurant_Review-g1022326-d14742535-Reviews-Homare-Nikaho_Akita_Prefecture_Tohoku.html,listing adds nothing beyond the current line
akita/noshiro,512,Japanese restaurant.,https://www.tripadvisor.com/Restaurant_Review-g1022327-d7545118-Reviews-Kitchen_Hosoda-Noshiro_Akita_Prefecture_Tohoku.html,listing adds nothing beyond the current line
akita/odate,379,Restaurant at 3-7-58 Onaricho.,https://www.tripadvisor.com/Restaurant_Review-g1022311-d9643455-Reviews-Talk-Odate_Akita_Prefecture_Tohoku.html,listing adds nothing beyond the current line
akita/odate,415,Japanese restaurant.,https://www.tripadvisor.com/Restaurant_Review-g1022311-d7543933-Reviews-Shiki-Odate_Akita_Prefecture_Tohoku.html,listing adds nothing beyond the current line
akita/odate,435,Restaurant at 3-7-58 Onaricho.,https://www.tripadvisor.com/Restaurant_Review-g1022311-d7543888-Reviews-Tampopo-Odate_Akita_Prefecture_Tohoku.html,listing adds nothing beyond the current line
akita/odate,436,Restaurant at 3-7-58 Onaricho.,https://www.tripadvisor.com/Restaurant_Review-g1022311-d13044124-Reviews-Fujiya_Itokuodate_Shopping_Centre-Odate_Akita_Prefecture_Tohoku.html,listing adds nothing beyond the current line
akita/odate,437,Restaurant at 3-7-58 Onaricho.,https://www.tripadvisor.com/Restaurant_Review-g1022311-d13044486-Reviews-Time_Odate-Odate_Akita_Prefecture_Tohoku.html,listing adds nothing beyond the current line
akita/oga,51,Inn (ryokan or minshuku).,https://tabelog.com/akita/A0503/A050303/5005450/,listing adds nothing beyond the current line
akita/oga,76,"Seafood restaurant; lunch ¥1,000–1,999.",https://tabelog.com/akita/A0503/A050303/5000506/,listing adds nothing beyond the current line
akita/oga,122,Japanese restaurant.,https://tabelog.com/akita/A0503/A050303/5005194/,listing adds nothing beyond the current line
akita/semboku,269,Inn (ryokan or minshuku).,https://tabelog.com/akita/A0504/A050401/5007413/,listing adds nothing beyond the current line
akita/semboku,315,Japanese restaurant.,https://www.tripadvisor.com/Restaurant_Review-g1022324-d10656089-Reviews-Sakurakoji-Semboku_Akita_Prefecture_Tohoku.html,listing adds nothing beyond the current line
akita/semboku,414,Japanese restaurant.,https://www.tripadvisor.com/Restaurant_Review-g1022324-d7544817-Reviews-Inaniwaya_Aoyanagi-Semboku_Akita_Prefecture_Tohoku.html,listing adds nothing beyond the current line
akita/semboku,419,Japanese restaurant.,https://www.tripadvisor.com/Restaurant_Review-g1022324-d7544823-Reviews-Chakori-Semboku_Akita_Prefecture_Tohoku.html,listing adds nothing beyond the current line
akita/ugo,7,"Soba restaurant; lunch under ¥1,000.",https://tabelog.com/akita/A0505/A050502/5000926/,listing adds nothing beyond the current line
akita/yokote,714,"Restaurant in Yokote, Akita.",https://www.tripadvisor.com/Restaurant_Review-g1022325-d13257767-Reviews-Finished-Yokote_Akita_Prefecture_Tohoku.html,no usable listing facts (no usable facts)
akita/yokote,718,"Restaurant in Yokote, Akita.",https://www.tripadvisor.com/Restaurant_Review-g1022325-d13044201-Reviews-Ito_Painting-Yokote_Akita_Prefecture_Tohoku.html,no usable listing facts (no usable facts)
akita/yokote,770,"Restaurant in Yokote, Akita.",https://www.tripadvisor.com/Restaurant_Review-g1022325-d13044459-Reviews-Sweet_Sanoya-Yokote_Akita_Prefecture_Tohoku.html,no usable listing facts (no usable facts)
akita/yokote,772,"Restaurant in Yokote, Akita.",https://www.tripadvisor.com/Restaurant_Review-g1022325-d13044228-Reviews-Kaishindo-Yokote_Akita_Prefecture_Tohoku.html,no usable listing facts (no usable facts)
akita/yokote,156,"Ramen shop; lunch under ¥1,000.",https://tabelog.com/akita/A0505/A050501/5006918/,listing adds nothing beyond the current line
akita/yokote,793,Japanese restaurant.,https://www.tripadvisor.com/Restaurant_Review-g1022325-d7544900-Reviews-Tonkatsu_Kaiei-Yokote_Akita_Prefecture_Tohoku.html,listing adds nothing beyond the current line
akita/yokote,823,Japanese restaurant.,https://www.tripadvisor.com/Restaurant_Review-g1022325-d13044209-Reviews-Izakaya_Den_Den-Yokote_Akita_Prefecture_Tohoku.html,listing adds nothing beyond the current line
akita/yurihonjo,171,"Diner; lunch under ¥1,000.",https://tabelog.com/akita/A0506/A050601/5008064/,listing adds nothing beyond the current line
akita/yurihonjo,513,Japanese restaurant.,https://www.tripadvisor.com/Restaurant_Review-g1022322-d13044047-Reviews-Cafeteria_Tensugi-Yurihonjo_Akita_Prefecture_Tohoku.html,listing adds nothing beyond the current line
akita/yurihonjo,602,Japanese restaurant.,https://www.tripadvisor.com/Restaurant_Review-g1022322-d14742541-Reviews-Hana_Temari-Yurihonjo_Akita_Prefecture_Tohoku.html,listing adds nothing beyond the current line
akita/yurihonjo,622,Japanese restaurant.,https://www.tripadvisor.com/Restaurant_Review-g1022322-d7544501-Reviews-Sasachan-Yurihonjo_Akita_Prefecture_Tohoku.html,listing adds nothing beyond the current line
akita/yuzawashi,145,Inn (ryokan or minshuku).,https://tabelog.com/akita/A0505/A050502/5005822/,listing adds nothing beyond the current line
akita/yuzawashi,198,Japanese restaurant.,https://tabelog.com/akita/A0505/A050502/5010950/,listing adds nothing beyond the current line
akita/yuzawashi,324,International restaurant.,https://www.tripadvisor.com/Restaurant_Review-g1022323-d13253665-Reviews-Karaokeshofukutei_Crayon_Yuzawa-Yuzawa_Akita_Prefecture_Tohoku.html,listing adds nothing beyond the current line
akita/yuzawashi,385,Japanese restaurant.,https://www.tripadvisor.com/Restaurant_Review-g1022323-d13044088-Reviews-Croque_of_Tomiya-Yuzawa_Akita_Prefecture_Tohoku.html,listing adds nothing beyond the current line
fukuoka/asakura,313,"Restaurant with parking, near Amagi Station.",https://tabelog.com/fukuoka/A4008/A400802/40072974/,listing adds nothing beyond the current line
fukuoka/asakura,328,"Restaurant with parking, near Amagi Station.",https://tabelog.com/fukuoka/A4008/A400802/40063150/,listing adds nothing beyond the current line
fukuoka/asakura,342,"Izakaya, near Amagi Station.",https://tabelog.com/fukuoka/A4008/A400802/40022200/,listing adds nothing beyond the current line
fukuoka/asakura,347,"Restaurant with parking, near Amagi Station.",https://tabelog.com/fukuoka/A4008/A400802/40054291/,listing adds nothing beyond the current line
fukuoka/asakura,355,Convenience store or supermarket.,https://tabelog.com/fukuoka/A4008/A400802/40070048/,listing adds nothing beyond the current line
fukuoka/asakura,357,"Izakaya, near Amagi Station.",https://tabelog.com/fukuoka/A4008/A400802/40052450/,listing adds nothing beyond the current line
fukuoka/asakura,375,"Izakaya, near Amagi Station.",https://tabelog.com/fukuoka/A4008/A400802/40022199/,listing adds nothing beyond the current line
fukuoka/asakura,379,"Restaurant with parking, near Amagi Station.",https://tabelog.com/fukuoka/A4008/A400802/40064932/,listing adds nothing beyond the current line
fukuoka/asakura,391,"Izakaya, near Amagi Station.",https://tabelog.com/fukuoka/A4008/A400802/40012512/,listing adds nothing beyond the current line
fukuoka/ashiyacho,50,"Cafe; lunch under ¥1,000.",https://tabelog.com/fukuoka/A4006/A400603/40052683/,listing adds nothing beyond the current line
fukuoka/ashiyacho,121,"A snack bar in Ashiya, Fukuoka.",https://tabelog.com/fukuoka/A4006/A400603/40069384/,listing adds nothing beyond the current line
fukuoka/ashiyacho,125,"A snack bar in Ashiya, Fukuoka.",https://tabelog.com/fukuoka/A4006/A400603/40069386/,listing adds nothing beyond the current line
fukuoka/ashiyacho,126,"Bar; dinner ¥4,000–4,999.",https://tabelog.com/fukuoka/A4006/A400603/40067851/,listing adds nothing beyond the current line
fukuoka/ashiyacho,128,"A snack bar in Ashiya, Fukuoka.",https://tabelog.com/fukuoka/A4006/A400603/40069385/,listing adds nothing beyond the current line
fukuoka/ashiyacho,136,"A snack bar in Ashiya, Fukuoka.",https://tabelog.com/fukuoka/A4006/A400603/40069378/,listing adds nothing beyond the current line
fukuoka/ashiyacho,139,"A snack bar in Ashiya, Fukuoka.",https://tabelog.com/fukuoka/A4006/A400603/40069376/,listing adds nothing beyond the current line
fukuoka/ashiyacho,141,"Bar; dinner ¥4,000–4,999.",https://tabelog.com/fukuoka/A4006/A400603/40068430/,listing adds nothing beyond the current line
fukuoka/chikujo,51,Japanese restaurant.,https://tabelog.com/fukuoka/A4006/A400602/40023237/,listing adds nothing beyond the current line
fukuoka/kasuya,236,Restaurant at 192-1 Sakado.,https://www.tripadvisor.com/Restaurant_Review-g1121473-d7666952-Reviews-Mister_Donut_Aeon_Mall_Fukuoka-Kasuya_machi_Kasuya_gun_Fukuoka_Prefecture_Kyushu.html,listing adds nothing beyond the current line
fukuoka/kasuya,248,Restaurant at 192-1 Sakado.,https://www.tripadvisor.com/Restaurant_Review-g1121473-d7666545-Reviews-Pomu_No_Ki_Second_Kitchen_Aeon_Mall_Fukuoka-Kasuya_machi_Kasuya_gun_Fukuoka_Pref.html,listing adds nothing beyond the current line
fukuoka/kasuya,253,Restaurant at 192-1 Sakado.,https://www.tripadvisor.com/Restaurant_Review-g1121473-d13813181-Reviews-Nikotto-Kasuya_machi_Kasuya_gun_Fukuoka_Prefecture_Kyushu.html,listing adds nothing beyond the current line
fukuoka/kasuya,285,Restaurant at 192-1 Sakado.,https://www.tripadvisor.com/Restaurant_Review-g1121473-d10015308-Reviews-Dejiya-Kasuya_machi_Kasuya_gun_Fukuoka_Prefecture_Kyushu.html,listing adds nothing beyond the current line
fukuoka/kasuya,298,Restaurant at 192-1 Sakado.,https://www.tripadvisor.com/Restaurant_Review-g1121473-d7483290-Reviews-Hakata_Ramen_Ebisu-Kasuya_machi_Kasuya_gun_Fukuoka_Prefecture_Kyushu.html,listing adds nothing beyond the current line
fukuoka/koga,294,Restaurant at 1-1-5 Mushirouchi.,https://www.tripadvisor.com/Restaurant_Review-g298208-d11799014-Reviews-Nanosato-Koga_Fukuoka_Prefecture_Kyushu.html,listing adds nothing beyond the current line
fukuoka/koga,324,Restaurant at 1-1-5 Mushirouchi.,https://www.tripadvisor.com/Restaurant_Review-g298208-d10650526-Reviews-Nanofuku_Yadai-Koga_Fukuoka_Prefecture_Kyushu.html,listing adds nothing beyond the current line
fukuoka/koga,330,Restaurant at 2-5-1 Tenjin.,https://www.tripadvisor.com/Restaurant_Review-g298208-d15246273-Reviews-Sanribu_Koga_Key_Coffee-Koga_Fukuoka_Prefecture_Kyushu.html,listing adds nothing beyond the current line
fukuoka/koga,333,Restaurant at 1-1-5 Mushirouchi.,https://www.tripadvisor.com/Restaurant_Review-g298208-d10252138-Reviews-Appetito-Koga_Fukuoka_Prefecture_Kyushu.html,listing adds nothing beyond the current line
fukuoka/koga,334,Restaurant at 1-1-5 Mushirouchi.,https://www.tripadvisor.com/Restaurant_Review-g298208-d13399794-Reviews-One_Bowl-Koga_Fukuoka_Prefecture_Kyushu.html,listing adds nothing beyond the current line
fukuoka/koga,429,Restaurant at 2-5-1 Tenjin.,https://www.tripadvisor.com/Restaurant_Review-g298208-d9967796-Reviews-Cafe_Hiro-Koga_Fukuoka_Prefecture_Kyushu.html,listing adds nothing beyond the current line
fukuoka/koga,442,Restaurant at 2-5-1 Tenjin.,https://www.tripadvisor.com/Restaurant_Review-g298208-d13069953-Reviews-Saemon-Koga_Fukuoka_Prefecture_Kyushu.html,listing adds nothing beyond the current line
fukuoka/koga,443,Restaurant at 2-5-1 Tenjin.,https://www.tripadvisor.com/Restaurant_Review-g298208-d13068883-Reviews-Fujiya_Koga_Sanribu-Koga_Fukuoka_Prefecture_Kyushu.html,listing adds nothing beyond the current line
fukuoka/nakama,278,Japanese restaurant.,https://www.tripadvisor.com/Restaurant_Review-g1022376-d7548382-Reviews-Izakaya_Iroha-Nakama_Fukuoka_Prefecture_Kyushu.html,listing adds nothing beyond the current line
fukuoka/ogori,250,Japanese restaurant.,https://www.tripadvisor.com/Restaurant_Review-g1022377-d6048875-Reviews-Genkaizushi-Ogori_Fukuoka_Prefecture_Kyushu.html,listing adds nothing beyond the current line
fukuoka/onojo,410,Restaurant at 4-1-1 Nishikimachi.,https://www.tripadvisor.com/Restaurant_Review-g1022380-d9900142-Reviews-Sennomichi_Taiwanese_Kitchen-Onojo_Fukuoka_Prefecture_Kyushu.html,listing adds nothing beyond the current line
fukuoka/onojo,413,Restaurant at 4-1-1 Nishikimachi.,https://www.tripadvisor.com/Restaurant_Review-g1022380-d13069109-Reviews-Ichiryu_Satie_Onojo-Onojo_Fukuoka_Prefecture_Kyushu.html,listing adds nothing beyond the current line
fukuoka/onojo,418,Restaurant at 4-1-1 Nishikimachi.,https://www.tripadvisor.com/Restaurant_Review-g1022380-d15008555-Reviews-Kasuga_Shokudo_Aeon_Onojo-Onojo_Fukuoka_Prefecture_Kyushu.html,listing adds nothing beyond the current line
fukuoka/onojo,419,Restaurant at 4-1-1 Nishikimachi.,https://www.tripadvisor.com/Restaurant_Review-g1022380-d15008406-Reviews-India_Restaurant_Suraj-Onojo_Fukuoka_Prefecture_Kyushu.html,listing adds nothing beyond the current line
fukuoka/onojo,426,Barbecue restaurant.,https://www.tripadvisor.com/Restaurant_Review-g1022380-d13246265-Reviews-Hormone_Grilled_Meat_Specialty_Store_Sum_Trillion-Onojo_Fukuoka_Prefecture_Kyus.html,listing adds nothing beyond the current line
fukuoka/onojo,486,Japanese restaurant.,https://www.tripadvisor.com/Restaurant_Review-g1022380-d13070036-Reviews-Shunsai_Magokoro-Onojo_Fukuoka_Prefecture_Kyushu.html,listing adds nothing beyond the current line
fukuoka/onojo,530,Restaurant at 4-1-1 Nishikimachi.,https://www.tripadvisor.com/Restaurant_Review-g1022380-d7548835-Reviews-Nagomian-Onojo_Fukuoka_Prefecture_Kyushu.html,listing adds nothing beyond the current line
fukuoka/ukiha,315,Japanese restaurant.,https://www.tripadvisor.com/Restaurant_Review-g1022384-d7549241-Reviews-Kompira_Udon_Niji-Ukiha_Fukuoka_Prefecture_Kyushu.html,listing adds nothing beyond the current line
miyagi/ishinomaki,961,"Restaurant in Ishinomaki, Miyagi.",https://www.tripadvisor.com/Restaurant_Review-g1023406-d5449528-Reviews-Amimoto_Kaminoie_Ishimaki_Ekimae-Ishinomaki_Miyagi_Prefecture_Tohoku.html,no usable listing facts (no usable facts)
miyagi/ishinomaki,1000,"Restaurant in Ishinomaki, Miyagi.",https://www.tripadvisor.com/Restaurant_Review-g1023406-d7269073-Reviews-Shoya_Ishinomaki-Ishinomaki_Miyagi_Prefecture_Tohoku.html,no usable listing facts (no usable facts)
miyagi/ishinomaki,1041,"Restaurant in Ishinomaki, Miyagi.",https://www.tripadvisor.com/Restaurant_Review-g1023406-d13035013-Reviews-Endo_Pastry-Ishinomaki_Miyagi_Prefecture_Tohoku.html,no usable listing facts (no usable facts)
miyagi/ishinomaki,1195,"Restaurant in Ishinomaki, Miyagi.",https://www.tripadvisor.com/Restaurant_Review-g1023406-d13261851-Reviews-Hanagasa_Dininig_Room-Ishinomaki_Miyagi_Prefecture_Tohoku.html,no usable listing facts (no usable facts)
miyagi/ishinomaki,1270,"Restaurant in Ishinomaki, Miyagi.",https://www.tripadvisor.com/Restaurant_Review-g1023406-d20164740-Reviews-Snack_Shomonkan-Ishinomaki_Miyagi_Prefecture_Tohoku.html,no usable listing facts (no usable facts)
miyagi/ishinomaki,389,Inn (ryokan or minshuku).,https://tabelog.com/miyagi/A0404/A040403/4010324/,listing adds nothing beyond the current line
miyagi/ishinomaki,638,Inn (ryokan or minshuku).,https://tabelog.com/miyagi/A0404/A040403/4019319/,listing adds nothing beyond the current line
miyagi/ishinomaki,642,Inn (ryokan or minshuku).,https://tabelog.com/miyagi/A0404/A040403/4019315/,listing adds nothing beyond the current line
miyagi/ishinomaki,711,Inn (ryokan or minshuku).,https://tabelog.com/miyagi/A0404/A040403/4019311/,listing adds nothing beyond the current line
miyagi/ishinomaki,783,Inn (ryokan or minshuku).,https://tabelog.com/miyagi/A0404/A040403/4011278/,listing adds nothing beyond the current line
miyagi/ishinomaki,798,Inn (ryokan or minshuku).,https://tabelog.com/miyagi/A0404/A040403/4019312/,listing adds nothing beyond the current line
miyagi/ishinomaki,799,Inn (ryokan or minshuku).,https://tabelog.com/miyagi/A0404/A040403/4019291/,listing adds nothing beyond the current line
miyagi/ishinomaki,883,Inn (ryokan or minshuku).,https://tabelog.com/miyagi/A0404/A040403/4010777/,listing adds nothing beyond the current line
miyagi/ishinomaki,890,Inn (ryokan or minshuku).,https://tabelog.com/miyagi/A0404/A040403/4019300/,listing adds nothing beyond the current line
miyagi/ishinomaki,918,Inn (ryokan or minshuku).,https://tabelog.com/miyagi/A0404/A040403/4019318/,listing adds nothing beyond the current line
miyagi/ishinomaki,921,Inn (ryokan or minshuku).,https://tabelog.com/miyagi/A0404/A040403/4019298/,listing adds nothing beyond the current line
miyagi/ishinomaki,1126,Japanese restaurant.,https://www.tripadvisor.com/Restaurant_Review-g1023406-d13166081-Reviews-Hamayoshi-Ishinomaki_Miyagi_Prefecture_Tohoku.html,listing adds nothing beyond the current line
miyagi/ishinomaki,1148,Japanese restaurant.,https://www.tripadvisor.com/Restaurant_Review-g1023406-d7514033-Reviews-Tempura_No_Mise_Kiraten-Ishinomaki_Miyagi_Prefecture_Tohoku.html,listing adds nothing beyond the current line
miyagi/ishinomaki,1258,Japanese restaurant.,https://www.tripadvisor.com/Restaurant_Review-g1023406-d14741886-Reviews-Toriaezu_Gohei_Miyagi_Ishinomaki-Ishinomaki_Miyagi_Prefecture_Tohoku.html,listing adds nothing beyond the current line
miyagi/iwanuma,292,Japanese restaurant.,https://www.tripadvisor.com/Restaurant_Review-g1023412-d9694354-Reviews-Ajidokoro_Umisen_Yamasen-Iwanuma_Miyagi_Prefecture_Tohoku.html,listing adds nothing beyond the current line
miyagi/kawasakicho,15,"Diner; lunch under ¥1,000.",https://tabelog.com/miyagi/A0402/A040201/4013763/,listing adds nothing beyond the current line
miyagi/kawasakicho,47,"Diner; lunch under ¥1,000.",https://tabelog.com/miyagi/A0402/A040201/4024957/,listing adds nothing beyond the current line
miyagi/kesennuma,332,Yakitori restaurant.,https://tabelog.com/miyagi/A0404/A040402/4004098/,listing adds nothing beyond the current line
miyagi/kesennuma,416,Japanese restaurant.,https://www.tripadvisor.com/Restaurant_Review-g1023417-d9621312-Reviews-Arata-Kesennuma_Miyagi_Prefecture_Tohoku.html,listing adds nothing beyond the current line
miyagi/kurihara,115,Western-style sweets shop.,https://tabelog.com/miyagi/A0403/A040302/4004477/,listing adds nothing beyond the current line
miyagi/kurihara,201,"Izakaya, near Kurikoma-Kogen Station.",https://tabelog.com/miyagi/A0403/A040302/4030267/,listing adds nothing beyond the current line
miyagi/kurihara,204,"Izakaya, near Kurikoma-Kogen Station.",https://tabelog.com/miyagi/A0403/A040302/4030366/,listing adds nothing beyond the current line
miyagi/kurihara,231,Convenience store or supermarket.,https://tabelog.com/miyagi/A0403/A040302/4018135/,listing adds nothing beyond the current line
miyagi/kurihara,244,Japanese sweets (wagashi) shop.,https://tabelog.com/miyagi/A0403/A040302/4028153/,listing adds nothing beyond the current line
miyagi/kurihara,273,"Izakaya, near Kurikoma-Kogen Station.",https://tabelog.com/miyagi/A0403/A040302/4022427/,listing adds nothing beyond the current line
miyagi/kurihara,274,Convenience store or supermarket.,https://tabelog.com/miyagi/A0403/A040302/4029262/,listing adds nothing beyond the current line
miyagi/kurihara,283,"Izakaya, near Kurikoma-Kogen Station.",https://tabelog.com/miyagi/A0403/A040302/4021776/,listing adds nothing beyond the current line
miyagi/kurihara,289,Inn (ryokan or minshuku).,https://tabelog.com/miyagi/A0403/A040302/4017638/,listing adds nothing beyond the current line
miyagi/minamisanriku,27,Inn (ryokan or minshuku).,https://tabelog.com/miyagi/A0404/A040402/4019275/,listing adds nothing beyond the current line
miyagi/minamisanriku,42,"Cafe; lunch under ¥1,000.",https://tabelog.com/miyagi/A0404/A040402/4025850/,listing adds nothing beyond the current line
miyagi/natori,535,Restaurant at 5-3-1 Morisekinoshita.,https://www.tripadvisor.com/Restaurant_Review-g1023409-d13167357-Reviews-Cocofrans_Aeon_Mall_Natori-Natori_Miyagi_Prefecture_Tohoku.html,listing adds nothing beyond the current line
miyagi/natori,563,Restaurant at 5-3-1 Morisekinoshita.,https://www.tripadvisor.com/Restaurant_Review-g1023409-d16955884-Reviews-Mori_no_Pizza_Factory_Revoir_Aeon_Mall_Natori-Natori_Miyagi_Prefecture_Tohoku.html,listing adds nothing beyond the current line
miyagi/natori,617,Restaurant at 5-3-1 Morisekinoshita.,https://www.tripadvisor.com/Restaurant_Review-g1023409-d13162656-Reviews-Takouya_Aeon_Shin_Natori-Natori_Miyagi_Prefecture_Tohoku.html,listing adds nothing beyond the current line
miyagi/natori,625,Restaurant at 5-3-1 Morisekinoshita.,https://www.tripadvisor.com/Restaurant_Review-g1023409-d14741744-Reviews-Roast_Beef_Budoya-Natori_Miyagi_Prefecture_Tohoku.html,listing adds nothing beyond the current line
miyagi/osakishi,832,Japanese restaurant.,https://www.tripadvisor.com/Restaurant_Review-g1023418-d6057867-Reviews-Stamina_Taro_Furukawa_Sanbongi-Osaki_Miyagi_Prefecture_Tohoku.html,listing adds nothing beyond the current line
miyagi/shikama,16,Convenience store or supermarket.,https://tabelog.com/miyagi/A0403/A040301/4021957/,listing adds nothing beyond the current line
miyagi/shiogama,514,Japanese restaurant.,https://www.tripadvisor.com/Restaurant_Review-g1023407-d7514122-Reviews-Isoya-Shiogama_Miyagi_Prefecture_Tohoku.html,listing adds nothing beyond the current line
miyagi/shiroishishi,243,Japanese restaurant.,https://www.tripadvisor.com/Restaurant_Review-g1023408-d7667644-Reviews-Ramen_Ichimaru-Shiroishi_Miyagi_Prefecture_Tohoku.html,listing adds nothing beyond the current line
miyagi/shiroishishi,270,Japanese restaurant.,https://www.tripadvisor.com/Restaurant_Review-g1023408-d7514220-Reviews-Onigiri_No_Sato-Shiroishi_Miyagi_Prefecture_Tohoku.html,listing adds nothing beyond the current line
miyagi/tagajo,5,"Ramen shop, 10-minute walk from Tagajo Station; dinner under ¥1,000.",https://tabelog.com/miyagi/A0404/A040404/4004205/,listing adds nothing beyond the current line
miyagi/tagajo,19,"Ramen shop, 10-minute walk from Tagajo Station; dinner under ¥1,000.",https://tabelog.com/miyagi/A0404/A040404/4027457/,listing adds nothing beyond the current line
miyagi/tagajo,43,"Ramen shop, 10-minute walk from Tagajo Station; dinner under ¥1,000.",https://tabelog.com/miyagi/A0404/A040404/4019784/,listing adds nothing beyond the current line
miyagi/tagajo,295,Japanese restaurant.,https://www.tripadvisor.com/Restaurant_Review-g1023411-d13788067-Reviews-Gyutan_Yakiniku_Zenjiro_Tagajo-Tagajo_Miyagi_Prefecture_Tohoku.html,listing adds nothing beyond the current line
miyagi/taiwa,10,"Soba restaurant; dinner ¥1,000–1,999.",https://tabelog.com/miyagi/A0403/A040304/4024345/,listing adds nothing beyond the current line
miyagi/taiwa,42,"Ramen shop; lunch under ¥1,000.",https://tabelog.com/miyagi/A0403/A040304/4015475/,listing adds nothing beyond the current line
miyagi/taiwa,101,Convenience store or supermarket.,https://tabelog.com/miyagi/A0403/A040304/4021351/,listing adds nothing beyond the current line
miyagi/tome,90,"Ramen shop; lunch under ¥1,000.",https://tabelog.com/miyagi/A0403/A040303/4020513/,listing adds nothing beyond the current line
miyagi/tome,125,Cake shop with parking.,https://tabelog.com/miyagi/A0403/A040303/4010680/,listing adds nothing beyond the current line
miyagi/tome,163,Cafe with parking.,https://tabelog.com/miyagi/A0403/A040303/4025641/,listing adds nothing beyond the current line
miyagi/tome,176,Izakaya with parking.,https://tabelog.com/miyagi/A0403/A040303/4029883/,listing adds nothing beyond the current line
miyagi/tome,177,Cake shop with parking.,https://tabelog.com/miyagi/A0403/A040303/4025610/,listing adds nothing beyond the current line
miyagi/tome,194,Japanese restaurant.,https://tabelog.com/miyagi/A0403/A040303/4002657/,listing adds nothing beyond the current line
miyagi/tome,199,Cafe with parking.,https://tabelog.com/miyagi/A0403/A040303/4027176/,listing adds nothing beyond the current line
miyagi/tome,209,Cafe with parking.,https://tabelog.com/miyagi/A0403/A040303/4025633/,listing adds nothing beyond the current line
miyagi/tome,217,Cafe with parking.,https://tabelog.com/miyagi/A0403/A040303/4027961/,listing adds nothing beyond the current line
miyagi/tome,229,Japanese restaurant.,https://tabelog.com/miyagi/A0403/A040303/4003453/,listing adds nothing beyond the current line
miyagi/tome,253,Cafe with parking.,https://tabelog.com/miyagi/A0403/A040303/4027603/,listing adds nothing beyond the current line
miyagi/tome,257,Convenience store or supermarket.,https://tabelog.com/miyagi/A0403/A040303/4028961/,listing adds nothing beyond the current line
miyagi/tome,258,Cake shop with parking.,https://tabelog.com/miyagi/A0403/A040303/4030047/,listing adds nothing beyond the current line
miyagi/tome,259,Cake shop with parking.,https://tabelog.com/miyagi/A0403/A040303/4027532/,listing adds nothing beyond the current line
miyagi/tome,265,Cafe with parking.,https://tabelog.com/miyagi/A0403/A040303/4029283/,listing adds nothing beyond the current line
miyagi/tome,282,Izakaya with parking.,https://tabelog.com/miyagi/A0403/A040303/4029196/,listing adds nothing beyond the current line
miyagi/tome,285,Izakaya with parking.,https://tabelog.com/miyagi/A0403/A040303/4030387/,listing adds nothing beyond the current line
miyagi/tome,290,Izakaya with parking.,https://tabelog.com/miyagi/A0403/A040303/4029233/,listing adds nothing beyond the current line
miyagi/tome,330,Japanese sweets (wagashi) shop.,https://tabelog.com/miyagi/A0403/A040303/4021174/,listing adds nothing beyond the current line
miyagi/tome,357,Japanese sweets (wagashi) shop.,https://tabelog.com/miyagi/A0403/A040303/4021168/,listing adds nothing beyond the current line
miyagi/tome,372,Inn (ryokan or minshuku).,https://tabelog.com/miyagi/A0403/A040303/4019227/,listing adds nothing beyond the current line
miyagi/tome,400,Inn (ryokan or minshuku).,https://tabelog.com/miyagi/A0403/A040303/4028808/,listing adds nothing beyond the current line
miyagi/tome,402,Inn (ryokan or minshuku).,https://tabelog.com/miyagi/A0403/A040303/4019228/,listing adds nothing beyond the current line
miyagi/tome,408,Inn (ryokan or minshuku).,https://tabelog.com/miyagi/A0403/A040303/4019226/,listing adds nothing beyond the current line
miyagi/tome,416,Japanese restaurant.,https://tabelog.com/miyagi/A0403/A040303/4008401/,listing adds nothing beyond the current line
miyagi/tome,500,Chinese restaurant.,https://www.tripadvisor.com/Restaurant_Review-g1023414-d14741915-Reviews-Senko_Saibo-Tome_Miyagi_Prefecture_Tohoku.html,listing adds nothing beyond the current line
miyagi/tomiya,145,Convenience store or supermarket.,https://tabelog.com/miyagi/A0401/A040104/4022678/,listing adds nothing beyond the current line
miyagi/tomiya,164,Convenience store or supermarket.,https://tabelog.com/miyagi/A0403/A040304/4023076/,listing adds nothing beyond the current line
miyagi/tomiya,168,Convenience store or supermarket.,https://tabelog.com/miyagi/A0403/A040304/4023382/,listing adds nothing beyond the current line
miyagi/tomiya,169,Convenience store or supermarket.,https://tabelog.com/miyagi/A0403/A040304/4022659/,listing adds nothing beyond the current line
miyagi/tomiya,239,Japanese restaurant.,https://www.tripadvisor.com/Restaurant_Review-g1120948-d10011818-Reviews-Okuno_Sushi-Tomiya_Miyagi_Prefecture_Tohoku.html,listing adds nothing beyond the current line
miyagi/zao,83,Inn (ryokan or minshuku).,https://tabelog.com/miyagi/A0402/A040201/4012738/,listing adds nothing beyond the current line
miyagi/zao,103,Inn (ryokan or minshuku).,https://tabelog.com/miyagi/A0402/A040201/4013302/,listing adds nothing beyond the current line
miyagi/zao,108,Convenience store or supermarket.,https://tabelog.com/miyagi/A0402/A040201/4015364/,listing adds nothing beyond the current line
miyagi/zao,132,Japanese restaurant.,https://tabelog.com/miyagi/A0402/A040201/4017862/,listing adds nothing beyond the current line
miyagi/zao,143,Inn (ryokan or minshuku).,https://tabelog.com/miyagi/A0402/A040201/4012740/,listing adds nothing beyond the current line
miyagi/zao,144,Inn (ryokan or minshuku).,https://tabelog.com/miyagi/A0402/A040201/4013342/,listing adds nothing beyond the current line
oita/bungotakada,85,Japanese restaurant.,https://tabelog.com/oita/A4403/A440301/44004073/,listing adds nothing beyond the current line
oita/bungotakada,200,Japanese restaurant.,https://www.tripadvisor.com/Restaurant_Review-g1023439-d14739483-Reviews-Fushigian-Bungotakada_Oita_Prefecture_Kyushu.html,listing adds nothing beyond the current line
oita/bungotakada,205,Japanese restaurant.,https://www.tripadvisor.com/Restaurant_Review-g1023439-d13059099-Reviews-Lunch_Vendor_Four_Seasons-Bungotakada_Oita_Prefecture_Kyushu.html,listing adds nothing beyond the current line
oita/bungotakada,207,Japanese restaurant.,https://www.tripadvisor.com/Restaurant_Review-g1023439-d7517135-Reviews-Urban_Forest_Yawaragi_Showa_No_Machi-Bungotakada_Oita_Prefecture_Kyushu.html,listing adds nothing beyond the current line
oita/hiji,155,Restaurant in Hiji-machi.,https://www.tripadvisor.com/Restaurant_Review-g1121559-d13059341-Reviews-Showado-Hiji_machi_Hayami_gun_Oita_Prefecture_Kyushu.html,listing adds nothing beyond the current line
oita/hiji,174,Restaurant in Hiji-machi.,https://www.tripadvisor.com/Restaurant_Review-g1121559-d10008091-Reviews-Okonomiyaki_Friend-Hiji_machi_Hayami_gun_Oita_Prefecture_Kyushu.html,listing adds nothing beyond the current line
oita/hiji,190,Restaurant in Hiji-machi.,https://www.tripadvisor.com/Restaurant_Review-g1121559-d13058662-Reviews-Butamannomisekozakihijiten-Hiji_machi_Hayami_gun_Oita_Prefecture_Kyushu.html,listing adds nothing beyond the current line
oita/hiji,194,Restaurant in Hiji-machi.,https://www.tripadvisor.com/Restaurant_Review-g1121559-d13058651-Reviews-Bread_House_Hiji-Hiji_machi_Hayami_gun_Oita_Prefecture_Kyushu.html,listing adds nothing beyond the current line
oita/hiji,195,Restaurant in Hiji-machi.,https://www.tripadvisor.com/Restaurant_Review-g1121559-d13261467-Reviews-Nagi-Hiji_machi_Hayami_gun_Oita_Prefecture_Kyushu.html,listing adds nothing beyond the current line
oita/hiji,196,Restaurant in Hiji-machi.,https://www.tripadvisor.com/Restaurant_Review-g1121559-d16888588-Reviews-Mashimizu_Cafe-Hiji_machi_Hayami_gun_Oita_Prefecture_Kyushu.html,listing adds nothing beyond the current line
oita/hiji,199,Restaurant in Hiji-machi.,https://www.tripadvisor.com/Restaurant_Review-g1121559-d14739453-Reviews-Seiryuken-Hiji_machi_Hayami_gun_Oita_Prefecture_Kyushu.html,listing adds nothing beyond the current line
oita/kokonoe,28,Inn (ryokan or minshuku).,https://tabelog.com/oita/A4404/A440404/44007006/,listing adds nothing beyond the current line
oita/kokonoe,30,Inn (ryokan or minshuku).,https://tabelog.com/oita/A4404/A440404/44007042/,listing adds nothing beyond the current line
yamaguchi/iwakuni,3,"Izakaya, 2-minute walk from Iwakuni Station; dinner ¥3,000–3,999.",https://tabelog.com/yamaguchi/A3506/A350601/35013768/,listing adds nothing beyond the current line
yamaguchi/iwakuni,6,"Izakaya, 2-minute walk from Iwakuni Station; dinner ¥3,000–3,999.",https://tabelog.com/yamaguchi/A3506/A350601/35008777/,listing adds nothing beyond the current line
yamaguchi/iwakuni,9,"Izakaya, 2-minute walk from Iwakuni Station; dinner ¥3,000–3,999.",https://tabelog.com/yamaguchi/A3506/A350601/35009558/,listing adds nothing beyond the current line
yamaguchi/kaminoseki,15,Inn (ryokan or minshuku).,https://tabelog.com/yamaguchi/A3506/A350602/35009675/,listing adds nothing beyond the current line
yamaguchi/kaminoseki,17,Inn (ryokan or minshuku).,https://tabelog.com/yamaguchi/A3506/A350602/35009681/,listing adds nothing beyond the current line
yamaguchi/kaminoseki,21,Inn (ryokan or minshuku).,https://tabelog.com/yamaguchi/A3506/A350602/35009680/,listing adds nothing beyond the current line
yamaguchi/kudamatsu,249,Restaurant at 21-3 Chuocho.,https://www.tripadvisor.com/Restaurant_Review-g1023685-d16470886-Reviews-Genkotsu_Ramen_Yumetowm_Kudamatsu-Kudamatsu_Yamaguchi_Prefecture_Chugoku.html,listing adds nothing beyond the current line
yamaguchi/kudamatsu,255,Restaurant at 21-3 Chuocho.,https://www.tripadvisor.com/Restaurant_Review-g1023685-d16496612-Reviews-Agetate_Kinten_Yumetowm_Kudamatsu-Kudamatsu_Yamaguchi_Prefecture_Chugoku.html,listing adds nothing beyond the current line
yamaguchi/kudamatsu,262,Restaurant at 21-3 Chuocho.,https://www.tripadvisor.com/Restaurant_Review-g1023685-d14736488-Reviews-Karin-Kudamatsu_Yamaguchi_Prefecture_Chugoku.html,listing adds nothing beyond the current line
yamaguchi/kudamatsu,263,Restaurant at 21-3 Chuocho.,https://www.tripadvisor.com/Restaurant_Review-g1023685-d16485195-Reviews-Ringer_Hut_Yumetowm_Kudamatsu-Kudamatsu_Yamaguchi_Prefecture_Chugoku.html,listing adds nothing beyond the current line
yamaguchi/kudamatsu,274,Restaurant at 21-3 Chuocho.,https://www.tripadvisor.com/Restaurant_Review-g1023685-d13415694-Reviews-Gran_Pale_Shunan-Kudamatsu_Yamaguchi_Prefecture_Chugoku.html,listing adds nothing beyond the current line
yamaguchi/kudamatsu,335,Restaurant at 21-3 Chuocho.,https://www.tripadvisor.com/Restaurant_Review-g1023685-d16470865-Reviews-Okonomi_Ichibanchi_Yumetowm_Kudamatsu-Kudamatsu_Yamaguchi_Prefecture_Chugoku.html,listing adds nothing beyond the current line
yamaguchi/kudamatsu,336,Restaurant at 21-3 Chuocho.,https://www.tripadvisor.com/Restaurant_Review-g1023685-d16887358-Reviews-Francois_Hitorishizuka_Hoshi_Plaza_Kudamatsu-Kudamatsu_Yamaguchi_Prefecture_Chu.html,listing adds nothing beyond the current line
yamaguchi/kudamatsu,346,Restaurant at 21-3 Chuocho.,https://www.tripadvisor.com/Restaurant_Review-g1023685-d13425500-Reviews-Restaurant_Izumi_The_Mall_Shunan-Kudamatsu_Yamaguchi_Prefecture_Chugoku.html,listing adds nothing beyond the current line
yamaguchi/sanyoonoda,289,Japanese restaurant.,https://www.tripadvisor.com/Restaurant_Review-g1023692-d4902070-Reviews-Restaurant_Yakeno-Sanyo_Onoda_Yamaguchi_Prefecture_Chugoku.html,listing adds nothing beyond the current line
yamaguchi/sanyoonoda,319,Japanese restaurant.,https://www.tripadvisor.com/Restaurant_Review-g1023692-d13436156-Reviews-Dondon-Sanyo_Onoda_Yamaguchi_Prefecture_Chugoku.html,listing adds nothing beyond the current line
yamaguchi/sanyoonoda,330,Japanese restaurant.,https://www.tripadvisor.com/Restaurant_Review-g1023692-d9645703-Reviews-Fuji_Restaurant_Snack-Sanyo_Onoda_Yamaguchi_Prefecture_Chugoku.html,listing adds nothing beyond the current line
yamaguchi/sanyoonoda,335,Japanese restaurant.,https://www.tripadvisor.com/Restaurant_Review-g1023692-d13266126-Reviews-Miyanoryo-Sanyo_Onoda_Yamaguchi_Prefecture_Chugoku.html,listing adds nothing beyond the current line
yamaguchi/sanyoonoda,339,Japanese restaurant.,https://www.tripadvisor.com/Restaurant_Review-g1023692-d7508053-Reviews-Sato-Sanyo_Onoda_Yamaguchi_Prefecture_Chugoku.html,listing adds nothing beyond the current line
yamaguchi/sanyoonoda,348,Japanese restaurant.,https://www.tripadvisor.com/Restaurant_Review-g1023692-d4906822-Reviews-Tobuhino-Sanyo_Onoda_Yamaguchi_Prefecture_Chugoku.html,listing adds nothing beyond the current line
yamaguchi/suoooshima,35,"Cafe; lunch ¥1,000–1,999.",https://tabelog.com/yamaguchi/A3506/A350603/35008478/,listing adds nothing beyond the current line
yamaguchi/suoooshima,109,"Cafe; lunch ¥1,000–1,999.",https://tabelog.com/yamaguchi/A3506/A350603/35012869/,listing adds nothing beyond the current line
yamaguchi/suoooshima,115,Inn (ryokan or minshuku).,https://tabelog.com/yamaguchi/A3506/A350603/35013735/,listing adds nothing beyond the current line
yamaguchi/suoooshima,118,Convenience store or supermarket.,https://tabelog.com/yamaguchi/A3506/A350603/35013736/,listing adds nothing beyond the current line
yamaguchi/yanai,231,International restaurant.,https://www.tripadvisor.com/Restaurant_Review-g1023689-d20139475-Reviews-Timpani_Yumetown_Yanai-Yanai_Yamaguchi_Prefecture_Chugoku.html,listing adds nothing beyond the current line
