key,bytes,sha256
media/asakura-dining-40015378-p.webp,53162,ee8ed02f15232c94f801e9d0c80241148ff900288600c325d1c44fc80158c71f
media/asakura-dining-40030862-p.webp,12262,b4ae675137287454d751b401714a8964fd7efa436aadfbdf812e0925409d0ce8
media/asakura-dining-40040938-p.webp,15680,c2deb4a9019de9a7a391c5538976d43b4ec5ad26c9421b7e9d01f20ff7730519
media/asakura-dining-40064932-p.webp,6054,64dbf8e20b6573acdb21e074f6e75bfab17b8be40f6c1a367b1c5d04a632106a
media/asakura-dining-40065609-p.webp,36182,6d00d3a7d5926349792d265086f13ecd86989d9393df084b6077b23328183e1c
media/asakura-dining-40069027-p.webp,39164,090cb5c4c3169bdc584c8d878f56ffe0d1e8f7e6bf501bc73f92bbe151e86ef4
media/bungotakada-dining-44014611-p.webp,26516,d119e434657612ec44bd2c8656dc6fb8625cde93d2dbb9c68f374bcae69b749c
media/buzen-dining-40012624-p.webp,49706,21fbe0858772070975d9d378e1afeee18ed55d4f93641701a5a5a39c79c45436
media/chikugo-dining-40027939-p.webp,44470,7b34fa6196931f88728e74de31cc4fa1817fa14cbd76e6bd8b7af2b48868eb74
media/daisen-05212-dining-5011783-p.webp,22194,639d4379052c1704ccae1bca5803c8373e9efa2652c2450ebcd9e776a24fa64d
media/fukutsu-dining-40040685-p.webp,52178,6b8b373346deedeb046efceda5ebe415122f76734acc4bfb343d35c5e8e17e4c
media/fukutsu-dining-40057298-p.webp,23686,b26e0e62da4124028ee5154b59692a16f93c06b8796e1ac69e376581c803f90b
media/fukutsu-dining-40067472-p.webp,22462,d3452c0d2d48b148ee64e82816d3d048e7951d3dc48a1be86aeae3a404d3d950
media/fukutsu-dining-40073982-p.webp,22700,ae6eea32d5d2662c75f1ba5992c9ddcb970fe3051f96f3aa7a585b673d3991db
media/fukutsu-dining-40075207-p.webp,19468,d4793625e469a75b3fc30941dd7200a51e4f5e17251329b6fa3473853e0d1dc9
media/ishinomaki-dining-4003999-p.webp,26630,25a2ac81d74f25fafaba94f91de70d080b16d8b1c4d3e35d9043e6c0011a3ad7
media/ishinomaki-dining-4005231-p.webp,18864,3310cfc5b1623d331f1f4ae207b6b34b973f64c06be2e47bce0ba19c44dd9ff4
media/ishinomaki-dining-4005512-p.webp,17430,0eaf421b1ab47a1bd16a589d79be56169afffaf5a04501d832efe10b4c2b030b
media/ishinomaki-dining-4006359-p.webp,53698,b463dae1009e923ad4f7e15a5617a91450491d8115277450536ae6d93e5b6a5d
media/ishinomaki-dining-4006406-p.webp,33614,c7886e0cdbad5357aad571489c4048af0a6e173e0fb37ec4bfe28a09f2867e9b
media/ishinomaki-dining-4008235-p.webp,23800,d21a416a53b7fbcd5a1fc60e7be9160f6d5d323f64b80b98f78cc30564aa5279
media/ishinomaki-dining-4009950-p.webp,27100,415d7e3815e41272556bbfae47bb323ceadf5b4c2aadd09065c3265f8d8591e2
media/ishinomaki-dining-4019258-p.webp,35976,31eea25ae8c879f297247ea3d6bef031e197b8622456c75441c58e00cf32642f
media/ishinomaki-dining-4027025-p.webp,18804,86cf0d91d6b5d9b1af44c2419fbb2a107351c3e6f0842c6888beea1db9ddf472
media/ishinomaki-dining-4028055-p.webp,19624,50676ddb6ea6f24752da0e716fe3fc27a935ec6bb7dbadb618dcd7af3358b47f
media/ishinomaki-dining-4029739-p.webp,20446,eb5610a968fffe5c9f8e513c9b2abc6fe66f1e41ab0011a332a7e79d9a4ba4cc
media/kasuya-dining-40040588-p.webp,17524,ef5a9737ced9207cadc4c7ac86b014638d9546713c3f0eda867c79da40b9a9d0
media/kasuya-dining-40050585-p.webp,24818,471770f80d4bed66412a2e93cdc3aea781f57a235ca308e2412a959f5256e716
media/kasuya-dining-40057564-p.webp,41402,65ada49da052659706228cf470e9dc2c972e9ed115aaa8458750e620a2159167
media/kesennuma-dining-4010505-p.webp,32986,afc20dd6b62b54f3192df0246b1473b2db3cb97c5f32da9582e43150d4cb2da1
media/kesennuma-dining-4024716-p.webp,31398,4c83af577d4a51cf2e861fce5576ea361c169c438f5c56b57f34a5c399405e74
media/kesennuma-dining-4025284-p.webp,29150,ccfca1be7141773bed7837acc38650fe408e88af9ecd6ee7e34aabf8627578f3
media/kesennuma-dining-4025548-p.webp,29176,b37cdf3f3483f6e87202c822e22afdc4a7a825b2577f493c54893af6b31e200c
media/kesennuma-dining-4027278-p.webp,19834,78835bc680b95fc592583623ead34be689ecef6d8cc54e0a3eeaa32ac9d24bc3
media/kesennuma-dining-4030019-p.webp,30978,a9f21c9457885ee03a611f5b28ad47aef96e7f71ca70ab93af44df17814372df
media/kesennuma-dining-4030458-p.webp,45516,36ad6ef804651b7faa5b32383e2c35f26193d7cdcecf3600654cdcf8b13f089d
media/kitaakita-dining-5008358-p.webp,15514,e9507c2e2e92ea7f9c55caf8eec9b0b69be5230723995892a14e6a4f47695284
media/kudamatsu-dining-35001921-p.webp,7948,1aa657ae3ad650775fd883b4c5b08c66ece9b57194487c6c90cf144e1d7b07fe
media/kudamatsu-dining-35007748-p.webp,31112,6eb40955d9394e32889a172dcd963a8146ef69ff07eab698e23aeb54cb9e11fd
media/kudamatsu-dining-35008965-p.webp,26756,f229ba0967f62e671916bef552963146f78d7a0f95e2997a8af47abdad49ff21
media/kudamatsu-dining-35010821-p.webp,5750,41c15dec9b0a64d0d7f8125a181d424136e02af5133908509f2b22ca08bdd336
media/kudamatsu-dining-35011724-p.webp,38226,c393d60a89276dc14e946bbf78024e548025f004ce56033358275d5a7d95d77b
media/kudamatsu-dining-35014170-p.webp,30530,9ac0a5fb12ae63bec7146dfa286f31f38b5f7a0dda844cfaa45a682bf1ca993e
media/kurihara-dining-4029994-p.webp,36938,bfd2cca9ce316b9ada1d5e6f2dd80fdb2aac5b0a3afeeac232427c8acf903886
media/mine-dining-35015010-p.webp,23660,2f661b752c72f8356ec3b763decf0c841f686209fb4a80603140f98271296f4c
media/natori-dining-4011186-p.webp,18698,d3431a37dc08072497b4c87a809be0ebf71e475c2b5aba6441726012d31458f2
media/natori-dining-4025022-p.webp,17622,950f881853e5d427ad3bb8a615ff9efa855ff5065dc636a354a00e143591e02d
media/noshiro-dining-5009810-p.webp,30122,026a8e7be16f602c564d03cfaf4324f6d4d6f10aa418f664652f486264fd0eb6
media/odate-dining-5007921-p.webp,18744,0f285ab8444192295f532bcc8309c58586b1d4fac539a46c86c3e0573d9be90e
media/odate-dining-5007996-p.webp,21906,7128e5d37117b57d6dc951077bfea43af296b66f7ebd83fdf2b2c8cd9fbcc6db
media/odate-dining-5010654-p.webp,24518,f42166b0001d544fa86fa08a44f3892139ad94323af0c11117fd31c7030dc27c
media/oga-dining-5010728-p.webp,10436,a42efeb3b348b70e17dcb27c5262689cee78ca157f144aa58f8c30efe5b6965b
media/okawashi-dining-40027938-p.webp,75998,e2b6b453011e6d4a2622fd940f6e0482023b996bdcc6ec22e0952e6acb27470d
media/okawashi-dining-40069918-p.webp,36984,bbab5c0cfe6f4d70ca6a1c0bf12d805c3bb74ada75fe45cf9374d16e62c8cd6e
media/onojo-dining-40061963-p.webp,26178,10d02b93684b132131b2e586818b1749071dc1e95a070fde59586c684a1077ea
media/onojo-dining-40074324-p.webp,26392,b605dae238f592f205960911002f6aab0e4e5065cf9bd8254a009c3b4d5bb354
media/osakishi-dining-4012702-p.webp,28158,0e15c358be1847f96fe729bcef487eb542c4894b5dc2a2820bd344934b8ba32a
media/rifu-dining-4023860-p.webp,30736,5a32dc118047cbf21f64d63f31cb0bf21eace8f35ace82e0b813a2f7978fd7f3
media/sanyoonoda-dining-35004559-p.webp,32850,574aab0af4fc838ccd810db7d81184f74bdcb22e8d0d2f94c25e7435b5f1d0d4
media/sanyoonoda-dining-35010057-p.webp,19602,4a239124998f9ce3d294b8e1eb31ec1370d8d278a7e974288e4749c22288124b
media/sanyoonoda-dining-35014814-p.webp,31174,1b50f86870df2c282b6f28c24926fc16bb857cd2d779bb2342b03ce2ef552cbe
media/semboku-dining-5010079-p.webp,15598,0f4bbfd801522dd6f157223820c1ad4c5c9e9be3e671af4b1f6f9ef705a6cc3d
media/shibatacho-dining-4008814-p.webp,54770,0905e576756916cc8543730d67d246dea58510177eb12728d3b863b61cb6ba19
media/shime-dining-40054852-p.webp,8428,19ea733aa95de8b5c746b761cca5269d173112d8c87ae1de9e9ca54609a284a9
media/shingucho-dining-40075208-p.webp,15580,fd0647602f967e0b3553b43385a997e0909cf7942db9027673649af158c01db8
media/shiogama-dining-4010611-p.webp,34822,46f497a155f7ef0aa1e458741cc052ff913f18b8efeec01e2024f8df3d22ccb3
media/shiogama-dining-4024315-p.webp,19470,97835f52092a8d4e102ef5b9aeb8850350fa3bbddbc90f825f5666571a154d6d
media/shiogama-dining-4026858-p.webp,22956,e1f2754d8eebaaa5df2535ad8d719190117d92d881a9b8c6c8b44be569b081ad
media/tagajo-dining-4012727-p.webp,31342,455adfaa8988c583336e191c64c15762a21a25ed409e09003d93923f860dc8d6
media/tome-dining-4024701-p.webp,34562,36129ff34e08c9e1d3512b9b66ff3421a36130b7d04a9c830e10ccae50a400b5
media/tome-dining-4024837-p.webp,37990,935f5204000fe94db3e49411f60315bac20d5eb7087668e27ca37698f7bc66df
media/tome-dining-4027496-p.webp,28380,41867e9349cba2d89aa3736d7f9c5021d9e0bc0c7248393f41c713a4a7ebcbf9
media/ukiha-dining-40061730-p.webp,13954,bd0b0c8fcd5b1102eec1d0725c417e69887eba8878afa7fa9f640cbda34b9484
media/ukiha-dining-40068155-p.webp,41408,0762bc7d05067cb9b5f84d2d1351a7b4eb0574166995d3b7d06a1931a6fd11b4
media/yanai-dining-35006818-p.webp,14114,dce5f980df297c7c2d33dc344821ed0799e17683160568f6aeeacf2e9e255707
media/yanai-dining-35007616-p.webp,25694,ab1bfb3ae5fc67a41e93659ac20f6f683ec9f2b00d5f4114110ee5084d749a99
media/yanai-dining-35008586-p.webp,19560,d3c7280d462bd7aafe42e2c5e5fbce1dce0866a6a20b56385fb1e4c4af7dd9f2
media/yanai-dining-35014704-p.webp,21254,b1c72e40a0d743b1043d291dfe3910ac45f1e7c904ca89d951d3773f734ec0c8
media/yokote-dining-5008564-p.webp,29990,db374b7d58e6fd42fd0c2be7e7837495c7f8ea0aabd12c2a0984ab0962b98504
media/yokote-dining-5008605-p.webp,30726,b86f4b5f16b0841f91866af4c5216e45b7eb48783358b7f4b0f6122a8e4672c8
media/yokote-dining-5008897-p.webp,18240,32964d0cb9b1ecb3a5ad64480f56024d036017392d790ecd82cdecedd00767fd
media/yokote-dining-5010074-p.webp,36012,fc392e693191d2f904a532b06806c8ae7d238d9de02ef8a2e2164835b04615a3
media/yokote-dining-5010098-p.webp,16960,aedaf0d096f4827b4f76817e3f94a4fe334fde762b93df3602aebf7d14c2c362
media/yurihonjo-dining-5007655-p.webp,29118,fadf4293f87885d909c6ecf3dbc7d2f9a9b42b326d88b244bdf72be4b108e9b5
media/yurihonjo-dining-5007931-p.webp,33404,681d1d85dc4c8e2c0306cdfca36da95f496d6ee0dcf5fab5a1fdfa6e4e48f035
media/yuzawashi-dining-5010972-p.webp,13560,898446147715b947723bdaaf2f4f0023e16366e929a884465ad470818513dc9e
media/zao-dining-4026206-p.webp,31996,e6267daf5d4df7b019979e835f02c73c180aec5c55b0cd2e92541cc5b9b7a0f9
