page,rank,name,genre,ta,category,basis,primary
oita/beppu,1,Grill Takka,ダイニングバー、ステーキ、ハンバーガー,,izakaya,tb,True
oita/beppu,2,別府ブルワリー,ビアホール、ビアバー,,izakaya,tb,False
oita/beppu,3,別府タワースペースデッキ BBQ&Sauna,ビアガーデン、かき、鍋,,japanese,tb,False
oita/beppu,4,や台ずし 別府駅前町,居酒屋、寿司、海鮮,,izakaya,tb,True
oita/beppu,5,焼き肉 凡,焼肉、居酒屋、韓国料理,,meat,tb,True
oita/beppu,6,円円,焼肉、鍋、居酒屋,,meat,tb,True
oita/beppu,7,さかなや道場 別府東口店,居酒屋、海鮮、寿司,,izakaya,tb,True
oita/beppu,8,チョロ松,居酒屋、鳥料理、郷土料理,,izakaya,tb,True
oita/beppu,9,焼肉元相 本店,焼肉、韓国料理、冷麺,,meat,tb,True
oita/beppu,10,焼肉いちはし,焼肉、ホルモン、居酒屋,,meat,tb,True
oita/beppu,11,串カツ田中 大分別府店,串揚げ、居酒屋、うどん,,japanese,tb,True
oita/beppu,12,うた乃 総本店,ちゃんぽん,,noodles,tb,True
oita/beppu,13,豊後牛ステーキの店 そむり 別府本店,ステーキ、鉄板焼き、ハンバーグ,,meat,tb,True
oita/beppu,14,焼とり 凡 母家,居酒屋、焼き鳥、海鮮,,izakaya,tb,True
oita/beppu,15,Beppu Bold Kitchen,ビュッフェ、居酒屋、郷土料理,,casual,tb,True
oita/beppu,16,別府焼肉 きんぼし,焼肉,,meat,tb,True
oita/beppu,17,季節の色　shuhari,日本料理,,japanese,tb,True
oita/beppu,18,ダイニングキッチン Puerta del Sol,ダイニングバー、ペルー料理、スープ,,izakaya,tb,True
oita/beppu,19,居酒屋とり串,焼き鳥、居酒屋、食堂,,meat,tb,True
oita/beppu,20,オロチと柊 べっぷ駅市場店,居酒屋、郷土料理、海鮮,,izakaya,tb,True
oita/beppu,21,地鶏屋 羽音,鳥料理,,other,none,False
oita/beppu,22,別府温泉　ホテル三泉閣,ホテル、海鮮,,seafood,tb,False
oita/beppu,23,テラス御堂原,ホテル,,other,none,False
oita/beppu,24,TABOS,タコス、スペイン料理、バー,,european,tb,False
oita/beppu,25,風乃樹,焼肉,,meat,tb,True
oita/beppu,26,ジンギスカン滝川 別府店,ジンギスカン、居酒屋,,meat,tb,True
oita/beppu,27,タコナーゴ,メキシコ料理、タコス,,other,none,False
oita/beppu,28,三五ホルモン 鉄輪通店,焼肉,,meat,tb,True
oita/beppu,29,鳥 なかお,居酒屋,,izakaya,tb,True
oita/beppu,30,目利きの銀次 別府東口駅前店,居酒屋、海鮮、創作料理,,izakaya,tb,True
oita/beppu,31,居酒屋ちっち,居酒屋,,izakaya,tb,True
oita/beppu,32,アトリエ,フレンチ、イノベーティブ、ホテル,,european,tb,True
oita/beppu,33,酒菜 りょう吉,居酒屋,,izakaya,tb,True
oita/beppu,34,ザ・バー,バー,,izakaya,tb,True
oita/beppu,35,たつのや,日本料理、寿司,,japanese,tb,True
oita/beppu,36,大韓民食ボッコチュクチェ,韓国料理、焼肉,,chinese,tb,True
oita/beppu,37,四季亭　はな村,日本料理,,japanese,tb,True
oita/beppu,38,大分kitchen HAL,ダイニングバー,,izakaya,tb,True
oita/beppu,39,エレメンツ,レストラン,,other,none,False
oita/beppu,40,イタリア酒場grappa,イタリアン、ワインバー、ダイニングバー,,european,tb,True
oita/beppu,41,豊後前 霧翠,日本料理、寿司,,japanese,tb,True
oita/beppu,42,御料理 はた野,日本料理,,japanese,tb,True
oita/beppu,43,別府炭焼亭ちはら,焼肉、しゃぶしゃぶ、冷麺,,meat,tb,True
oita/beppu,44,日本料理 別府 廣門,日本料理、郷土料理,,japanese,tb,True
oita/beppu,45,百膳の夢本家,洋食、創作料理、フレンチ,,european,tb,True
oita/beppu,46,大分うなぎ まるしん,うなぎ,,seafood,tb,True
oita/beppu,47,グリルみつば,鉄板焼き、ステーキ、中華料理,,meat,tb,True
oita/beppu,48,大阿蘇,馬肉料理、居酒屋,,meat,tb,True
oita/beppu,49,並木街珈琲 大分別府店,カフェ,,cafe,tb,True
oita/beppu,50,串乃屋,焼き鳥、居酒屋、鳥料理,,meat,tb,True
oita/beppu,51,みなみ丸 合歓,海鮮,,seafood,tb,True
oita/beppu,52,ダイニングカフェありす,カフェ,,cafe,tb,True
oita/beppu,53,油屋熊八亭,居酒屋、日本料理、海鮮,,izakaya,tb,True
oita/beppu,54,ザ・ラウンジ,カフェ、スイーツ、ケーキ,,cafe,tb,True
oita/beppu,55,和食処若潮,日本料理,,japanese,tb,True
oita/beppu,56,Beer&Pickles Satsuma,ビアバー,,izakaya,tb,True
oita/beppu,57,ザ ピーク,ステーキ、イタリアン、カフェ,,meat,tb,True
oita/beppu,58,旬菜和味(おにやまホテル),ビュッフェ,,casual,tb,True
oita/beppu,59,不老軒 上人店,和菓子,,sweets,tb,True
oita/beppu,60,ホテルシーウェーブ,その他,,other,none,False
oita/beppu,61,Toyotsune Honten,,Japanese;Seafood;Asian,seafood,ta,True
oita/beppu,62,Kamesho Kurukuru Sushi,,Japanese;Seafood;Sushi;Asian,seafood,ta,True
oita/beppu,63,Hajime Zushi,,Japanese;Seafood;Sushi;Asian,seafood,ta,True
oita/beppu,64,Okamotoya Baiten,,Japanese;Fast Food;Healthy;Kyushu cuisine;Japanese Fusion,casual,ta,True
oita/beppu,65,Teppanyaki sacoo,,Japanese;Steakhouse;European;Grill;Wine Bar,meat,ta,True
oita/beppu,66,Amamichaya,,Japanese;Cafe;Japanese - Other ,cafe,ta,True
oita/beppu,67,Beer Pub Robata Jin,,Japanese;Seafood;Asian;Japanese - Other ,seafood,ta,True
oita/beppu,68,Eitaro,,Japanese;Seafood,seafood,ta,True
oita/beppu,69,Minamimaru Nemu,,Seafood,seafood,ta,True
oita/beppu,70,Shinzushi,,Japanese;Seafood;Sushi;Japanese - Other ,seafood,ta,True
oita/beppu,71,Hasshin Zushi,,Japanese;Seafood;Sushi,seafood,ta,True
oita/beppu,72,Japanese Restaurant Hanamizuki,,Japanese,japanese,ta,True
oita/bungoono,1,二代目大八商店のぶ 焼肉研究所,焼肉、すき焼き、ハンバーグ,,meat,tb,True
oita/bungoono,2,コウタロー,弁当,,casual,tb,True
oita/bungoono,3,喜久,レストラン,,other,none,False
oita/bungoono,4,パン工房　花花,パン,,sweets,tb,True
oita/bungoono,5,マクドナルド 豊後大野店,ハンバーガー,,casual,tb,True
oita/bungoono,6,田舎八,豆腐料理、麺類,,japanese,tb,True
oita/bungoono,7,茶寮 やませみ,日本料理、甘味処,,japanese,tb,True
oita/bungoono,8,炭火焼肉 雅,焼肉,,meat,tb,True
oita/bungoono,9,お菓子工房　紺や,ケーキ,,sweets,tb,True
oita/bungoono,10,串厨房 サクラ,焼き鳥、居酒屋,,meat,tb,True
oita/bungoono,11,ジョニーのからあげ 大分総本店,からあげ,,meat,tb,True
oita/bungoono,12,kitchen 福来ろう,食堂、弁当,,casual,tb,True
oita/bungoono,13,道の駅 おおの ソフトクリーム販売所,ソフトクリーム,,sweets,tb,True
oita/bungoono,14,花御本,食堂,,casual,tb,True
oita/bungoono,15,やきとり宗麟,焼き鳥,,meat,tb,True
oita/bungoono,16,道の駅みえ,その他,,other,none,False
oita/bungoono,17,カフェ ペーパー ムーン,カフェ、ピザ、パスタ,,cafe,tb,True
oita/bungoono,18,黒和山,焼肉,,meat,tb,True
oita/bungoono,19,まちのパン屋さん,パン、サンドイッチ,,sweets,tb,True
oita/bungoono,20,吉良酒造 合資会社,その他,,other,none,False
oita/bungoono,21,栄寿司,寿司,,seafood,tb,True
oita/bungoono,22,三重カントリークラブ,レストラン,,other,none,False
oita/bungoono,23,一六本家,和菓子,,sweets,tb,True
oita/bungoono,24,金田ふれあい市場道の駅,和菓子、たい焼き・大判焼き,,sweets,tb,True
oita/bungoono,25,江川,郷土料理、カフェ,,japanese,tb,True
oita/bungoono,26,麺屋こころ 大分 道の駅みえ店,台湾まぜそば,,noodles,desc,False
oita/bungoono,27,アラマンダ,カレー,,curry,tb,True
oita/bungoono,28,神楽亭,焼肉,,meat,tb,True
oita/bungoono,29,あさじせんか,食堂,,casual,tb,True
oita/bungoono,30,中華料理 香蘭,中華料理、担々麺,,chinese,tb,True
oita/bungoono,31,ジェラート屋 ミルクファームフルショウ,ジェラート・アイスクリーム、甘味処,,sweets,tb,True
oita/bungoono,32,おかしのはだ,ケーキ,,sweets,tb,True
oita/bungoono,33,仲町製菓,和菓子,,sweets,tb,True
oita/bungoono,34,つしまや新,弁当、からあげ,,casual,tb,True
oita/bungoono,35,ふじ食堂,食堂,,casual,tb,True
oita/bungoono,36,四季彩料理　伊勢家,日本料理,,japanese,tb,True
oita/bungoono,37,滝むら,ラーメン,,noodles,tb,True
oita/bungoono,38,道の駅あさじ,その他,,other,none,False
oita/bungoono,39,レストラン大地,食堂,,casual,tb,True
oita/bungoono,40,大五郎食堂,食堂,,casual,tb,True
oita/bungoono,41,Pizza Buono,ピザ、イタリアン,,european,tb,True
oita/bungoono,42,道の駅きよかわ,道の駅,,other,none,False
oita/bungoono,43,白頭山,焼肉,,meat,tb,True
oita/bungoono,44,彩華,食堂,,casual,tb,True
oita/bungoono,45,ジョイフル 三重町店,ファミレス,,casual,tb,True
oita/bungoono,46,みくにの里,その他,,other,none,False
oita/bungoono,47,丸一製菓,和菓子,,sweets,tb,True
oita/bungoono,48,ほっともっと 三重バイパス店,弁当,,casual,tb,True
oita/bungoono,49,ひらお食堂,食堂,,casual,tb,True
oita/bungoono,50,おたすけキッチン キナッセ,惣菜・デリ、弁当,,casual,tb,True
oita/bungoono,51,石川食堂,食堂,,casual,tb,True
oita/bungoono,52,けん坊,寿司,,seafood,tb,True
oita/bungoono,53,だるま製麺所,うどん,,noodles,tb,True
oita/bungoono,54,モロゾフ トキハインダストリーアクロプラザ三重店,洋菓子,,sweets,tb,True
oita/bungoono,55,若竹,日本料理,,japanese,tb,True
oita/bungoono,56,からあげ家 ま～ちゃん,からあげ,,meat,tb,True
oita/bungoono,57,洋菓子工房 アンティーク,洋菓子、ケーキ、かき氷,,sweets,tb,True
oita/bungoono,58,うちの餃子,餃子,,chinese,tb,True
oita/bungoono,59,九州らうめん,ラーメン,,noodles,tb,True
oita/bungoono,60,Restaurant Shirataki,,Japanese,japanese,ta,True
oita/bungoono,61,Daigoro Shokudo,,Japanese;International;Japanese - Other ,japanese,ta,True
oita/bungoono,62,Okashinohada,,,other,none,False
oita/bungoono,63,Gelatoya Milk Farm Furusho,,,sweets,desc,False
oita/bungoono,64,Forest Cafe Yururi,,Cafe,cafe,ta,True
oita/bungoono,65,Michi No Eki Ono Restaurant Taichi,,Japanese - Other ,japanese,ta,True
oita/bungoono,66,Ramen Hayabusa,,,other,none,False
oita/bungoono,67,Soba Dining Wasabi,,Japanese;Japanese - Other ,japanese,ta,True
oita/bungoono,68,Roppaku,,,other,none,False
oita/bungoono,69,Restaurant Fukujuso,,,other,none,False
oita/bungoono,70,Daruma Seimenjo,,,other,none,False
oita/bungoono,71,Kitchen Usuda,,,other,none,False
oita/bungoono,72,Karaage No Hanabusa,,,other,none,False
oita/bungoono,73,Restaurant Suehiro,,International;Fusion,other,none,False
oita/bungoono,74,Inakaya,,,other,none,False
oita/bungoono,75,Onogawa,,Japanese,japanese,ta,True
oita/bungoono,76,Hakutozan,,Japanese,japanese,ta,True
oita/bungoono,77,Kogoro,,Japanese;Japanese - Other ,japanese,ta,True
oita/bungoono,78,Creative Sushi Yoshihisa,,Japanese;Seafood;Sushi;Japanese - Other ,seafood,ta,True
oita/bungoono,79,Sato No Eki Yasuragi Kosaten,,Japanese;International;Japanese - Other ,japanese,ta,True
oita/bungoono,80,Fried Chicken Kiyokawa,,,other,none,False
oita/bungoono,81,Tanto,,Japanese;Izakaya (Japanese Style Tavern),izakaya,ta,True
oita/bungoono,82,Wakatake,,Japanese;Japanese - Other ,japanese,ta,True
oita/bungoono,83,Kyushu Ramen,,,other,none,False
oita/bungoono,84,Nikkantei,,Asian;Korean,chinese,ta,True
oita/bungoono,85,Suzuran,,Japanese,japanese,ta,True
oita/bungoono,86,Sasaya,,Japanese;Sushi,seafood,ta,True
oita/bungoono,87,Vege Cafe Ms,,Cafe,cafe,ta,True
oita/bungoono,88,モスバーガー 大分三重店,,American;Fast Food,european,ta,True
oita/bungoono,89,Kiku,,Japanese;Japanese - Traditional Cuisine;Kaiseki,japanese,ta,True
oita/bungotakada,1,チャイハナ海花,インド料理、インドカレー,,curry,tb,True
oita/bungotakada,2,十割蕎麦　ゑつ,そば,,noodles,tb,True
oita/bungotakada,3,そば処 響,そば,,noodles,tb,True
oita/bungotakada,4,榧の木,郷土料理、食堂、日本料理,,japanese,tb,True
oita/bungotakada,5,SOBA CAFEゆうひ,そば、カフェ,,noodles,tb,True
oita/bungotakada,6,胴搗自家製粉 手打蕎麦 地慈,そば,,noodles,tb,True
oita/bungotakada,7,カフェ＆バー ブルヴァール,カフェ、バー、レストラン,,cafe,tb,True
oita/bungotakada,8,ブラジル珈琲舎,カフェ,,cafe,tb,True
oita/bungotakada,9,大寅屋食堂,食堂、ちゃんぽん、かつ丼,,casual,tb,True
oita/bungotakada,10,アルフォンソ 昭和の町店,パン、スイーツ,,sweets,tb,True
oita/bungotakada,11,美のり,寿司、海鮮,,seafood,tb,True
oita/bungotakada,12,翔,そば、天丼,,noodles,tb,True
oita/bungotakada,13,中華そば 山猫,ラーメン、つけ麺,,noodles,tb,True
oita/bungotakada,14,こっとん村,そば,,noodles,tb,True
oita/bungotakada,15,そば 六郷,そば,,noodles,tb,True
oita/bungotakada,16,みちくさ,食堂,,casual,tb,True
oita/bungotakada,17,うなぎ処 志おや 豊後高田支店,うなぎ,,seafood,tb,True
oita/bungotakada,18,ホテルAZ 大分豊後高田店,ホテル,,other,none,False
oita/bungotakada,19,小倉一色亭,ラーメン,,noodles,tb,True
oita/bungotakada,20,菓子禅高田屋,和菓子,,sweets,tb,True
oita/bungotakada,21,肉のかなおか,その他,,other,none,False
oita/bungotakada,22,杵や,和菓子,,sweets,tb,True
oita/bungotakada,23,森川豊国堂,和菓子、甘味処,,sweets,tb,True
oita/bungotakada,24,国産小麦と天然酵母のパン工房ヒビノ,パン、カフェ,,sweets,tb,True
oita/bungotakada,25,からあげ壱気,からあげ,,meat,tb,True
oita/bungotakada,26,瓦藍洞,喫茶店、揚げ物,,cafe,tb,True
oita/bungotakada,27,山田屋,海鮮,,seafood,tb,True
oita/bungotakada,28,スパイスカレー 善,カレー,,curry,tb,True
oita/bungotakada,29,スーパーかがち,コンビニ・スーパー,,daily,tb,True
oita/bungotakada,30,スーパーバリュー またま,コンビニ・スーパー,,daily,tb,True
oita/bungotakada,31,旬彩 南蔵,日本料理,,japanese,tb,True
oita/bungotakada,32,久留米ラーメン 青龍軒,ラーメン,,noodles,tb,True
oita/bungotakada,33,モンブラン,和菓子,,sweets,tb,True
oita/bungotakada,34,はんどめいど,そば,,noodles,tb,True
oita/bungotakada,35,CAFEちいばす,カフェ,,cafe,tb,True
oita/bungotakada,36,サンウェスタン,海鮮,,seafood,tb,True
oita/bungotakada,37,四季菜,郷土料理,,japanese,tb,True
oita/bungotakada,38,大王府,台湾料理,,chinese,tb,True
oita/bungotakada,39,肉処 和,焼肉,,meat,tb,True
oita/bungotakada,40,AMARI,ジェラート・アイスクリーム,,sweets,tb,True
oita/bungotakada,41,Pizzeria NOVE,ピザ,,european,tb,True
oita/bungotakada,42,昇龍,中華料理,,chinese,tb,True
oita/bungotakada,43,喜久庵,そば,,noodles,tb,True
oita/bungotakada,44,カフェ かしゅ・かしゅ,カフェ、カレー,,cafe,tb,True
oita/bungotakada,45,Awasima CAFE,カフェ,,cafe,tb,True
oita/bungotakada,46,Okiraku Dining 呑もうっちゃ,居酒屋,,izakaya,tb,True
oita/bungotakada,47,fiore,ピザ、カフェ,,european,tb,True
oita/bungotakada,48,ラーメンなにわっこ,ラーメン,,noodles,tb,True
oita/bungotakada,49,麺屋さいこう,ラーメン,,noodles,tb,True
oita/bungotakada,50,レストラン カメリア,食堂,,casual,tb,True
oita/bungotakada,51,食事処 まんぞく,海鮮,,seafood,tb,True
oita/bungotakada,52,城下町,お好み焼き,,casual,tb,True
oita/bungotakada,53,天ぷら志乃,レストラン,,other,none,False
oita/bungotakada,54,ビストロげってん,ビストロ,,european,tb,True
oita/bungotakada,55,割烹のがみ,居酒屋、創作料理、馬肉料理,,izakaya,tb,True
oita/bungotakada,56,ロングヒル,カフェ、レストラン,,cafe,tb,True
oita/bungotakada,57,カフェ&バー フタゴ,カフェ、バー,,cafe,tb,True
oita/bungotakada,58,味処　豊後,海鮮,,seafood,tb,True
oita/bungotakada,59,Cibo vegetariano Fuyou,日本料理、カレー,,japanese,tb,True
oita/bungotakada,60,tree,ケーキ,,sweets,tb,True
oita/bungotakada,61,洋食屋チリン,洋食,,european,tb,True
oita/bungotakada,62,ふじやからあげ 真玉店,肉料理,,meat,tb,True
oita/bungotakada,63,たこ一,たこ焼き、お好み焼き、居酒屋,,casual,tb,True
oita/bungotakada,64,CAFEキブン,カフェ、カレー,,cafe,tb,True
oita/bungotakada,65,居酒屋　五色矢,居酒屋,,izakaya,tb,True
oita/bungotakada,66,アジアンキッチン didi,アジア・エスニック、インドカレー、創作料理,,chinese,tb,True
oita/bungotakada,67,ちょいとそこまで,焼き鳥,,meat,tb,True
oita/bungotakada,68,中之島旅館,肉料理、料理旅館,,meat,tb,True
oita/bungotakada,69,割烹楓,日本料理,,japanese,tb,True
oita/bungotakada,70,駅前商店 和,お好み焼き、たこ焼き,,casual,tb,True
oita/bungotakada,71,甘味末広屋,甘味処,,sweets,tb,True
oita/bungotakada,72,農家レストラン 蔵人,日本料理、食堂,,japanese,tb,True
oita/bungotakada,73,長崎鼻ビーチリゾート,バーベキュー、ビアガーデン,,other,none,False
oita/bungotakada,74,お食事処　ふきの里,郷土料理,,japanese,tb,True
oita/bungotakada,75,串揚げ専門店 彩庵,串揚げ,,japanese,tb,True
oita/bungotakada,76,ひじり,ろばた焼き,,other,none,False
oita/bungotakada,77,ムーンサン,ジューススタンド、スイーツ、かき氷,,cafe,tb,True
oita/bungotakada,78,咲くら,日本料理、食堂,,japanese,tb,True
oita/bungotakada,79,出会いの里,その他,,other,none,False
oita/bungotakada,80,ヨーロッパドーナツ,ドーナツ,,sweets,tb,True
oita/bungotakada,81,安田酒店,日本酒バー、焼酎バー、バー,,izakaya,tb,True
oita/bungotakada,82,蕗邨,日本料理,,japanese,tb,True
oita/bungotakada,83,中華料理 龍雲,中華料理,,chinese,tb,True
oita/bungotakada,84,鬼会の里,その他,,other,none,False
oita/bungotakada,85,ふるさと寿司,寿司,,seafood,tb,True
oita/bungotakada,86,cafe Fuyou,カフェ,,cafe,tb,True
oita/bungotakada,87,こけしの実,カフェ,,cafe,tb,True
oita/bungotakada,88,ランチ・せんべろ居酒屋 未夢来,居酒屋,,izakaya,tb,True
oita/bungotakada,89,焼肉の愛次郎,焼肉,,meat,tb,True
oita/bungotakada,90,うちだ屋 豊後高田店,そば、うどん,,noodles,tb,True
oita/bungotakada,91,お菓子の菊家 豊後高田店,和菓子、洋菓子,,sweets,tb,True
oita/bungotakada,92,豊島,食堂,,casual,tb,True
oita/bungotakada,93,劇団バル ナンバー50,カフェ、バル,,cafe,tb,True
oita/bungotakada,94,韓楽,韓国料理,,chinese,tb,True
oita/bungotakada,95,ほっともっと 豊後高田店,弁当,,casual,tb,True
oita/bungotakada,96,街かど,喫茶店,,cafe,tb,True
oita/bungotakada,97,寿し源,寿司,,seafood,tb,True
oita/bungotakada,98,焼肉一善,焼肉,,meat,tb,True
oita/bungotakada,99,あん庵,ピザ、パスタ,,european,tb,True
oita/bungotakada,100,工房 あめのちはれ,洋菓子,,sweets,tb,True
oita/bungotakada,101,平清水,海鮮,,seafood,tb,True
oita/bungotakada,102,レコヤキ グルーヴ,たい焼き・大判焼き,,sweets,tb,True
oita/bungotakada,103,幾久屋,うどん,,noodles,tb,True
oita/bungotakada,104,玉津まちの駅 夢むすび,喫茶店、弁当,,cafe,tb,True
oita/bungotakada,105,パステレリア 三毛猫堂,ケーキ,,sweets,tb,True
oita/bungotakada,106,海鮮居酒屋 ももだ,海鮮、居酒屋,,seafood,tb,True
oita/bungotakada,107,THE豊後高田酒場 ヒミツ基地,居酒屋,,izakaya,tb,True
oita/bungotakada,108,からあげ未紗,からあげ、弁当,,meat,tb,True
oita/bungotakada,109,お酒屋さんのお総菜コレコレ,惣菜・デリ,,casual,tb,True
oita/bungotakada,110,LAWSON 豊後高田新町店,コンビニ・スーパー,,daily,tb,True
oita/bungotakada,111,宝くじ茶屋,その他,,other,none,False
oita/bungotakada,112,みやまち酒場 恩昇,居酒屋、肉料理,,izakaya,tb,True
oita/bungotakada,113,沖縄料理 食べ飲み処 よし多家,居酒屋、沖縄料理,,izakaya,tb,True
oita/bungotakada,114,おかん,食堂,,casual,tb,True
oita/bungotakada,115,そば処いのちき,そば,,noodles,tb,True
oita/bungotakada,116,大きな樹,居酒屋,,izakaya,tb,True
oita/bungotakada,117,Peco,サンドイッチ、バー,,sweets,tb,True
oita/bungotakada,118,Le ciel,フレンチ,,european,tb,True
oita/bungotakada,119,お食事処さつき,レストラン,,other,none,False
oita/bungotakada,120,ハニースパイス カフェ,カレー,,curry,tb,True
oita/bungotakada,121,くにさき六郷温泉 花いろ温泉,その他,,other,none,False
oita/bungotakada,122,やきとり豊島,焼き鳥,,meat,tb,True
oita/bungotakada,123,夷谷温泉,その他,,other,none,False
oita/bungotakada,124,ずい,食堂,,casual,tb,True
oita/bungotakada,125,あげこう,からあげ,,meat,tb,True
oita/bungotakada,126,おひさま工房831,洋菓子、惣菜・デリ,,sweets,tb,True
oita/bungotakada,127,さとみ屋,弁当,,casual,tb,True
oita/bungotakada,128,アーバンフォレスト やわらぎ昭和の町店,レストラン,,other,none,False
oita/bungotakada,129,はいから庵,ふぐ、居酒屋,,seafood,tb,True
oita/bungotakada,130,BAR Naughty,バー,,izakaya,tb,True
oita/bungotakada,131,田舎んそば,そば,,noodles,tb,True
oita/bungotakada,132,明治屋,焼肉,,meat,tb,True
oita/bungotakada,133,リアル ポイント,カフェ、カレー、メキシコ料理,,cafe,tb,True
oita/bungotakada,134,粟嶋茶屋,そば,,noodles,tb,True
oita/bungotakada,135,アルフォンソ 本店,パン,,sweets,tb,True
oita/bungotakada,136,日名子鮮魚店,その他,,other,none,False
oita/bungotakada,137,ブレッドハウス 高田店,パン,,sweets,tb,True
oita/bungotakada,138,彩路,カフェ、バー,,cafe,tb,True
oita/bungotakada,139,味楽園,焼肉,,meat,tb,True
oita/bungotakada,140,Bull parfait home,スイーツ,,sweets,tb,True
oita/bungotakada,141,落花生いさご 宇栄喜号本舗,その他,,other,none,False
oita/bungotakada,142,食道園,焼肉,,meat,tb,True
oita/bungotakada,143,豊前名物ホルモン なじみや 豊後高田店,ホルモン、焼肉,,meat,tb,True
oita/bungotakada,144,HINATA cafe,カフェ,,cafe,tb,True
oita/bungotakada,145,うめおとまさこ,おにぎり,,casual,tb,True
oita/bungotakada,146,伊藤宝来堂,和菓子,,sweets,tb,True
oita/bungotakada,147,恵比寿,食堂,,casual,tb,True
oita/bungotakada,148,木もれ日゛,喫茶店、カレー,,cafe,tb,True
oita/bungotakada,149,バイキングレストラン志高 大分豊後高田店,ビュッフェ,,casual,tb,True
oita/bungotakada,150,百種,カフェ,,cafe,tb,True
oita/bungotakada,151,御菓子司　渕松月堂,和菓子,,sweets,tb,True
oita/bungotakada,152,寿し常,寿司,,seafood,tb,True
oita/bungotakada,153,カポラコーヒー,売店,,casual,tb,True
oita/bungotakada,154,軽食喫茶 みやまち,喫茶店,,cafe,tb,True
oita/bungotakada,155,宇栄喜号製菓本舗,和菓子,,sweets,tb,True
oita/bungotakada,156,焼き鳥 佐むら,焼き鳥、居酒屋,,meat,tb,True
oita/bungotakada,157,モロゾフ トキハインダストリーアイム高田店,洋菓子,,sweets,tb,True
oita/bungotakada,158,まるじゅう製菓,和菓子,,sweets,tb,True
oita/bungotakada,159,荘園ほたる,ピザ、カレー,,european,tb,True
oita/bungotakada,160,お持ち帰り専門店焼き鳥 弁当 とりや,焼き鳥、弁当,,meat,tb,True
oita/bungotakada,161,寿し勝,寿司,,seafood,tb,True
oita/bungotakada,162,紅葉館,日本料理,,japanese,tb,True
oita/bungotakada,163,Noka Restaurant Kurabito,,Japanese,japanese,ta,True
oita/bungotakada,164,Ryoan Fukinoto,,Japanese,japanese,ta,True
oita/bungotakada,165,Minori,,Japanese;Seafood;Sushi;Japanese - Other ,seafood,ta,True
oita/bungotakada,166,Cotton Mura,,Japanese;Japanese - Other ,japanese,ta,True
oita/bungotakada,167,Meet Kanaoka,,,other,none,False
oita/bungotakada,168,Syunsai Minamigura,,Japanese,japanese,ta,True
oita/bungotakada,169,Sobadokoro Hibiki,,,other,none,False
oita/bungotakada,170,Juwari Soba Etsu,,,other,none,False
oita/bungotakada,171,Jokamachi,,Japanese;Japanese - Other ,japanese,ta,True
oita/bungotakada,172,Otoraya Shokudo,,,other,none,False
oita/bungotakada,173,Unryu,,Chinese,chinese,ta,True
oita/bungotakada,174,Izakaya Chosan,,Japanese,japanese,ta,True
oita/bungotakada,175,Kokura Isshiki Tei,,,other,none,False
oita/bungotakada,176,Takada Soba Kakeru,,Japanese;Japanese - Other ,japanese,ta,True
oita/bungotakada,177,Mirakuen,,Barbecue,meat,ta,True
oita/bungotakada,178,Kikuhachi,,Japanese;Sushi,seafood,ta,True
oita/bungotakada,179,Umineko,,Italian,european,ta,True
oita/bungotakada,180,Cafe Cache Cache,,Cafe,cafe,ta,True
oita/bungotakada,181,Restaurant Camelia,,Japanese;Healthy,japanese,ta,True
oita/bungotakada,182,Ryoko Coffee Shop,,Cafe,cafe,ta,True
oita/bungotakada,183,Fuchishogetsudo,,,other,none,False
oita/bungotakada,184,Toyogo Takada Soba Dojo,,Japanese;Japanese - Other ,japanese,ta,True
oita/bungotakada,185,Sugiya,,Japanese,japanese,ta,True
oita/bungotakada,186,Ramen Yu,,,other,none,False
oita/bungotakada,187,Bistro Getten,,Japanese Fusion,japanese,desc,False
oita/bungotakada,188,Kagura,,Japanese;Japanese - Other ,japanese,ta,True
oita/bungotakada,189,Kaon,,Japanese,japanese,ta,True
oita/bungotakada,190,Sumibiyakiryori Korian,,Pizza,european,ta,True
oita/bungotakada,191,Soba Dokoro Inochiki,,Japanese;Asian,chinese,ta,True
oita/bungotakada,192,Teppan Yaki Rakuraku,,Japanese,japanese,ta,True
oita/bungotakada,193,Okonomiyaki Koko,,Japanese;Japanese - Other ,japanese,ta,True
oita/bungotakada,194,Shiki Kappo Himawari,,Japanese - Traditional Cuisine;Kappo,other,none,False
oita/bungotakada,195,Creative Japanese Komeya,,Japanese;Japanese Fusion,japanese,ta,True
oita/bungotakada,196,Mercato,,Italian,european,ta,True
oita/bungotakada,197,Fushigian,,Japanese,japanese,ta,True
oita/bungotakada,198,Fried Chicken Specialty Shop Genki y Bungotakada,,Japanese,japanese,ta,True
oita/bungotakada,199,Sushi Katsu,,Japanese;Seafood;Sushi;Japanese - Other ,seafood,ta,True
oita/bungotakada,200,Mendokoro Kagawa,,Japanese;Japanese - Other ,japanese,ta,True
oita/bungotakada,201,Sumibiyakitoriya,,Japanese;Seafood;Grill,seafood,ta,True
oita/bungotakada,202,Lunch Vendor Four Seasons,,Japanese,japanese,ta,True
oita/bungotakada,203,Kushikko Korin,,Japanese,japanese,ta,True
oita/bungotakada,204,Urban Forest Yawaragi Showa No Machi,,Japanese,japanese,ta,True
oita/bungotakada,205,Sushitsune,,Japanese;Seafood;Sushi;Japanese - Other ,seafood,ta,True
oita/bungotakada,206,Hatchando Mekoishi,,,other,none,False
oita/bungotakada,207,Tanakokoro,,Japanese;Izakaya (Japanese Style Tavern),izakaya,ta,True
oita/bungotakada,208,Horaidokashiten,,,other,none,False
oita/bungotakada,209,Kakajimaru,,Japanese;Izakaya (Japanese Style Tavern),izakaya,ta,True
oita/bungotakada,210,Manor Firefly,,,other,none,False
oita/bungotakada,211,Alma Mia,,,other,none,False
oita/bungotakada,212,Sanyaso,,,other,none,False
oita/bungotakada,213,Fukuimo,,,other,none,False
oita/bungotakada,214,Uekigohompo,,,other,none,False
oita/bungotakada,215,Kaie,,,other,none,False
oita/bungotakada,216,Kondoshogetsudo,,,other,none,False
oita/bungotakada,217,Tomoto Stone,,,other,none,False
oita/bungotakada,218,Groove Rekoyaki,,,other,none,False
oita/bungotakada,219,Cafe Restaurant Long Hill,,,other,none,False
oita/bungotakada,220,Light,,,other,none,False
oita/bungotakada,221,Asian Kitchen Diddy,,,other,none,False
oita/hiji,1,日出町的山荘,日本料理、海鮮,,japanese,tb,True
oita/hiji,2,とん吉,とんかつ、洋食,,meat,tb,True
oita/hiji,3,でんすけ食堂,食堂、カレー,,casual,tb,True
oita/hiji,4,幸喜屋,日本料理、寿司、海鮮,,japanese,tb,True
oita/hiji,5,マインズ,ハンバーグ、カレー、オムライス,,meat,tb,True
oita/hiji,6,能良玄家,日本料理、海鮮,,japanese,tb,True
oita/hiji,7,暘谷亭,ちゃんぽん、ラーメン、食堂,,noodles,tb,True
oita/hiji,8,ハーベストテーブル,洋食、パスタ、食堂,,european,tb,True
oita/hiji,9,すずらん食品館,洋菓子、弁当、惣菜・デリ,,sweets,tb,True
oita/hiji,10,裏リッチヒルズ,居酒屋,,izakaya,tb,True
oita/hiji,11,ホテルソラージュ,ホテル,,other,none,False
oita/hiji,12,グランヴィリオホテル 別府湾 和蔵,ホテル,,other,none,False
oita/hiji,13,デカ弁 日出店,弁当,,casual,tb,True
oita/hiji,14,とおせんぼ,食堂,,casual,tb,True
oita/hiji,15,ダイニング&カフェ ぽんぽこ,食堂、カフェ,,casual,tb,True
oita/hiji,16,万来,ラーメン、餃子,,noodles,tb,True
oita/hiji,17,大神ファーム レストラン,洋食、パン、カフェ,,european,tb,True
oita/hiji,18,パニエ,ケーキ,,sweets,tb,True
oita/hiji,19,地鶏の店 ひでさん 綜本店,鳥料理、鍋、居酒屋,,japanese,tb,False
oita/hiji,20,ソリスタ,洋食、創作料理、海鮮,,european,tb,True
oita/hiji,21,幸喜屋うどん,うどん、そば,,noodles,tb,True
oita/hiji,22,nicoドーナツ 日出店,カフェ、ドーナツ,,cafe,tb,True
oita/hiji,23,豊後ラーメン 二刀竜,ラーメン,,noodles,tb,True
oita/hiji,24,カメノス,カフェ、パン,,cafe,tb,True
oita/hiji,25,ラーメン ごくまる シーガーデンひじ店,ラーメン,,noodles,tb,True
oita/hiji,26,パン工房　ぶどうの樹,パン,,sweets,tb,True
oita/hiji,27,ラーメン五九〇 日出店,ラーメン,,noodles,tb,True
oita/hiji,28,ジョルノス,パン、ベーグル、惣菜・デリ,,sweets,tb,True
oita/hiji,29,味楽亭 日出店,中華料理,,chinese,tb,True
oita/hiji,30,MY MELODY & KUROMI Cafe Terrace,カフェ,,cafe,tb,True
oita/hiji,31,真清水Cafe,カフェ,,cafe,tb,True
oita/hiji,32,シーサイドダイニング 別府八景,ビュッフェ,,casual,tb,True
oita/hiji,33,ハッピーカフェ,ハンバーガー、カフェ、パン,,casual,tb,True
oita/hiji,34,炭仙人,肉料理、鳥料理、居酒屋,,meat,tb,True
oita/hiji,35,お好み焼き木馬,お好み焼き、もんじゃ焼き,,casual,tb,True
oita/hiji,36,インディゴ,洋食、オムライス、カフェ,,european,tb,True
oita/hiji,37,焼とり凡  日出店,焼き鳥、居酒屋,,meat,tb,True
oita/hiji,38,merry coffee,カフェ,,cafe,tb,True
oita/hiji,39,トキハインダストリー 日出町店,コンビニ・スーパー,,daily,tb,True
oita/hiji,40,サーカスキッチン,ハンバーガー、ドーナツ、パンケーキ,,casual,tb,True
oita/hiji,41,お好み喫茶 輪,お好み焼き、カフェ、喫茶店,,casual,tb,True
oita/hiji,42,ブレッドハウス 日出店,パン,,sweets,tb,True
oita/hiji,43,味楽苑,焼肉,,meat,tb,True
oita/hiji,44,寅寅寅,郷土料理,,japanese,tb,True
oita/hiji,45,モコモコ シーガーデン日出店,パン,,sweets,tb,True
oita/hiji,46,鈴木養鶏場,その他,,other,none,False
oita/hiji,47,マノア カフェ,カフェ、パンケーキ、ハワイ料理,,cafe,tb,True
oita/hiji,48,アリラン食堂,焼肉、冷麺,,meat,tb,True
oita/hiji,49,Lunch&Cafe SOSHIJI,カフェ、レストラン,,cafe,tb,True
oita/hiji,50,志高,ビュッフェ,,casual,tb,True
oita/hiji,51,丈ちゃん,居酒屋、焼き鳥、肉料理,,izakaya,tb,True
oita/hiji,52,大分トラピスト修道院製菓工場,チョコレート,,sweets,tb,True
oita/hiji,53,帯刀の庄,日本料理、海鮮,,japanese,tb,True
oita/hiji,54,やまが亭喜楽,焼肉,,meat,tb,True
oita/hiji,55,cafe de ALL,カフェ、喫茶店、甘味処,,cafe,tb,True
oita/hiji,56,大黒や,居酒屋、海鮮,,izakaya,tb,True
oita/hiji,57,テイクアウトピザ専門店 Pizza Glee 日出店,ピザ,,european,tb,True
oita/hiji,58,炭火焼鳥 銀次郎,焼き鳥、居酒屋,,meat,tb,True
oita/hiji,59,オルメカ,ダイニングバー、洋食、居酒屋,,izakaya,tb,True
oita/hiji,60,ギャラリーKAN,洋食、創作料理,,european,tb,True
oita/hiji,61,居酒屋やっさん,居酒屋、海鮮、ふぐ,,izakaya,tb,True
oita/hiji,62,ウエルカム イノウエ 旬の館ふれあい日出店,たこ焼き、たい焼き・大判焼き,,casual,tb,True
oita/hiji,63,輝麺 一八うどん,うどん、そば,,noodles,tb,True
oita/hiji,64,寿司めいじん 日出店,回転寿司,,seafood,tb,True
oita/hiji,65,うちだ屋 日出店,うどん、そば,,noodles,tb,True
oita/hiji,66,茶々丸,カレー、クレープ・ガレット,,curry,tb,True
oita/hiji,67,なにわ屋,焼肉,,meat,tb,True
oita/hiji,68,POMPOMPURIN DINER,カフェ,,cafe,tb,True
oita/hiji,69,セブンイレブン 日出インター店,コンビニ・スーパー,,daily,tb,True
oita/hiji,70,かま田け,からあげ,,meat,tb,True
oita/hiji,71,二の丸館,その他,,other,none,False
oita/hiji,72,ツワラの食卓,カフェ,,cafe,tb,True
oita/hiji,73,酒と和み あすのや,居酒屋,,izakaya,tb,True
oita/hiji,74,マクドナルド 日出店,ハンバーガー,,casual,tb,True
oita/hiji,75,ジョイフル 日出店,ファミレス,,casual,tb,True
oita/hiji,76,SUMOMO BAKERY 日出店,パン,,sweets,tb,True
oita/hiji,77,ZaZa,カフェ、ケーキ、カレー,,cafe,tb,True
oita/hiji,78,福ちゃん唐揚げ 日出店,からあげ,,meat,tb,True
oita/hiji,79,山豆苑,豆腐料理,,japanese,tb,True
oita/hiji,80,はんなりの香暮れ家 萌の華,食堂,,casual,tb,True
oita/hiji,81,焼肉の駅元山,焼肉,,meat,tb,True
oita/hiji,82,厨,弁当,,casual,tb,True
oita/hiji,83,赤松屋,食堂,,casual,tb,True
oita/hiji,84,tippu,カフェ,,cafe,tb,True
oita/hiji,85,朝市食事処,海鮮丼、海鮮,,seafood,tb,True
oita/hiji,86,魚商 福住也,その他,,other,none,False
oita/hiji,87,ベッセル,喫茶店,,cafe,tb,True
oita/hiji,88,農産物加工場直売所,弁当、惣菜・デリ、オーガニック,,casual,tb,True
oita/hiji,89,シーガーデンひじ,その他,,other,none,False
oita/hiji,90,ポッポおじさんの大分からあげ 日出店,からあげ、弁当,,meat,tb,True
oita/hiji,91,魚民 日出店,居酒屋、海鮮、創作料理,,izakaya,tb,True
oita/hiji,92,グリーンカウンター,丼、うどん、カレー,,casual,tb,True
oita/hiji,93,みっちゃんからあげ 日出駅前店,からあげ,,meat,tb,True
oita/hiji,94,ぼん,パン,,sweets,tb,True
oita/hiji,95,キャラフルマルシェ,売店,,casual,tb,True
oita/hiji,96,シャトレーゼ 大分日出店,ケーキ、洋菓子,,sweets,tb,True
oita/hiji,97,お菓子の菊家  日出駅前店,和菓子、洋菓子,,sweets,tb,True
oita/hiji,98,からあげ 笑味ちゃん,からあげ、弁当,,meat,tb,True
oita/hiji,99,竹のい食堂,うどん、食堂,,noodles,tb,True
oita/hiji,100,ほっともっと 大分日出店,弁当,,casual,tb,True
oita/hiji,101,阿部商店 焼肉センター,その他,,other,none,False
oita/hiji,102,サンリオnakayokuショップ,その他,,other,none,False
oita/hiji,103,味彩,弁当、惣菜・デリ、からあげ,,casual,tb,True
oita/hiji,104,アリタ商店,その他,,other,none,False
oita/hiji,105,ダイニング酒場 笑,居酒屋,,izakaya,tb,True
oita/hiji,106,ひじホルモン,ホルモン、焼肉,,meat,tb,True
oita/hiji,107,タコ平 本店,たこ焼き,,casual,tb,True
oita/hiji,108,たこ屋たつ丸,たこ焼き,,casual,tb,True
oita/hiji,109,お食事処・ゆう庵,レストラン,,other,none,False
oita/hiji,110,えぐちのおべんとう,弁当,,casual,tb,True
oita/hiji,111,チプシー,ビアバー,,izakaya,tb,True
oita/hiji,112,信,からあげ,,meat,tb,True
oita/hiji,113,ナトリ,韓国料理,,chinese,tb,True
oita/hiji,114,からあげ 和幸,からあげ、弁当,,meat,tb,True
oita/hiji,115,ピアニッシモ,喫茶店,,cafe,tb,True
oita/hiji,116,cafe Mori no naka,カフェ,,cafe,tb,True
oita/hiji,117,まめな豆や,カフェ,,cafe,tb,True
oita/hiji,118,GOHANYA とわや,レストラン,,other,none,False
oita/hiji,119,吉,和菓子,,sweets,tb,True
oita/hiji,120,炭火焼和寿,焼肉、肉料理,,meat,tb,True
oita/hiji,121,小麦工房さつき,パン,,sweets,tb,True
oita/hiji,122,ピッツェリア白馬の杜,ピザ,,european,tb,True
oita/hiji,123,loopthings,その他,,other,none,False
oita/hiji,124,魚盛別館 食事処 ぷかぷか,日本料理,,japanese,tb,True
oita/hiji,125,もっちゃん,お好み焼き、焼きそば、からあげ,,casual,tb,True
oita/hiji,126,パンと焼き菓子のお店 sucre,パン、洋菓子,,sweets,tb,True
oita/hiji,127,食の庵 彩海,日本料理,,japanese,tb,True
oita/hiji,128,pomu,スイーツ,,sweets,tb,True
oita/hiji,129,ユキパン屋,パン,,sweets,tb,True
oita/hiji,130,たき,焼き鳥,,meat,tb,True
oita/hiji,131,まんぷく笑店,惣菜・デリ、揚げ物、弁当,,casual,tb,True
oita/hiji,132,Kaisen Ippachi,,Japanese;Seafood;Japanese - Other ,seafood,ta,True
oita/hiji,133,Ogami Farm,,Italian,european,ta,True
oita/hiji,134,Tekizanso,,Japanese,japanese,ta,True
oita/hiji,135,Restaurant Solista,,Japanese,japanese,ta,True
oita/hiji,136,Kanosen,,,other,none,False
oita/hiji,137,Kokiya,,Japanese;Kappo,japanese,ta,True
oita/hiji,138,Zen no Eguchi,,Japanese;Japanese - Traditional Cuisine,japanese,ta,True
oita/hiji,139,Tatewaki no Sho,,Japanese,japanese,ta,True
oita/hiji,140,Yogokutei,,Japanese;Asian,chinese,ta,True
oita/hiji,141,Nihonryori Shiroshita,,Diner,casual,ta,True
oita/hiji,142,Minds,,Indian;European,european,ta,True
oita/hiji,143,Norakuroya,,Japanese;Japanese - Traditional Cuisine,japanese,ta,True
oita/hiji,144,Joyfull,,International,other,none,False
oita/hiji,145,Mirakuen,,Barbecue,meat,ta,True
oita/hiji,146,Kaisen Sushi Dining Sushi Meijin Hiji,,Japanese;Seafood;Sushi;Japanese - Other ,seafood,ta,True
oita/hiji,147,Senmaru,,Japanese,japanese,ta,True
oita/hiji,148,Ramen Gokumaru Hiji,,,other,none,False
oita/hiji,149,Happy Cafe,,American;Cafe,european,ta,True
oita/hiji,150,Sunahama Shokudo,,Cafe,cafe,ta,True
oita/hiji,151,Nana peace,,Japanese;Shojin;Medicinal foods;Japanese Fusion,japanese,ta,True
oita/hiji,152,Deca Ben Hiji,,Japanese,japanese,ta,True
oita/hiji,153,Kokiya Udon,,,other,none,False
oita/hiji,154,Jochan,,Japanese;Izakaya (Japanese Style Tavern),izakaya,ta,True
oita/hiji,155,Hotel Resorts Beppuwan Lounge la Mere,,,other,none,False
oita/hiji,156,Showado,,,other,none,False
oita/hiji,157,Kankoku Hiroba,,Asian;Korean,chinese,ta,True
oita/hiji,158,Yasuragi,,Cafe,cafe,ta,True
oita/hiji,159,Dining Room Shiki,,Fusion,other,none,False
oita/hiji,160,Ishigama Bread Kobo Moko Moko Hiji,,Japanese,japanese,ta,True
oita/hiji,161,Karaoke Club Dam Oita Hinode,,International,other,none,False
oita/hiji,162,Green Counter,,International,other,none,False
oita/hiji,163,Fried Chicken Ichban,,Japanese,japanese,ta,True
oita/hiji,164,壱番鶏 日出店,,Japanese,japanese,ta,True
oita/hiji,165,Izakaya Torikushi Hiji,,Japanese;Izakaya (Japanese Style Tavern),izakaya,ta,True
oita/hiji,166,Shinzaburo,,,other,none,False
oita/hiji,167,Dosanko,,Asian,chinese,ta,True
oita/hiji,168,Gallery Kan,,Fusion,other,none,False
oita/hiji,169,Tanuki No Yakara,,Japanese;Japanese - Other ,japanese,ta,True
oita/hiji,170,Meisui Handmade Tofu Yamazuen,,Japanese - Other ,japanese,ta,True
oita/hiji,171,羅舞,,Cafe,cafe,ta,True
oita/hiji,172,Hideway Izakaya Moe No Hana,,Japanese;Izakaya (Japanese Style Tavern),izakaya,ta,True
oita/hiji,173,Charcoal Grilling Waju,,Barbecue,meat,ta,True
oita/hiji,174,Jugomangoku Hiji,,Asian,chinese,ta,True
oita/hiji,175,Okonomiyaki Friend,,,other,none,False
oita/hiji,176,Zui Zui Ken,,Asian,chinese,ta,True
oita/hiji,177,あすかうどん 赤松峠店,,Japanese;Japanese - Other ,japanese,ta,True
oita/hiji,178,虎屋,,Japanese;Japanese - Other ,japanese,ta,True
oita/hiji,179,Tosenbo,,Japanese;International;Japanese - Other ,japanese,ta,True
oita/hiji,180,Tea Copan,,Cafe,cafe,ta,True
oita/hiji,181,Kappo Nakamuraya,,Japanese;Kappo,japanese,ta,True
oita/hiji,182,Tsukinoya,,Japanese,japanese,ta,True
oita/hiji,183,Baseone,,Cafe,cafe,ta,True
oita/hiji,184,Mirakutei Hiji,,Chinese,chinese,ta,True
oita/hiji,185,Ishokuya Shin,,Japanese,japanese,ta,True
oita/hiji,186,Robatayaki Ajikatsu,,Japanese,japanese,ta,True
oita/hiji,187,Imasa,,Japanese,japanese,ta,True
oita/hiji,188,Kyouraku,,Japanese,japanese,ta,True
oita/hiji,189,Karaoke Kayo Stage Spotlight,,,other,none,False
oita/hiji,190,Spa Village Hiji,,,other,none,False
oita/hiji,191,Butamannomisekozakihijiten,,,other,none,False
oita/hiji,192,Bona Apetito,,,other,none,False
oita/hiji,193,Izakaya Irori,,Japanese;Izakaya (Japanese Style Tavern),izakaya,ta,True
oita/hiji,194,Olmeca,,Pub;Gastropub;Dining bars,izakaya,ta,True
oita/hiji,195,Bread House Hiji,,,other,none,False
oita/hiji,196,Nagi,,,other,none,False
oita/hiji,197,Mashimizu Cafe,,,other,none,False
oita/hiji,198,Toyooka Food,,,other,none,False
oita/hiji,199,Stone Oven Bakery Mokomoko Sea Garden Nisshutsu,,,other,none,False
oita/hiji,200,Seiryuken,,,other,none,False
oita/himeshima,1,ショッピングセンター はなだ,コンビニ・スーパー,,daily,tb,True
oita/himeshima,2,植木製菓,和菓子、甘味処,,sweets,tb,True
oita/himeshima,3,夕月,焼肉,,meat,tb,True
oita/himeshima,4,かのや,日本料理,,japanese,tb,True
oita/himeshima,5,Aコープ 姫島店,コンビニ・スーパー,,daily,tb,True
oita/himeshima,6,h.ベーカリー,パン,,sweets,tb,True
oita/himeshima,7,姫乃家,日本料理、居酒屋,,japanese,tb,True
oita/himeshima,8,ペンション 野路菊,その他,,other,none,False
oita/himeshima,9,おおいた姫島,その他,,other,none,False
oita/himeshima,10,東みやげ店,その他,,other,none,False
oita/himeshima,11,お食事処 もりえい,海鮮,,seafood,tb,True
oita/himeshima,12,隠れ家キッチン Oto Lama,居酒屋,,izakaya,tb,True
oita/himeshima,13,姫島エコツーリズムカフェ,その他,,other,none,False
oita/himeshima,14,おおいた姫島,売店,,casual,tb,True
oita/himeshima,15,Kanoya,,Japanese,japanese,ta,True
oita/himeshima,16,Oshokujidokoro Himenoya Himeshima mura Higashikunisaki gun Oita Prefecture Kyus,,Japanese - Other ,japanese,ta,True
oita/himeshima,17,Yuugetsu,,Barbecue,meat,ta,True
oita/himeshima,18,Oshokuji Dokoro Moriei,,Japanese - Other ,japanese,ta,True
oita/himeshima,19,Ichifuku Zushi,,Sushi,seafood,ta,True
oita/himeshima,20,Tairyozushi,,Sushi,seafood,ta,True
oita/hita,1,焼き鳥と細麺うどんのお店 梅乃庵,うどん、焼き鳥、居酒屋,,noodles,tb,True
oita/hita,2,萬(Ryokan & Sauna Yorozuya Hita),日本料理、創作料理,,japanese,tb,True
oita/hita,3,すし酒場 縁,寿司、居酒屋,,seafood,tb,True
oita/hita,4,はなの樹 RIVER TERRACE,ホテル,,other,none,False
oita/hita,5,もつ焼きラボ まめ吉,もつ焼き、居酒屋、ラーメン,,izakaya,tb,False
oita/hita,6,魚民 日田駅前店,居酒屋、海鮮、創作料理,,izakaya,tb,True
oita/hita,7,Barすりぃーないん,バー,,izakaya,tb,True
oita/hita,8,BRISKSTAND 日田豆田店,ハンバーガー、カフェ、ダイニングバー,,casual,tb,True
oita/hita,9,あかちょうちん千鶴,居酒屋,,izakaya,tb,True
oita/hita,10,ふもと屋,そば、うどん、かつ丼,,noodles,tb,True
oita/hita,11,鳥市 本店,鳥料理,,other,none,False
oita/hita,12,Bajio,カフェ、バル,,cafe,tb,True
oita/hita,13,熊八うどん,うどん、そば,,noodles,tb,True
oita/hita,14,やきとり寿家 支店中央店,焼き鳥、鳥料理,,meat,tb,True
oita/hita,15,泪橋,居酒屋,,izakaya,tb,True
oita/hita,16,みくまホテル,ホテル,,other,none,False
oita/hita,17,中津 彩鶏々 日田店,からあげ,,meat,tb,True
oita/hita,18,カフェ ガーリック,カフェ,,cafe,tb,True
oita/hita,19,蔵カフェラウンジ go-un,カフェ,,cafe,tb,True
oita/hita,20,寿し金,寿司,,seafood,tb,True
oita/hita,21,カフェバー リヒト,カフェ、ダイニングバー,,cafe,tb,True
oita/hita,22,焼肉すみ火,焼肉,,meat,tb,True
oita/hita,23,八坂庵,居酒屋,,izakaya,tb,True
oita/hita,24,いろは食堂,レストラン,,other,none,False
oita/hita,25,寿家 支店,焼き鳥,,meat,tb,True
oita/hita,26,発酵舎 KOGURA,パン、カフェ,,sweets,tb,True
oita/hita,27,のんき食堂,食堂,,casual,tb,True
oita/hita,28,カフェビヨリ,カフェ,,cafe,tb,True
oita/hita,29,えこう,焼きそば,,noodles,tb,True
oita/hita,30,いちふく,レストラン,,other,none,False
oita/hita,31,ちそうや こてつ,居酒屋、海鮮,,izakaya,tb,True
oita/hita,32,一本堂 日田店,パン,,sweets,tb,True
oita/hita,33,待鳥松月堂,和菓子,,sweets,tb,True
oita/hita,34,ホルン 日田店,パン,,sweets,tb,True
oita/hita,35,森の石松,食堂,,casual,tb,True
oita/hita,36,西洋菓子処　MOMO,ケーキ、チョコレート,,sweets,tb,True
oita/hita,37,道の駅水辺の郷　川魚えとう商店,レストラン,,other,none,False
oita/hita,38,日田まぶし千屋,うなぎ,,seafood,tb,True
oita/hita,39,居酒屋びーだま,居酒屋,,izakaya,tb,True
oita/hita,40,SHO章,焼き鳥,,meat,tb,True
oita/hita,41,パティスリーアナイ,ケーキ,,sweets,tb,True
oita/hita,42,居酒屋 きせき,居酒屋,,izakaya,tb,True
oita/hita,43,一番どり,鳥料理、居酒屋,,izakaya,tb,False
oita/hita,44,赤司日田羊羹本舗,和菓子,,sweets,tb,True
oita/hita,45,SORA,ビュッフェ,,casual,tb,True
oita/hita,46,呑み処 久屋,居酒屋,,izakaya,tb,True
oita/hita,47,セブンイレブン 日田高瀬店,コンビニ・スーパー,,daily,tb,True
oita/hita,48,うまかもん亭みずき,居酒屋,,izakaya,tb,True
oita/hita,49,田舎庵 豆田店,甘味処、麺類、日本料理,,sweets,tb,True
oita/hita,50,わさび,麺類、郷土料理、揚げ物,,noodles,tb,True
oita/hita,51,天領屋台 来々,たこ焼き,,casual,tb,True
oita/hita,52,老松酒造株式会社,その他,,other,none,False
oita/hita,53,とうふの飛太郎 本店,豆腐料理,,japanese,tb,True
oita/hita,54,焼き平,たこ焼き、お好み焼き,,casual,tb,True
oita/hita,55,しげさん家食堂,食堂,,casual,tb,True
oita/hita,56,三年坂,その他,,other,none,False
oita/hita,57,京橘,和菓子,,sweets,tb,True
oita/hita,58,田苑,パン,,sweets,tb,True
oita/hita,59,司煌,中華料理,,chinese,tb,True
oita/hita,60,Senya,,Japanese;Seafood,seafood,ta,True
oita/hita,61,Mikuma Hanten,,Japanese,japanese,ta,True
oita/hita,62,Takara Ya Main Store,,Japanese,japanese,ta,True
oita/hita,63,Ohara Chaya,,Japanese,japanese,ta,True
oita/hita,64,Hita Beer Forest Sapporo,,Brew Pub;Pub;Beer restaurants,izakaya,ta,True
oita/hita,65,Steak Saryo Wakura,,Steakhouse,meat,ta,True
oita/hita,66,Ungrain,,Japanese;Contemporary;Kyushu cuisine;Japanese Fusion,japanese,ta,True
oita/hita,67,Unagi Ro tei,,Japanese;Asian;Kyushu cuisine,chinese,ta,True
oita/hita,68,Mugiya Cafe,,Cafe,cafe,ta,True
oita/hita,69,Yorozu,,Japanese;Kaiseki,japanese,ta,True
oita/hita,70,Toyama eel,,Japanese,japanese,ta,True
oita/hita,71,Sofurenhonten,,,other,none,False
oita/kitsuki,1,杵築 翁達磨,そば,,noodles,tb,True
oita/kitsuki,2,キツキテラス,バーベキュー、海鮮,,seafood,tb,False
oita/kitsuki,3,魚市魚座,海鮮,,seafood,tb,True
oita/kitsuki,4,若栄屋,日本料理、郷土料理,,japanese,tb,True
oita/kitsuki,5,元禄うどん,うどん,,noodles,tb,True
oita/kitsuki,6,ラーメンショップ 山香店,ラーメン,,noodles,tb,True
oita/kitsuki,7,台の茶屋,喫茶店、甘味処,,cafe,tb,True
oita/kitsuki,8,食道園 本店,焼肉,,meat,tb,True
oita/kitsuki,9,洋食屋　おわたり,洋食,,european,tb,True
oita/kitsuki,10,ます田や,おにぎり,,casual,tb,True
oita/kitsuki,11,M.MIURA,フレンチ,,european,tb,True
oita/kitsuki,12,松山堂,和菓子,,sweets,tb,True
oita/kitsuki,13,カフェ食堂 あおぞら,カフェ、食堂,,cafe,tb,True
oita/kitsuki,14,森の音色,カフェ、かき氷,,cafe,tb,True
oita/kitsuki,15,9▷▷10,洋食、オムライス,,european,tb,True
oita/kitsuki,16,別府ゴルフ倶楽部,その他,,other,none,False
oita/kitsuki,17,Oyster Restaurant 海の時間,シーフード、ピザ,,seafood,tb,True
oita/kitsuki,18,紙ふうせん,洋食、カフェ,,european,tb,True
oita/kitsuki,19,中国食事処　点心嬉楽,中華料理,,chinese,tb,True
oita/kitsuki,20,みのり和遊食彩,創作料理,,japanese,tb,True
oita/kitsuki,21,お食べ家 円,カフェ,,cafe,tb,True
oita/kitsuki,22,杵築ラーメン 清新亭本店,ラーメン、餃子,,noodles,tb,True
oita/kitsuki,23,暘谷亭,ラーメン,,noodles,tb,True
oita/kitsuki,24,うどん山ちゃん,うどん,,noodles,tb,True
oita/kitsuki,25,ネパリバンサ,インドカレー、ネパール料理,,curry,tb,True
oita/kitsuki,26,花実,カフェ,,cafe,tb,True
oita/kitsuki,27,一番館,喫茶店,,cafe,tb,True
oita/kitsuki,28,ことら,そば、うどん,,noodles,tb,True
oita/kitsuki,29,肉まる,焼肉、居酒屋、ピザ,,meat,tb,True
oita/kitsuki,30,末廣丸,海鮮、肉料理,,seafood,tb,True
oita/kitsuki,31,そんごくう,中華料理,,chinese,tb,True
oita/kitsuki,32,オルオル,カフェ、食堂,,cafe,tb,True
oita/kitsuki,33,中華麺食堂 縁,中華料理、ラーメン,,chinese,tb,True
oita/kitsuki,34,萬彩食堂,食堂,,casual,tb,True
oita/kitsuki,35,+met.,カフェ,,cafe,tb,True
oita/kitsuki,36,焼肉 みやべ,焼肉、肉料理,,meat,tb,True
oita/kitsuki,37,住吉浜リゾートパーク,ホテル,,other,none,False
oita/kitsuki,38,食楽酒房 遊 ゆとり,居酒屋,,izakaya,tb,True
oita/kitsuki,39,福ちゃん唐揚げ 杵築本店,からあげ,,meat,tb,True
oita/kitsuki,40,お茶のとまや,カフェ,,cafe,tb,True
oita/kitsuki,41,綾部味噌,惣菜・デリ,,casual,tb,True
oita/kitsuki,42,おうちごはん おしゃれ小屋,食堂,,casual,tb,True
oita/kitsuki,43,石山食堂,食堂,,casual,tb,True
oita/kitsuki,44,豊の国物産館カフェ,カフェ、ソフトクリーム,,cafe,tb,True
oita/kitsuki,45,猫丸堂ベーカリー,パン,,sweets,tb,True
oita/kitsuki,46,こけこっ幸,からあげ、食堂,,meat,tb,True
oita/kitsuki,47,旬食喜心 芳の芽,居酒屋,,izakaya,tb,True
oita/kitsuki,48,きいろいビートcoffee,カフェ,,cafe,tb,True
oita/kitsuki,49,と々喜,居酒屋、日本料理、鍋,,izakaya,tb,True
oita/kitsuki,50,万来,ラーメン,,noodles,tb,True
oita/kitsuki,51,きつき漁菜館,食堂,,casual,tb,True
oita/kitsuki,52,地鶏めし 大分杵築店,鳥料理,,other,none,False
oita/kitsuki,53,本町備後屋,海鮮,,seafood,tb,True
oita/kitsuki,54,フランス菓子 パピヨン,ケーキ,,sweets,tb,True
oita/kitsuki,55,ファミリーマート 住吉浜店,コンビニ・スーパー,,daily,tb,True
oita/kitsuki,56,食道園 支店,レストラン,,other,none,False
oita/kitsuki,57,中野酒造,その他,,other,none,False
oita/kitsuki,58,近藤養蜂場,その他,,other,none,False
oita/kitsuki,59,日向屋,海鮮,,seafood,tb,True
oita/kitsuki,60,牡蠣の家,かき,,other,none,False
oita/kitsuki,61,菜の花,喫茶店,,cafe,tb,True
oita/kitsuki,62,のみめしや 勝,居酒屋,,izakaya,tb,True
oita/kitsuki,63,中央クラブ,食堂、洋食、ちゃんぽん,,casual,tb,True
oita/kitsuki,64,キッチンせんす,洋食、居酒屋,,european,tb,True
oita/kitsuki,65,インド料理レストラン アブタール 杵築店,インド料理,,curry,tb,True
oita/kitsuki,66,からあげやさん たろう,からあげ、パン,,meat,tb,True
oita/kitsuki,67,奥丹蔵,そば,,noodles,tb,True
oita/kitsuki,68,ウェルカム井上 杵築店,たこ焼き,,casual,tb,True
oita/kitsuki,69,ジョイフル 大分杵築店,ファミレス,,casual,tb,True
oita/kitsuki,70,きつき三川食堂,食堂,,casual,tb,True
oita/kitsuki,71,モスバーガー 大分杵築店,ハンバーガー,,casual,tb,True
oita/kitsuki,72,大分からあげ 杵築店,その他、からあげ,,meat,tb,False
oita/kitsuki,73,まめのもんや,カフェ,,cafe,tb,True
oita/kitsuki,74,おべんとうのヒライ,弁当,,casual,tb,True
oita/kitsuki,75,ベアトリーチェ,イタリアン,,european,tb,True
oita/kitsuki,76,峠 たていしの館,弁当、海鮮、その他,,casual,tb,True
oita/kitsuki,77,和食ダイニング 大,居酒屋、海鮮、郷土料理,,izakaya,tb,True
oita/kitsuki,78,まるいち,からあげ,,meat,tb,True
oita/kitsuki,79,いち屋,居酒屋,,izakaya,tb,True
oita/kitsuki,80,オリヴァ・オレア,パン、洋菓子,,sweets,tb,True
oita/kitsuki,81,さつき,日本料理,,japanese,tb,True
oita/kitsuki,82,風の一丘,カフェ、ケーキ,,cafe,tb,True
oita/kitsuki,83,錦寿司,寿司,,seafood,tb,True
oita/kitsuki,84,ふじやからあげ,からあげ,,meat,tb,True
oita/kitsuki,85,やっちゃん,お好み焼き,,casual,tb,True
oita/kitsuki,86,山香飯店,中華料理,,chinese,tb,True
oita/kitsuki,87,楼蘭喫茶,喫茶店,,cafe,tb,True
oita/kitsuki,88,和亭・からあげまあちゃん,食堂、うどん,,casual,tb,True
oita/kitsuki,89,焼肉白頭山,焼肉,,meat,tb,True
oita/kitsuki,90,カフェすずめの楽校,カフェ、カレー、ケーキ,,cafe,tb,True
oita/kitsuki,91,ふくしま八ちゃん堂,お好み焼き,,casual,tb,True
oita/kitsuki,92,ディスカバー,カフェ,,cafe,tb,True
oita/kitsuki,93,ほっともっと 大分杵築店,弁当,,casual,tb,True
oita/kitsuki,94,みろく酒造株式会社,その他,,other,none,False
oita/kitsuki,95,木付や,和菓子、どら焼き,,sweets,tb,True
oita/kitsuki,96,パティスリー・ジーク,ケーキ、洋菓子,,sweets,tb,True
oita/kitsuki,97,不二家 サンリブ杵築店,ケーキ,,sweets,tb,True
oita/kitsuki,98,キオラコテージ,カフェ,,cafe,tb,True
oita/kitsuki,99,炭火キッチン・こよし,たい焼き・大判焼き,,sweets,tb,True
oita/kitsuki,100,神田楽市,コンビニ・スーパー,,daily,tb,True
oita/kitsuki,101,からあげ たつ,からあげ,,meat,tb,True
oita/kitsuki,102,近藤製パン,パン,,sweets,tb,True
oita/kitsuki,103,Cafe m・歩っ,カレー、パン、かき氷,,curry,tb,True
oita/kitsuki,104,大分農業文化公園 ふれあい市場,その他,,other,none,False
oita/kitsuki,105,柳家食堂,食堂,,casual,tb,True
oita/kitsuki,106,杵築ぎょうざ 小春 杵築本店,その他,,other,none,False
oita/kitsuki,107,ピエロのくろさん,ピザ、スイーツ,,european,tb,True
oita/kitsuki,108,Aコープ やまが店,コンビニ・スーパー,,daily,tb,True
oita/kitsuki,109,京屋味かつ,居酒屋,,izakaya,tb,True
oita/kitsuki,110,からあげ幸力 杵築店,からあげ、弁当,,meat,tb,True
oita/kitsuki,111,サンリブ 杵築,コンビニ・スーパー,,daily,tb,True
oita/kitsuki,112,お惣菜キッチン ぶるーむ,惣菜・デリ、弁当,,casual,tb,True
oita/kitsuki,113,あしまえ,パン、ケーキ、洋菓子,,sweets,tb,True
oita/kitsuki,114,十花堂,和菓子,,sweets,tb,True
oita/kitsuki,115,からあげ 鳥すけ,からあげ、弁当,,meat,tb,True
oita/kitsuki,116,だいこんの花,食堂、日本料理,,casual,tb,True
oita/kitsuki,117,ここち屋,コロッケ,,casual,tb,True
oita/kitsuki,118,チャイナキッチン 卓,中華料理、中華粥,,chinese,tb,True
oita/kitsuki,119,猪鹿トリ 山香店,鳥料理,,other,none,False
oita/kitsuki,120,plain jane,洋菓子,,sweets,tb,True
oita/kitsuki,121,四季彩 凛,居酒屋,,izakaya,tb,True
oita/kitsuki,122,国際,中華料理,,chinese,tb,True
oita/kitsuki,123,居酒屋 直,居酒屋,,izakaya,tb,True
oita/kitsuki,124,あざみ食堂,食堂,,casual,tb,True
oita/kitsuki,125,はやし,居酒屋,,izakaya,tb,True
oita/kitsuki,126,お菓子の菊家  杵築店,和菓子、洋菓子,,sweets,tb,True
oita/kitsuki,127,北浜びんごや,海鮮,,seafood,tb,True
oita/kitsuki,128,後藤菓子舗,和菓子,,sweets,tb,True
oita/kitsuki,129,まろんすぺーす,パン,,sweets,tb,True
oita/kitsuki,130,いな里,ホテル,,other,none,False
oita/kitsuki,131,ヨコハマ飯店,中華料理,,chinese,tb,True
oita/kitsuki,132,からあげひでちゃん,レストラン,,other,none,False
oita/kitsuki,133,小天狗,たこ焼き,,casual,tb,True
oita/kitsuki,134,SHIRO屋,和菓子,,sweets,tb,True
oita/kitsuki,135,カフェ ショワウォーク,イタリアン、カフェ,,european,tb,True
oita/kitsuki,136,七輪焼 しんちゃん,肉料理,,meat,tb,True
oita/kitsuki,137,かぼちゃん弁当,弁当,,casual,tb,True
oita/kitsuki,138,Oshokuji Dokoro Furusato,,Japanese - Other ,japanese,ta,True
oita/kitsuki,139,Yoshokuyaowatari,,International,other,none,False
oita/kitsuki,140,Wakaeya,,Japanese;Japanese - Traditional Cuisine,japanese,ta,True
oita/kitsuki,141,Yamaka Onsen Kaze No Sato Restaurant Yamaga,,Japanese;International;Japanese - Other ,japanese,ta,True
oita/kitsuki,142,Cafe Restaurant Aozora,,Cafe,cafe,ta,True
oita/kitsuki,143,Tateishiyama Drive In,,Japanese;International;Japanese - Other ,japanese,ta,True
oita/kitsuki,144,Kaisen Tei Zakoba,,Japanese;Seafood;Japanese - Other ,seafood,ta,True
oita/kitsuki,145,Kifuku Shokudo,,Japanese;International;Japanese - Other ,japanese,ta,True
oita/kitsuki,146,Italian Bar Coco,,Italian,european,ta,True
oita/kitsuki,147,Karintei,,Japanese;International;Japanese - Other ,japanese,ta,True
oita/kitsuki,148,Beatrice,,Italian,european,ta,True
oita/kitsuki,149,Yumenobori,,Japanese;Fusion,japanese,ta,True
oita/kitsuki,150,Kineya Main Store,,,other,none,False
oita/kitsuki,151,Seiryuken,,,other,none,False
oita/kitsuki,152,Otsuo Saryo Tomato,,Japanese;International;Japanese - Other ,japanese,ta,True
oita/kitsuki,153,Cafe Shore Walk,,Cafe,cafe,ta,True
oita/kitsuki,154,Hyugaya,,Japanese,japanese,ta,True
oita/kitsuki,155,Yakitori Kisoji,,Japanese;Japanese - Other ,japanese,ta,True
oita/kitsuki,156,Hikari Bento,,Japanese,japanese,ta,True
oita/kitsuki,157,Omotoya Shokujidokoro,,Japanese;Japanese - Other ,japanese,ta,True
oita/kitsuki,158,Furyuna Zeitaku Izakaya,,Japanese,japanese,ta,True
oita/kitsuki,159,Canadean Yamaga,,Cafe,cafe,ta,True
oita/kitsuki,160,Discover,,,other,none,False
oita/kitsuki,161,Organic Kitchen Mukaunosato,,Healthy,other,none,False
oita/kitsuki,162,Kawauchiya,,Japanese;Japanese - Other ,japanese,ta,True
oita/kitsuki,163,Houjo Nakashima,,Japanese;Japanese - Traditional Cuisine;Kappo,japanese,ta,True
oita/kitsuki,164,Kamei So,,Japanese;Japanese - Traditional Cuisine;Kappo,japanese,ta,True
oita/kitsuki,165,Hojo,,Japanese,japanese,ta,True
oita/kitsuki,166,Yakitori Sekisho,,Japanese;Japanese - Other ,japanese,ta,True
oita/kitsuki,167,Roran Cafe,,Cafe,cafe,ta,True
oita/kitsuki,168,Happy Kitchen,,Japanese,japanese,ta,True
oita/kitsuki,169,Kisa,,Cafe,cafe,ta,True
oita/kitsuki,170,Isakoma,,Japanese - Traditional Cuisine,other,none,False
oita/kitsuki,171,Pottoin,,Japanese,japanese,ta,True
oita/kitsuki,172,Kotengu,,Japanese;Japanese - Other ,japanese,ta,True
oita/kitsuki,173,Maryland Tamura,,Japanese;Japanese - Other ,japanese,ta,True
oita/kitsuki,174,Juou Kaikan,,Japanese - Other ,japanese,ta,True
oita/kitsuki,175,Chinese Restauranttenshin Kiraku,,Chinese,chinese,ta,True
oita/kitsuki,176,Fried Chicken Hidechan,,Fast Food,casual,ta,True
oita/kitsuki,177,Ariran Shokudo,,Barbecue,meat,ta,True
oita/kitsuki,178,Marusawa,,Japanese,japanese,ta,True
oita/kitsuki,179,Midori Shokudo,,,other,none,False
oita/kitsuki,180,Jokamachi Sakaba,,Izakaya (Japanese Style Tavern),izakaya,ta,True
oita/kitsuki,181,Mike Room Humming,,Pub,izakaya,ta,True
oita/kitsuki,182,Kimuraya Bread,,,other,none,False
oita/kitsuki,183,Poppo Ojisan No Oita Karaage Kitsuki,,,other,none,False
oita/kitsuki,184,Hori Fukueido,,,other,none,False
oita/kitsuki,185,Half Asleep,,,other,none,False
oita/kitsuki,186,Marie Francois Kitsuki,,,other,none,False
oita/kitsuki,187,Pierrot No Kurosan,,,other,none,False
oita/kitsuki,188,Love,,,other,none,False
oita/kitsuki,189,Papillon Cake,,,other,none,False
oita/kitsuki,190,Cafe Yurari,,,other,none,False
oita/kitsuki,191,Chuo Club,,,other,none,False
oita/kokonoe,1,サーラカリーナ 瀬の本,イタリアン,,european,tb,True
oita/kokonoe,2,食事処 春日,うどん、郷土料理、丼,,noodles,tb,True
oita/kokonoe,3,ビストロよしぶ,ビストロ,,european,tb,True
oita/kokonoe,4,けやきの森,カフェ、洋食、ケーキ,,cafe,tb,True
oita/kokonoe,5,九重リゾート星生 星生倶楽部,ホテル,,other,none,False
oita/kokonoe,6,甲斐商店,その他,,other,none,False
oita/kokonoe,7,ア・マ・ファソン,フレンチ、オーベルジュ,,european,tb,True
oita/kokonoe,8,べべんこ,食堂、ステーキ、牛丼,,casual,tb,True
oita/kokonoe,9,タチバナ,弁当、ハンバーガー,,casual,tb,True
oita/kokonoe,10,夢窓,日本料理,,japanese,tb,True
oita/kokonoe,11,アウトドアダイニング スター ガーデン,バーベキュー,,other,none,False
oita/kokonoe,12,いこい,居酒屋、焼き鳥,,izakaya,tb,True
oita/kokonoe,13,虎乃湯,その他,,other,none,False
oita/kokonoe,14,茶壷,日本料理,,japanese,tb,True
oita/kokonoe,15,九重夢大吊橋 物産直売所,ハンバーガー,,casual,tb,True
oita/kokonoe,16,カフェギャラリーテデ,カフェ,,cafe,tb,True
oita/kokonoe,17,龍門茶屋,郷土料理,,japanese,tb,True
oita/kokonoe,18,魚屋,食堂,,casual,tb,True
oita/kokonoe,19,九重いやしの里 ホテル大高原,ホテル,,other,none,False
oita/kokonoe,20,花鳥使,焼肉、日本酒バー、焼酎バー,,meat,tb,True
oita/kokonoe,21,うどん亭都,うどん,,noodles,tb,True
oita/kokonoe,22,36,その他,,other,none,False
oita/kokonoe,23,OLGA chiffon,スイーツ,,sweets,tb,True
oita/kokonoe,24,九重ヒュッテ,その他,,other,none,False
oita/kokonoe,25,松岡椎茸生産販売,その他,,other,none,False
oita/kokonoe,26,Chez-tani 瀬の本高原店,ケーキ,,sweets,tb,True
oita/kokonoe,27,長者の茶屋場,郷土料理,,japanese,tb,True
oita/kokonoe,28,牧ノ戸峠レストハウス,おにぎり、ソフトクリーム、カフェ,,casual,tb,True
oita/kokonoe,29,カフェチャイカ,カフェ、喫茶店,,cafe,tb,True
oita/kokonoe,30,あぐり,食堂、居酒屋,,casual,tb,True
oita/kokonoe,31,はねやま,食堂,,casual,tb,True
oita/kokonoe,32,八鹿酒造,日本酒バー、焼酎バー,,izakaya,tb,True
oita/kokonoe,33,まんぼう,お好み焼き,,casual,tb,True
oita/kokonoe,34,そば処 よしぶ,そば,,noodles,tb,True
oita/kokonoe,35,農園カフェ　のんびり,喫茶店,,cafe,tb,True
oita/kokonoe,36,ビストロ ル・ラパン,ビストロ,,european,tb,True
oita/kokonoe,37,山里の湯,その他,,other,none,False
oita/kokonoe,38,Cafe hill side,カフェ,,cafe,tb,True
oita/kokonoe,39,お茶や食堂,食堂、居酒屋、ラーメン,,casual,tb,True
oita/kokonoe,40,花山酔,その他、ホテル,,other,none,False
oita/kokonoe,41,わいたの庄,麺類、郷土料理,,noodles,tb,True
oita/kokonoe,42,手打ちそば 風来坊,そば,,noodles,tb,True
oita/kokonoe,43,松寿司,寿司,,seafood,tb,True
oita/kokonoe,44,樂樂,郷土料理、うどん、カレー,,japanese,tb,True
oita/kokonoe,45,Sobadokoro Yoshibu,,Japanese;Japanese - Other ,japanese,ta,True
oita/kokonoe,46,Sala Carina Senomoto,,,other,none,False
oita/kokonoe,47,Toge No Chaya,,Japanese;International;Japanese - Other ,japanese,ta,True
oita/kokonoe,48,Waita No Sho,,Japanese;Japanese - Other ,japanese,ta,True
oita/kokonoe,49,Bebenko,,Japanese;Steakhouse,meat,ta,True
oita/kokonoe,50,Ainose Chaya,,Japanese;International;Japanese - Other ,japanese,ta,True
oita/kokonoe,51,Machida Banet Farm,,Barbecue,meat,ta,True
oita/kokonoe,52,Keiryu no Aji Tanabe,,Seafood,seafood,ta,True
oita/kokonoe,53,Rest House Yamanami,,Japanese;Cafe,cafe,ta,True
oita/kokonoe,54,National Parl Kuju Yamanami Bokujo,,Japanese,japanese,ta,True
oita/kokonoe,55,Chojabaru Health Center,,Japanese - Other ;Japanese;International;Kyushu cuisine,japanese,ta,True
oita/kokonoe,56,Makinototouge Rest House,,Japanese;Cafe,cafe,ta,True
oita/kokonoe,57,Hibari,,Japanese,japanese,ta,True
oita/kokonoe,58,Chez Tani Senomoto Kogen,,,sweets,desc,False
oita/kokonoe,59,Katsura Chaya,,Japanese;Cafe,cafe,ta,True
oita/kokonoe,60,Handa Kogen Drive In,,Japanese;International;Japanese - Other ,japanese,ta,True
oita/kokonoe,61,Homemade Yeast Bread Brownie,,,other,none,False
oita/kokonoe,62,Restaurant a Ma Facon,,,other,none,False
oita/kokonoe,63,Arugamama Sha,,Japanese;Japanese - Other ,japanese,ta,True
oita/kokonoe,64,Tofu Kobo Sakuraso,,Japanese,japanese,ta,True
oita/kokonoe,65,Haneyama Drive Inn,,Japanese,japanese,ta,True
oita/kokonoe,66,Keyaki No Mori,,Cafe,cafe,ta,True
oita/kokonoe,67,Teuchi Soba Furaibo,,Japanese;Japanese - Other ,japanese,ta,True
oita/kokonoe,68,Kujuno No Hananosato,,Japanese,japanese,ta,True
oita/kokonoe,69,Restaurant Aoyama,,,other,none,False
oita/kokonoe,70,Kachoushi,,Japanese,japanese,ta,True
oita/kokonoe,71,Dining Kazuga,,Japanese,japanese,ta,True
oita/kokonoe,72,Ochaya Shokudo,,Japanese,japanese,ta,True
oita/kokonoe,73,Yamamomiji,,Japanese,japanese,ta,True
oita/kokonoe,74,Oshokujidokoro Sakanaya,,Japanese - Other ,japanese,ta,True
oita/kunisaki,1,弁当の味ぶん,弁当,,casual,tb,True
oita/kunisaki,2,オータニ水産 ひらめ処,海鮮,,seafood,tb,True
oita/kunisaki,3,涛音寮,日本料理、郷土料理、甘味処,,japanese,tb,True
oita/kunisaki,4,ラーメン・カフェ 明星,ラーメン、食堂,,noodles,tb,True
oita/kunisaki,5,ホテルベイグランド国東,創作料理,,japanese,tb,True
oita/kunisaki,6,道の駅 くにみ,海鮮、郷土料理,,seafood,tb,True
oita/kunisaki,7,たまや 下原店,パン,,sweets,tb,True
oita/kunisaki,8,海辺と珈琲 ことり,カフェ、ケーキ,,cafe,tb,True
oita/kunisaki,9,宙,寿司,,seafood,tb,True
oita/kunisaki,10,料亭 白浪,日本料理、ホテル、レストラン,,japanese,tb,True
oita/kunisaki,11,寿し勝若竹,寿司,,seafood,tb,True
oita/kunisaki,12,cafe食堂ツナグ,カフェ、食堂,,cafe,tb,True
oita/kunisaki,13,一福食堂,食堂,,casual,tb,True
oita/kunisaki,14,居酒屋 幸,居酒屋,,izakaya,tb,True
oita/kunisaki,15,からあげ さち,からあげ,,meat,tb,True
oita/kunisaki,16,燈照軒,ラーメン,,noodles,tb,True
oita/kunisaki,17,エアポートイン,その他,,other,none,False
oita/kunisaki,18,大分の空 むさし,その他,,other,none,False
oita/kunisaki,19,味楽園,焼肉,,meat,tb,True
oita/kunisaki,20,藤,日本料理,,japanese,tb,True
oita/kunisaki,21,さおいち,居酒屋,,izakaya,tb,True
oita/kunisaki,22,ピアドルチェ,スイーツ、ソフトクリーム,,sweets,tb,True
oita/kunisaki,23,喫茶&軽食 やんやん,喫茶店,,cafe,tb,True
oita/kunisaki,24,すずらん食品館 大分空港店,洋菓子,,sweets,tb,True
oita/kunisaki,25,平野屋,日本料理,,japanese,tb,True
oita/kunisaki,26,お食事処 ぶんご,食堂,,casual,tb,True
oita/kunisaki,27,JAL PLAZA 大分空港 ゲートショップ,その他,,other,none,False
oita/kunisaki,28,秘境の花屋,ハンバーガー、カフェ,,casual,tb,True
oita/kunisaki,29,SUMOMO BAKERY 国東店,パン,,sweets,tb,True
oita/kunisaki,30,志まる,日本料理,,japanese,tb,True
oita/kunisaki,31,清香,うどん,,noodles,tb,True
oita/kunisaki,32,セブンイレブン 大分空港店,コンビニ・スーパー,,daily,tb,True
oita/kunisaki,33,セブンイレブン 安岐塩屋店,コンビニ・スーパー,,daily,tb,True
oita/kunisaki,34,まるめキッチン,カフェ、パスタ,,cafe,tb,True
oita/kunisaki,35,じゃぁーち,カフェ,,cafe,tb,True
oita/kunisaki,36,麦正,パン,,sweets,tb,True
oita/kunisaki,37,Standard Coffee 大分空港店,カフェ、喫茶店,,cafe,tb,True
oita/kunisaki,38,ほろほろ,居酒屋,,izakaya,tb,True
oita/kunisaki,39,らぁ麺 塩﨑吾郎一商店,ラーメン,,noodles,tb,True
oita/kunisaki,40,MASOURIRE,スイーツ,,sweets,tb,True
oita/kunisaki,41,池田菓子店,ケーキ,,sweets,tb,True
oita/kunisaki,42,助六,日本料理,,japanese,tb,True
oita/kunisaki,43,やきとり やわら 安岐店,居酒屋、焼き鳥、日本料理,,izakaya,tb,True
oita/kunisaki,44,矢野酒造場,その他,,other,none,False
oita/kunisaki,45,LAWSON 安岐塩屋店,コンビニ・スーパー,,daily,tb,True
oita/kunisaki,46,松伴,居酒屋,,izakaya,tb,True
oita/kunisaki,47,味噌亭,ラーメン,,noodles,tb,True
oita/kunisaki,48,夢咲茶屋,食堂、うどん,,casual,tb,True
oita/kunisaki,49,くぬぎの谷,パン,,sweets,tb,True
oita/kunisaki,50,揚げ天,その他,,other,none,False
oita/kunisaki,51,ないしょのパン アスク,パン,,sweets,tb,True
oita/kunisaki,52,ストロベリー スウィッチ ブレード カフェ,カフェ,,cafe,tb,True
oita/kunisaki,53,からあげ 花ちゃん,からあげ,,meat,tb,True
oita/kunisaki,54,活魚割烹　竹屋,日本料理,,japanese,tb,True
oita/kunisaki,55,割烹 太喜,日本料理,,japanese,tb,True
oita/kunisaki,56,KUNISAKI DOG,ホットドッグ,,other,none,False
oita/kunisaki,57,ベストマート,コンビニ・スーパー,,daily,tb,True
oita/kunisaki,58,大漁寿司,回転寿司,,seafood,tb,True
oita/kunisaki,59,Kaiten Tairyozushi,,Japanese;Sushi,seafood,ta,True
oita/kunisaki,60,Japanese Restaurant Nanase,,Japanese,japanese,ta,True
oita/kunisaki,61,Sushidokoro Sora,,Sushi,seafood,ta,True
oita/kunisaki,62,Gintachinosato,,Japanese;Seafood;Japanese - Other ,seafood,ta,True
oita/kunisaki,63,Kunisaki Farm,,Steakhouse,meat,ta,True
oita/kunisaki,64,Satonoekimusashi,,,other,none,False
oita/kunisaki,65,View Restaurant Sky Line,,International,other,none,False
oita/kunisaki,66,Futagokawaraza,,,other,none,False
oita/kunisaki,67,Japanese Cuisine Cu,,Japanese;Kaiseki;Shojin;Japanese Fusion,japanese,ta,True
oita/kunisaki,68,Michi no Eki Kunisaki Cycling Terminal,,Japanese,japanese,ta,True
oita/kunisaki,69,Otani Suisan Hirame Dokoro,,Seafood,seafood,ta,True
oita/kunisaki,70,Japanese Kobo Saki,,Japanese;International;Japanese - Other ,japanese,ta,True
oita/kunisaki,71,Sushidokoro Sora,,Japanese;Sushi,seafood,ta,True
oita/kunisaki,72,Kappou Taiki,,Japanese;Kappo,japanese,ta,True
oita/kunisaki,73,Ikki,,Japanese;International;Japanese - Other ,japanese,ta,True
oita/kunisaki,74,Airport Cafe Azul,,Cafe,cafe,ta,True
oita/kunisaki,75,Shiroyamatei,,Japanese,japanese,ta,True
oita/kunisaki,76,Joyfull,,International,other,none,False
oita/kunisaki,77,Stile,,Italian,european,ta,True
oita/kunisaki,78,Mirakuen,,Barbecue,meat,ta,True
oita/kunisaki,79,Misotei,,,other,none,False
oita/kunisaki,80,Yan Yan Cafe,,,other,none,False
oita/kunisaki,81,Hiranoya,,Japanese;Japanese - Traditional Cuisine,japanese,ta,True
oita/kunisaki,82,Shokusaigenya,,Japanese;Japanese - Traditional Cuisine,japanese,ta,True
oita/kunisaki,83,Michi No Eki Kunimi Restaurant Mihama,,Japanese;Seafood;Japanese - Other ,seafood,ta,True
oita/kunisaki,84,Paul Ricard,,,other,none,False
oita/kunisaki,85,Horohoro Iraka,,Japanese;Izakaya (Japanese Style Tavern),izakaya,ta,True
oita/kunisaki,86,Yumesaki Chaya,,Japanese;International;Japanese - Other ,japanese,ta,True
oita/kusu,1,Bar Roots,バー、バル、カフェ,,izakaya,tb,True
oita/kusu,2,げんなおし,焼き鳥,,meat,tb,True
oita/kusu,3,しずり食堂,食堂,,casual,tb,True
oita/kusu,4,よーかろ,日本料理,,japanese,tb,True
oita/kusu,5,わらび野,喫茶店,,cafe,tb,True
oita/kusu,6,さくら食堂,食堂,,casual,tb,True
oita/kusu,7,焼とりななえ,焼き鳥、居酒屋,,meat,tb,True
oita/kusu,8,エレガンス,レストラン,,other,none,False
oita/kusu,9,湯の森 くす,その他,,other,none,False
oita/kusu,10,庄屋,居酒屋,,izakaya,tb,True
oita/kusu,11,竹やぶ 玖珠本店,鳥料理、からあげ,,meat,tb,False
oita/kusu,12,いたる屋,喫茶店,,cafe,tb,True
oita/kusu,13,レストランカトウ,焼肉,,meat,tb,True
oita/kusu,14,むすんでひらいて HIヒロセ玖珠店,弁当、惣菜・デリ,,casual,tb,True
oita/kusu,15,たこ焼き 絆,たこ焼き,,casual,tb,True
oita/kusu,16,水月食堂,食堂,,casual,tb,True
oita/kusu,17,ラーメン とん太,ラーメン,,noodles,tb,True
oita/kusu,18,水月,そば,,noodles,tb,True
oita/kusu,19,焼き鳥 秀吉,居酒屋、焼き鳥,,izakaya,tb,True
oita/kusu,20,一番亭ラーメン,ラーメン,,noodles,tb,True
oita/kusu,21,和泉屋,和菓子,,sweets,tb,True
oita/kusu,22,みつまど寿司,寿司,,seafood,tb,True
oita/kusu,23,ひだまり,カフェ、カレー、オーガニック,,cafe,tb,True
oita/kusu,24,ふじやからあげ店 玖珠店,からあげ,,meat,tb,True
oita/kusu,25,いまむかし,カレー,,curry,tb,True
oita/kusu,26,居酒屋 酒楽,居酒屋,,izakaya,tb,True
oita/kusu,27,つたや,和菓子,,sweets,tb,True
oita/kusu,28,福万亭,食堂,,casual,tb,True
oita/kusu,29,グリーンプラザ良心市,その他,,other,none,False
oita/kusu,30,トリ安,焼き鳥,,meat,tb,True
oita/kusu,31,okamura,レストラン,,other,none,False
oita/kusu,32,串揚げ 帆足,串揚げ,,japanese,tb,True
oita/kusu,33,Hounds Cafe Leon,カフェ、パンケーキ、バー,,cafe,tb,True
oita/kusu,34,ポンポン シュシュ -花と菓子と-,カフェ、洋菓子,,cafe,tb,True
oita/kusu,35,あやがき屋,その他,,other,none,False
oita/kusu,36,味千ラーメン くす店,ラーメン,,noodles,tb,True
oita/kusu,37,お菓子の家えいらく,洋菓子,,sweets,tb,True
oita/kusu,38,210burgers Kusutown,ハンバーガー、カフェ,,casual,tb,True
oita/kusu,39,貴水,売店,,casual,tb,True
oita/kusu,40,リバーサイドカフェ 蒼空,カフェ,,cafe,tb,True
oita/kusu,41,観光農園トマトファーム,その他,,other,none,False
oita/kusu,42,藤原吉福堂,和菓子、ケーキ,,sweets,tb,True
oita/kusu,43,こいのぼりサンドのお店 チェリーブロッサム,カフェ、サンドイッチ,,cafe,tb,True
oita/kusu,44,こいやき,たい焼き・大判焼き,,sweets,tb,True
oita/kusu,45,道の駅童話の里くす,郷土料理、パン,,japanese,tb,True
oita/kusu,46,URIKRI,ケーキ、スイーツ,,sweets,tb,True
oita/kusu,47,道の駅 慈恩の滝くす,道の駅,,other,none,False
oita/kusu,48,ベーカリー玖珠の杜,パン,,sweets,tb,True
oita/kusu,49,なかやしき,焼きそば、ラーメン、食堂,,noodles,tb,True
oita/kusu,50,金太郎,郷土料理、オムライス、食堂,,japanese,tb,True
oita/kusu,51,Cafeナイト&パパ,カフェ,,cafe,tb,True
oita/kusu,52,善平,ステーキ,,meat,tb,True
oita/kusu,53,やのとうふ店,その他、ドーナツ,,sweets,tb,False
oita/kusu,54,ろおかる,喫茶店,,cafe,tb,True
oita/kusu,55,加寿美,居酒屋,,izakaya,tb,True
oita/kusu,56,翔NO.2,焼き鳥,,meat,tb,True
oita/kusu,57,想夫恋 玖珠店,焼きそば,,noodles,tb,True
oita/kusu,58,日本焼肉大学,焼肉,,meat,tb,True
oita/kusu,59,唐福,からあげ、弁当,,meat,tb,True
oita/kusu,60,平川ようかん菓子舗,和菓子、せんべい、大福,,sweets,tb,True
oita/kusu,61,Suigetsu,,,other,none,False
oita/kusu,62,Yotaro Soba,,Japanese;Japanese - Other ,japanese,ta,True
oita/kusu,63,Kagami Healthy Land Jidori Chaya,,Japanese,japanese,ta,True
oita/kusu,64,Kintaro,,Japanese;International;Japanese - Other ,japanese,ta,True
oita/kusu,65,Konpira Udon Kusu Shiten,,Japanese;Japanese - Other ,japanese,ta,True
oita/kusu,66,Michi No Eki Douwa No Sato Kusu Jimoto Shokuzai Restaurant Kusu machi Kusu gun,,Japanese;International;Japanese - Other ,japanese,ta,True
oita/kusu,67,Katariyo,,Italian,european,ta,True
oita/kusu,68,Ima Mukashi,,Japanese,japanese,ta,True
oita/kusu,69,Tonkatsu Toka,,Japanese;Japanese - Other ,japanese,ta,True
oita/kusu,70,Sonoda,,Japanese,japanese,ta,True
oita/kusu,71,Sabo Hanatsubaki,,Japanese;Kaiseki;Japanese Fusion,japanese,ta,True
oita/kusu,72,Restaurant Kato,,,other,none,False
oita/kusu,73,Joyfull,,International,other,none,False
oita/kusu,74,Ajisai,,Chinese,chinese,ta,True
oita/kusu,75,Fukuman Tei,,Fast Food,casual,ta,True
oita/kusu,76,Mimmi,,Chinese,chinese,ta,True
oita/kusu,77,Satsuma Ramen Kusu,,,other,none,False
oita/kusu,78,Freshness Burger Oita Kusumachi Branch Kusu machi Kusu gun Oita Prefecture Kyus,,,other,none,False
oita/kusu,79,Sofuren Kusu,,Japanese;Japanese - Other ,japanese,ta,True
oita/kusu,80,Kokagetei,,Japanese;International;Japanese - Other ,japanese,ta,True
oita/kusu,81,Fuji An Sushi,,Japanese;Seafood;Sushi;Japanese - Other ,seafood,ta,True
oita/kusu,82,Jatkaa Coffee,,,other,none,False
oita/kusu,83,Teuchi Soba No Mise Hyakushou,,Japanese;Japanese - Other ,japanese,ta,True
oita/kusu,84,Fuji Ya Karaage Kusu,,,other,none,False
oita/kusu,85,味千ラーメンくす,,,other,none,False
oita/kusu,86,Hakata Ramen Umakatei,,,other,none,False
oita/kusu,87,あすなろ食堂,,Japanese;International;Japanese - Other ,japanese,ta,True
oita/kusu,88,山路,,Japanese;International;Japanese - Other ,japanese,ta,True
oita/kusu,89,Inuhariko,,Japanese,japanese,ta,True
oita/kusu,90,Food and Beverage Processing Wounds,,Japanese;International;Japanese - Other ,japanese,ta,True
oita/kusu,91,Cowbell Land Kusu,,Fusion,other,none,False
oita/kusu,92,Furusato Bento,,Japanese,japanese,ta,True
oita/kusu,93,秀屋,,Japanese;Japanese - Other ,japanese,ta,True
oita/kusu,94,Sho Yatakarazuka,,Japanese,japanese,ta,True
oita/nakatsu,1,や台ずし 中津駅南口町,居酒屋、寿司、海鮮,,izakaya,tb,True
oita/nakatsu,2,ふぁらく,インド料理,,curry,tb,True
oita/nakatsu,3,Spice イオンモール三光店,食堂、オムライス,,casual,tb,True
oita/nakatsu,4,SYLVESTER,バー,,izakaya,tb,True
oita/nakatsu,5,ディパ,インド料理、インドカレー,,curry,tb,True
oita/nakatsu,6,たにあらし,ちゃんこ鍋、居酒屋、日本料理,,izakaya,tb,False
oita/nakatsu,7,家庭料理 呑んた,居酒屋,,izakaya,tb,True
oita/nakatsu,8,千一,居酒屋、焼き鳥、からあげ,,izakaya,tb,True
oita/nakatsu,9,THE DRINK,バー,,izakaya,tb,True
oita/nakatsu,10,ディパ2号店 PRANSHI,インド料理,,curry,tb,True
oita/nakatsu,11,コメダ珈琲店 大分中津店,喫茶店,,cafe,tb,True
oita/nakatsu,12,ふくとん,とんかつ,,meat,tb,True
oita/nakatsu,13,中津味処 大花火,日本料理,,japanese,tb,True
oita/nakatsu,14,かがやけ,ダイニングバー、焼き鳥,,izakaya,tb,True
oita/nakatsu,15,一ツ家,そば、うどん,,noodles,tb,True
oita/nakatsu,16,おきな 守実店,からあげ,,meat,tb,True
oita/nakatsu,17,雨のち晴れ,おにぎり,,casual,tb,True
oita/nakatsu,18,油,餃子、居酒屋,,chinese,tb,True
oita/nakatsu,19,ごはんどき 中津店,食堂、ラーメン、かつ丼,,casual,tb,True
oita/nakatsu,20,居酒屋空,焼き鳥,,meat,tb,True
oita/nakatsu,21,風待ち珈琲,カフェ,,cafe,tb,True
oita/nakatsu,22,古民家かふぇ こずえ,カフェ,,cafe,tb,True
oita/nakatsu,23,モモヤ,焼肉,,meat,tb,True
oita/nakatsu,24,ピノキオ,ケーキ,,sweets,tb,True
oita/nakatsu,25,鶏屋 とくさん,焼き鳥、揚げ物、からあげ,,meat,tb,True
oita/nakatsu,26,季豆なカフェ,カフェ,,cafe,tb,True
oita/nakatsu,27,IWATOYU CAFE,カフェ,,cafe,tb,True
oita/nakatsu,28,obento えんむすび,弁当,,casual,tb,True
oita/nakatsu,29,門前茶屋 のどか。,食堂、カフェ,,casual,tb,True
oita/nakatsu,30,日比谷鳥こまち,焼き鳥,,meat,tb,True
oita/nakatsu,31,嵐坊 中津店,居酒屋,,izakaya,tb,True
oita/nakatsu,32,上宮永 清か,日本料理,,japanese,tb,True
oita/nakatsu,33,ろくめいかん,そば,,noodles,tb,True
oita/nakatsu,34,とんかつ豊後,とんかつ,,meat,tb,True
oita/nakatsu,35,家元,居酒屋,,izakaya,tb,True
oita/nakatsu,36,無添くら寿司 大分中津店,回転寿司,,seafood,tb,True
oita/nakatsu,37,そば処 ほたか,そば,,noodles,tb,True
oita/nakatsu,38,伊和太,焼き鳥,,meat,tb,True
oita/nakatsu,39,壱番亭 本店,中華料理、ちゃんぽん、食堂,,chinese,tb,True
oita/nakatsu,40,福寿宴中国料理店,中華料理、ラーメン,,chinese,tb,True
oita/nakatsu,41,ルーチェデルソーレ,イタリアン,,european,tb,True
oita/nakatsu,42,矢野 うどん,うどん、そば、おでん,,noodles,tb,True
oita/nakatsu,43,どんたく,居酒屋,,izakaya,tb,True
oita/nakatsu,44,丘,焼き鳥,,meat,tb,True
oita/nakatsu,45,ぶあいそ,居酒屋,,izakaya,tb,True
oita/nakatsu,46,奴寿司,寿司,,seafood,tb,True
oita/nakatsu,47,Dining Cafe Liebe,カフェ,,cafe,tb,True
oita/nakatsu,48,とりカラ,からあげ,,meat,tb,True
oita/nakatsu,49,文楽,レストラン,,other,none,False
oita/nakatsu,50,焼肉 韓国料理 韓国苑 中津沖代店,焼肉,,meat,tb,True
oita/nakatsu,51,たっとり屋,居酒屋、韓国料理,,izakaya,tb,True
oita/nakatsu,52,こうひいや,カフェ,,cafe,tb,True
oita/nakatsu,53,翔天食堂,ラーメン、食堂,,noodles,tb,True
oita/nakatsu,54,田中醤油,その他,,other,none,False
oita/nakatsu,55,お菓子の菊家 中津店,和菓子、洋菓子,,sweets,tb,True
oita/nakatsu,56,すりばち,居酒屋,,izakaya,tb,True
oita/nakatsu,57,ManaPono,スイーツ,,sweets,tb,True
oita/nakatsu,58,休憩所,バル、バー、スポーツバー,,european,tb,True
oita/nakatsu,59,わたなべ,イタリアン、洋食,,european,tb,True
oita/nakatsu,60,マイクロビストロ ベス,ダイニングバー,,izakaya,tb,True
oita/nakatsu,61,Murakami Shokudo,,Japanese,japanese,ta,True
oita/nakatsu,62,Ide Champon Nakatsu,,Japanese,japanese,ta,True
oita/nakatsu,63,Wafu Ajidokoro Kitaro,,Japanese;Japanese - Other ,japanese,ta,True
oita/nakatsu,64,Michi no Eki Nakatsu,,Japanese;International;Japanese - Other ,japanese,ta,True
oita/nakatsu,65,Horaiken,,Japanese,japanese,ta,True
oita/nakatsu,66,Japanese Restaurant Tsubaki,,Japanese;Seafood;Japanese - Other ,seafood,ta,True
oita/nakatsu,67,Nakatsu Karaage Moriyama Manda Main Store,,Japanese,japanese,ta,True
oita/nakatsu,68,Zenkaichaya,,Japanese;Japanese sweets parlour,japanese,ta,True
oita/oita,1,地鶏屋井むら,居酒屋、焼き鳥、水炊き,,izakaya,tb,True
oita/oita,2,四季の味 ぎんなん,日本料理、居酒屋、ふぐ,,japanese,tb,True
oita/oita,3,神戸元町ドリア アミュプラザおおいた店,洋食、オムライス、チーズ料理,,european,tb,True
oita/oita,4,汐彩割烹 よっちゃん,海鮮、ふぐ、寿司,,seafood,tb,True
oita/oita,5,ヒョンチャンプルコギ JR大分シティ店,韓国料理、居酒屋,,chinese,tb,True
oita/oita,6,新鮮な魚と大分名物とり天が自慢の居酒屋 みどり屋 大分中央町店,居酒屋、郷土料理、海鮮,,izakaya,tb,True
oita/oita,7,鶏籠,居酒屋、鳥料理、海鮮,,izakaya,tb,True
oita/oita,8,全席完全個室居酒屋 九州名物料理 雅庵 大分中央町店,居酒屋、海鮮、鍋,,izakaya,tb,True
oita/oita,9,磯焼き 庄八,海鮮、日本料理、居酒屋,,seafood,tb,True
oita/oita,10,七村酒店,居酒屋、海鮮、日本酒バー,,izakaya,tb,True
oita/oita,11,全席完全個室 九州料理 かこみ庵 大分中央町店,居酒屋、もつ鍋、海鮮,,izakaya,tb,True
oita/oita,12,串カツ田中 アミュプラザおおいた店,串揚げ、居酒屋、うどん,,japanese,tb,True
oita/oita,13,ほり川,日本料理、ふぐ,,japanese,tb,True
oita/oita,14,鷹の巣,鉄板焼き、ステーキ,,meat,tb,True
oita/oita,15,串家物語 パークプレイス大分店,串揚げ、居酒屋、ビュッフェ,,japanese,tb,True
oita/oita,16,全席個室 居酒屋 あや鶏 大分駅前 府内町店,居酒屋、焼き鳥、鳥料理,,izakaya,tb,True
oita/oita,17,みどり屋 離れ 大分府内町店,居酒屋、郷土料理、海鮮,,izakaya,tb,True
oita/oita,18,鮨和さび,寿司、海鮮、ふぐ,,seafood,tb,True
oita/oita,19,焼肉工房 シンキ 大分都町店,焼肉、ホルモン、居酒屋,,meat,tb,True
oita/oita,20,豊後魚鮮水産 大分駅前店,居酒屋、海鮮、寿司,,izakaya,tb,True
oita/oita,21,八州 大分府内町店,居酒屋、郷土料理、もつ鍋,,izakaya,tb,True
oita/oita,22,香家こうばしや 中央町店,居酒屋、海鮮、郷土料理,,izakaya,tb,True
oita/oita,23,俺の牡蠣 おおいた元気横丁店,居酒屋、かき、手羽先,,izakaya,tb,True
oita/oita,24,南蛮亭,ステーキ、鉄板焼き,,meat,tb,True
oita/oita,25,オロチと柊,居酒屋、郷土料理、海鮮,,izakaya,tb,True
oita/oita,26,竹善,海鮮,,seafood,tb,True
oita/oita,27,庭の食卓 四季,日本料理、カフェ,,japanese,tb,True
oita/oita,28,炭火焼鳥と水炊き 五郎一,居酒屋、焼き鳥、水炊き,,izakaya,tb,True
oita/oita,29,シエル・アジュール,フレンチ、洋食、レストラン,,european,tb,True
oita/oita,30,鮨の桐,寿司,,seafood,tb,True
oita/oita,31,dining&bar Neos,ダイニングバー,,izakaya,tb,True
oita/oita,32,魚馬ル,居酒屋,,izakaya,tb,True
oita/oita,33,大在 すりばち,居酒屋、焼き鳥、創作料理,,izakaya,tb,True
oita/oita,34,ひろ茂,日本料理、居酒屋,,japanese,tb,True
oita/oita,35,悦,イタリアン、牛料理、野菜料理,,european,tb,True
oita/oita,36,嵐坊  大分明野店,肉料理、鳥料理,,meat,tb,True
oita/oita,37,かがりび,居酒屋、鳥料理、海鮮,,izakaya,tb,True
oita/oita,38,焼とり凡 片島店,焼き鳥、居酒屋,,meat,tb,True
oita/oita,39,鉄板バル バッカーノ,ステーキ、居酒屋、鉄板焼き,,meat,tb,True
oita/oita,40,目利きの銀次 坂ノ市店,居酒屋、海鮮、創作料理,,izakaya,tb,True
oita/oita,41,赤兵衛,居酒屋,,izakaya,tb,True
oita/oita,42,アッパーガーデン 府内店,居酒屋,,izakaya,tb,True
oita/oita,43,嵐坊 大在店,鳥料理,,other,none,False
oita/oita,44,大衆酒場 蒸気浪漫,居酒屋、飲茶・点心、中華料理,,izakaya,tb,True
oita/oita,45,焼鳥まっちゃん,焼き鳥,,meat,tb,True
oita/oita,46,銀山亭別邸 今銀 おおいた和牛専門店,焼肉,,meat,tb,True
oita/oita,47,大分個室居酒屋 伊蔵,居酒屋、焼き鳥、焼肉,,izakaya,tb,True
oita/oita,48,Modern Chinese Restaurant OPERA,中華料理、四川料理、ビアホール,,chinese,tb,True
oita/oita,49,壷中の天地,日本料理、創作料理、居酒屋,,japanese,tb,True
oita/oita,50,BISTRO La vie est...,ビストロ、フレンチ,,european,tb,True
oita/oita,51,RAISE BAR,ダイニングバー、バー,,izakaya,tb,True
oita/oita,52,銀山亭 都町店,焼肉、ステーキ、居酒屋,,meat,tb,True
oita/oita,53,一魚一会,居酒屋,,izakaya,tb,True
oita/oita,54,ゼロワン食堂,居酒屋,,izakaya,tb,True
oita/oita,55,焼肉チング,焼肉、居酒屋,,meat,tb,True
oita/oita,56,焼肉居酒屋かんいち 大手町支店,焼肉、居酒屋,,meat,tb,True
oita/oita,57,中華料理 煌華,中華料理,,chinese,tb,True
oita/oita,58,炭劇場 徳永座 都町本店,ろばた焼き、焼き鳥、海鮮,,meat,tb,False
oita/oita,59,豊後牛ステーキの店 そむり 大分店,ステーキ、鉄板焼き、レストラン,,meat,tb,True
oita/oita,60,炭火焼鳥と博多水炊き 初代五郎一,居酒屋、焼き鳥、水炊き,,izakaya,tb,True
oita/oita,61,Kotsukotsuan,,Japanese;Japanese - Other ,japanese,ta,True
oita/oita,62,Sekiajisekisabakan,,Japanese;Seafood;Kyushu cuisine,seafood,ta,True
oita/oita,63,Sushi Robata Hachijo Chuomachi,,Japanese;Sushi,seafood,ta,True
oita/oita,64,Kami Fusen Chuomachi,,Japanese;Japanese - Other ,japanese,ta,True
oita/oita,65,Dainagon,,Japanese,japanese,ta,True
oita/oita,66,Japanese Grill Takaoya,,Japanese,japanese,ta,True
oita/oita,67,Totosaisai Toyokichi,,Japanese;Fusion;Japanese - Other ,japanese,ta,True
oita/oita,68,Kantekiya Oita Honten,,Japanese,japanese,ta,True
oita/oita,69,Izakaya Midoriya Oita Chuocho Branch,,Japanese;Seafood;International;Japanese Fusion,seafood,ta,True
oita/oita,70,Ayatori,,Japanese;Izakaya (Japanese Style Tavern),izakaya,ta,True
oita/oita,71,Goshado,,,other,none,False
oita/oita,72,Wanfuu,,Chinese,chinese,ta,True
oita/oita,73,Oita Usukinefugu Yoshinoya Oita,,Japanese;Seafood;Japanese - Other ,seafood,ta,True
oita/oita,74,Fukuya Oitaekimae,,,other,none,False
oita/oita,75,Kitchen Maruyama,,Japanese;International,japanese,ta,True
oita/oita,76,Nidaime Yoichi,,Seafood,seafood,ta,True
oita/oita,77,Uwosei,,Japanese;Seafood;Sushi;Japanese - Traditional Cuisine,seafood,ta,True
oita/oita,78,Jyugomangoku Hanazono,,Japanese,japanese,ta,True
oita/oita,79,OOTOYA Park Place Oita,,Japanese;Healthy,japanese,ta,True
oita/oita,80,Ootoya Tokiwa Wasada Town,,Japanese;Healthy,japanese,ta,True
oita/oita,81,Somuri Oita,,Japanese,japanese,ta,True
oita/oita,82,Sushi Dokoro Chiharu,,Japanese;Seafood;Sushi;Japanese - Other ,seafood,ta,True
oita/oita,83,Fugu Hatcho,,Japanese;Seafood;Japanese - Other ,seafood,ta,True
oita/oita,84,Emerushattori,,,other,none,False
oita/oita,85,Toriten Ikoi,,Japanese;Japanese - Other ,japanese,ta,True
oita/oita,86,Kapurichoza,,Italian,european,ta,True
oita/oita,87,Niwa No Shokutaku Shiki,,Japanese;Japanese - Traditional Cuisine,japanese,ta,True
oita/oita,88,Shikinoaji Ginnan,,Japanese;Japanese - Traditional Cuisine,japanese,ta,True
oita/oita,89,Italian Restaurant Rufina,,Italian,european,ta,True
oita/oita,90,Kokudo Kyuushi Ferry Canteen Umineko,,Japanese;International;Japanese - Other ,japanese,ta,True
oita/oita,91,CAPTAIN S INN,,Steakhouse,meat,ta,True
oita/oita,92,五十六屋,,Japanese,japanese,ta,True
oita/oita,93,Sawaya,,Japanese;Japanese - Other ,japanese,ta,True
oita/saiki,1,居食屋 喰いまくり会館,居酒屋,,izakaya,tb,True
oita/saiki,2,北の綿雪 大分カデンのエトウ店,ジェラート・アイスクリーム、カフェ,,sweets,tb,True
oita/saiki,3,ひょっとん,海鮮,,seafood,tb,True
oita/saiki,4,割烹　明月,日本料理,,japanese,tb,True
oita/saiki,5,みたらし,パン,,sweets,tb,True
oita/saiki,6,クレープ ティファニー 37,クレープ・ガレット,,sweets,tb,True
oita/saiki,7,みやこ寿司,寿司,,seafood,tb,True
oita/saiki,8,市場食堂 日保丸,海鮮、食堂、カレー,,seafood,tb,True
oita/saiki,9,山香園,弁当,,casual,tb,True
oita/saiki,10,風,寿司,,seafood,tb,True
oita/saiki,11,からあげ おちあい,からあげ,,meat,tb,True
oita/saiki,12,居酒屋八ひろ,居酒屋,,izakaya,tb,True
oita/saiki,13,焼肉太陽,焼肉,,meat,tb,True
oita/saiki,14,浦の麺屋ごとう,ラーメン,,noodles,tb,True
oita/saiki,15,とり将軍,居酒屋,,izakaya,tb,True
oita/saiki,16,かまえ食堂 丼どん,海鮮、海鮮丼、食堂,,seafood,tb,True
oita/saiki,17,Cafe Rin,パンケーキ、カフェ、ピザ,,cafe,tb,False
oita/saiki,18,正栄堂製菓,和菓子,,sweets,tb,True
oita/saiki,19,炭焼ステーキジュジュ,ステーキ,,meat,tb,True
oita/saiki,20,こじま,日本料理,,japanese,tb,True
oita/saiki,21,味っ子,居酒屋、海鮮,,izakaya,tb,True
oita/saiki,22,LE PIN PARASOL,洋菓子、カフェ,,sweets,tb,True
oita/saiki,23,カフェ＆ダイニング さいきりーふ,カフェ、カレー,,cafe,tb,True
oita/saiki,24,コヨミ,カフェ,,cafe,tb,True
oita/saiki,25,若宮鮮魚店,その他,,other,none,False
oita/saiki,26,茶寮櫓門,日本料理,,japanese,tb,True
oita/saiki,27,佐伯地魚 のん喜 葛港店,居酒屋、海鮮,,izakaya,tb,True
oita/saiki,28,焼肉処炙樂,焼肉,,meat,tb,True
oita/saiki,29,ティータイム,喫茶店,,cafe,tb,True
oita/saiki,30,すき家 217号佐伯店,牛丼,,casual,tb,True
oita/saiki,31,お食事処 ひょうたん小路,海鮮,,seafood,tb,True
oita/saiki,32,居酒屋 やま福,居酒屋,,izakaya,tb,True
oita/saiki,33,レストラン花,ピザ、カフェ、スイーツ,,european,tb,True
oita/saiki,34,グラバー亭,ラーメン,,noodles,tb,True
oita/saiki,35,海鮮焼き小屋 きちくりぃ～の,海鮮,,seafood,tb,True
oita/saiki,36,魚菜日和,弁当,,casual,tb,True
oita/saiki,37,ら～めん Risa うまいもん通り店,ラーメン,,noodles,tb,True
oita/saiki,38,雲心だるま,焼き鳥,,meat,tb,True
oita/saiki,39,コロッケ倶楽部 佐伯店,その他,,other,none,False
oita/saiki,40,ふじ笑,居酒屋,,izakaya,tb,True
oita/saiki,41,回,居酒屋,,izakaya,tb,True
oita/saiki,42,お食事処めぐみ,食堂、海鮮丼、居酒屋,,casual,tb,True
oita/saiki,43,まこと寿し,寿司,,seafood,tb,True
oita/saiki,44,乃羅,喫茶店,,cafe,tb,True
oita/saiki,45,テイクアウト なごみ～や,ソフトクリーム,,sweets,tb,True
oita/saiki,46,E-side kitchen はなれ,パン,,sweets,tb,True
oita/saiki,47,高橋水産,その他,,other,none,False
oita/saiki,48,菓子司 たけばやし,和菓子,,sweets,tb,True
oita/saiki,49,日の出フード,売店,,casual,tb,True
oita/saiki,50,汲心亭,その他,,other,none,False
oita/saiki,51,らうめん 点法輪,ラーメン,,noodles,tb,True
oita/saiki,52,鮮度壱番,寿司,,seafood,tb,True
oita/saiki,53,やまとや弁当,弁当、鳥料理、丼,,casual,tb,True
oita/saiki,54,誉,しゃぶしゃぶ、すき焼き、居酒屋,,meat,tb,True
oita/saiki,55,さいき海の市場〇,うどん,,noodles,tb,True
oita/saiki,56,檸檬派,ダイニングバー,,izakaya,tb,True
oita/saiki,57,焼肉井とう,焼肉、ホルモン,,meat,tb,True
oita/saiki,58,佐伯園,焼肉,,meat,tb,True
oita/saiki,59,お菓子のうめだ,ケーキ、和菓子、ジェラート・アイスクリーム,,sweets,tb,True
oita/saiki,60,スイーツカフェ スプーン,ケーキ、カフェ,,sweets,tb,True
oita/saiki,61,Michi No Eki Ume Rest House Umeria,,Japanese;International;Japanese - Other ,japanese,ta,True
oita/saiki,62,Shioyu,,Japanese;Seafood,seafood,ta,True
oita/saiki,63,Fukuzushi,,Japanese;Sushi,seafood,ta,True
oita/saiki,64,Saiki Seafood Market Maru,,Seafood,seafood,ta,True
oita/saiki,65,Ishokuya Kuimakuri Kaikan Glico,,Japanese;Izakaya (Japanese Style Tavern),izakaya,ta,True
oita/saiki,66,Monsieur Kawano,,French;European,european,ta,True
oita/saiki,67,Yakiniku Nanzan,,Barbecue,meat,ta,True
oita/saiki,68,Kaisen Maru,,Japanese;Seafood;Japanese - Other ,seafood,ta,True
oita/saiki,69,Toriryori Yufu,,Japanese,japanese,ta,True
oita/saiki,70,Tsurumi Kaibo Park,,Japanese,japanese,ta,True
oita/taketa,1,焼肉 陽はまたのぼる,焼肉、ホルモン,,meat,tb,True
oita/taketa,2,陽はまたのぼる 竹田本店,もつ鍋、居酒屋、郷土料理,,meat,tb,True
oita/taketa,3,しゃも料理 鶏家,鳥料理,,other,none,False
oita/taketa,4,nageia coffee,カフェ,,cafe,tb,True
oita/taketa,5,タビノトチュウ,カフェ、喫茶店、スイーツ,,cafe,tb,True
oita/taketa,6,お食事処 ますみ,居酒屋,,izakaya,tb,True
oita/taketa,7,Cafe SlowBeat,カフェ,,cafe,tb,True
oita/taketa,8,友修,郷土料理、そば、うなぎ,,japanese,tb,True
oita/taketa,9,cocochi,カフェ,,cafe,tb,True
oita/taketa,10,丸福本店,からあげ,,meat,tb,True
oita/taketa,11,ドライブイン みうら,食堂,,casual,tb,True
oita/taketa,12,すごう丸福,食堂、からあげ、居酒屋,,casual,tb,True
oita/taketa,13,心笑庵,そば,,noodles,tb,True
oita/taketa,14,お食事処桜瀬,食堂,,casual,tb,True
oita/taketa,15,かどぱん,パン、サンドイッチ、カフェ,,sweets,tb,True
oita/taketa,16,ガニ湯本舗 天風庵,うどん、うなぎ、海鮮,,noodles,tb,True
oita/taketa,17,ぽかぽか食堂,食堂,,casual,tb,True
oita/taketa,18,田舎食改革第1弾 嗚呼 隼 本店,ラーメン、焼肉、餃子,,noodles,tb,True
oita/taketa,19,モルカフェ,ジェラート・アイスクリーム,,sweets,tb,True
oita/taketa,20,サリモス,日本料理,,japanese,tb,True
oita/taketa,21,GRILLED BURGERS RAICHIKU,ハンバーガー、カレー,,casual,tb,True
oita/taketa,22,cafe&gallery&studio Hi! yoriyo,カフェ,,cafe,tb,True
oita/taketa,23,よしおか,焼肉,,meat,tb,True
oita/taketa,24,アートスペースカフェ大蔵清水湯,カフェ,,cafe,tb,True
oita/taketa,25,料庵 川瀬美,日本料理、郷土料理,,japanese,tb,True
oita/taketa,26,人形工房かじか,その他,,other,none,False
oita/taketa,27,花水月丸福,からあげ、うどん,,meat,tb,True
oita/taketa,28,とまり木,居酒屋,,izakaya,tb,True
oita/taketa,29,干潟ベーカリー,パン、洋菓子,,sweets,tb,True
oita/taketa,30,Halelea,カフェ,,cafe,tb,True
oita/taketa,31,カフェカプリセス,カフェ、サンドイッチ、パスタ,,cafe,tb,True
oita/taketa,32,亀福,食堂,,casual,tb,True
oita/taketa,33,まんじゅうハウス,和菓子,,sweets,tb,True
oita/taketa,34,ピットイン,食堂,,casual,tb,True
oita/taketa,35,但馬屋老舗 本店,和菓子,,sweets,tb,True
oita/taketa,36,小道具 三桁,カフェ,,cafe,tb,True
oita/taketa,37,法華院温泉山荘,その他,,other,none,False
oita/taketa,38,空,オムライス、カフェ,,european,tb,True
oita/taketa,39,くるみ食堂,ラーメン,,noodles,tb,True
oita/taketa,40,お菓子の菊家 竹田玉来店,和菓子、洋菓子,,sweets,tb,True
oita/taketa,41,久住高原コテージ,ホテル,,other,none,False
oita/taketa,42,さふらんごはん,カフェ、食堂,,cafe,tb,True
oita/taketa,43,久住高原カフェ&ギャラリー ミズシノモリ,カフェ,,cafe,tb,True
oita/taketa,44,長湯バルねはんや,バー、カフェ,,izakaya,tb,True
oita/taketa,45,ジプシースマイル,カフェ、バー,,cafe,tb,True
oita/taketa,46,水の駅 おづる丸福,食堂、からあげ,,casual,tb,True
oita/taketa,47,肉まる弁当,弁当,,casual,tb,True
oita/taketa,48,キップス,居酒屋,,izakaya,tb,True
oita/taketa,49,白丹屋,甘味処,,sweets,tb,True
oita/taketa,50,天恵塾食堂,ビュッフェ、フレンチ、スペイン料理,,casual,tb,True
oita/taketa,51,Taketa Marufuku,,Japanese,japanese,ta,True
oita/taketa,52,Hinode Shokudo,,Japanese,japanese,ta,True
oita/taketa,53,Yusuichaya,,Japanese,japanese,ta,True
oita/taketa,54,Tajimayarouho Honten,,Cafe,cafe,ta,True
oita/taketa,55,Organic Food Buffet Restaurant Nono Yasai,,Japanese,japanese,ta,True
oita/taketa,56,Kujuu Winery Ishigama Studio,,Pizza;International,european,ta,True
oita/taketa,57,Restaurant Meteo,,French;European,european,ta,True
oita/taketa,58,Tomoshu,,Japanese;Japanese - Other ,japanese,ta,True
oita/taketa,59,Champi,,French,european,ta,True
oita/tsukumi,1,しゃぶしゃぶ温野菜 大分津久見店,しゃぶしゃぶ,,meat,tb,True
oita/tsukumi,2,あそう,たい焼き・大判焼き,,sweets,tb,True
oita/tsukumi,3,e Lunch,弁当,,casual,tb,True
oita/tsukumi,4,海鮮瓦焼き 亀吉,海鮮、焼き鳥、居酒屋,,seafood,tb,True
oita/tsukumi,5,居酒らとらの子１９５７,焼き鳥,,meat,tb,True
oita/tsukumi,6,ニューポート,レストラン,,other,none,False
oita/tsukumi,7,割烹津港,日本料理,,japanese,tb,True
oita/tsukumi,8,三幸寿司,寿司,,seafood,tb,True
oita/tsukumi,9,Unique,たい焼き・大判焼き、カフェ,,sweets,tb,True
oita/tsukumi,10,まるい食堂,食堂,,casual,tb,True
oita/tsukumi,11,四季彩源兵衛,海鮮,,seafood,tb,True
oita/tsukumi,12,酒房のっけ,居酒屋,,izakaya,tb,True
oita/tsukumi,13,大谷菓子舗,和菓子,,sweets,tb,True
oita/tsukumi,14,豆が辻,スイーツ、その他,,sweets,tb,True
oita/tsukumi,15,HOTOJIMA海道,海鮮丼、かき氷、ソフトクリーム,,seafood,tb,True
oita/tsukumi,16,ジョイフル 津久見店,ファミレス,,casual,tb,True
oita/tsukumi,17,いさり火,レストラン,,other,none,False
oita/tsukumi,18,太田商店,郷土料理,,japanese,tb,True
oita/tsukumi,19,旬彩  湯木,居酒屋,,izakaya,tb,True
oita/tsukumi,20,ガレ,喫茶店,,cafe,tb,True
oita/tsukumi,21,来来,ラーメン,,noodles,tb,True
oita/tsukumi,22,たまちゃん,居酒屋,,izakaya,tb,True
oita/tsukumi,23,ベーカーシェフ 津久見店,パン,,sweets,tb,True
oita/tsukumi,24,ほっともっと 津久見駅前店,弁当,,casual,tb,True
oita/tsukumi,25,Open caffe 桜,カフェ、カレー、海鮮,,cafe,tb,True
oita/tsukumi,26,食事＆喫茶 かず,喫茶店,,cafe,tb,True
oita/tsukumi,27,ポッポおじさんの大分からあげ 津久見店,からあげ,,meat,tb,True
oita/tsukumi,28,かくれん坊,喫茶店,,cafe,tb,True
oita/tsukumi,29,NOMADE GARDEN,カフェ,,cafe,tb,True
oita/tsukumi,30,魚仙,レストラン,,other,none,False
oita/tsukumi,31,すいかじ,沖縄料理、沖縄そば,,japanese,tb,True
oita/tsukumi,32,うみえーる つくみんち,その他,,other,none,False
oita/tsukumi,33,お菓子の菊家 津久見店,和菓子、洋菓子,,sweets,tb,True
oita/tsukumi,34,カフェ・ド・エスプリ,喫茶店,,cafe,tb,True
oita/tsukumi,35,ミュージックカフェリヴァイブ,カフェ,,cafe,tb,True
oita/tsukumi,36,平和台,焼肉,,meat,tb,True
oita/tsukumi,37,料理工房 竹田,海鮮,,seafood,tb,True
oita/tsukumi,38,セブンイレブン 津久見松崎,コンビニ・スーパー,,daily,tb,True
oita/tsukumi,39,こたけ食堂,食堂,,casual,tb,True
oita/tsukumi,40,寿司富久,寿司,,seafood,tb,True
oita/tsukumi,41,八ちゃん堂 千怒崎店,たこ焼き,,casual,tb,True
oita/tsukumi,42,とりあん 津久見店,からあげ,,meat,tb,True
oita/tsukumi,43,汐の音,海鮮,,seafood,tb,True
oita/tsukumi,44,Le monde de Karen,パン,,sweets,tb,True
oita/tsukumi,45,セメント町かやく舎,カフェ,,cafe,tb,True
oita/tsukumi,46,優曇華,弁当,,casual,tb,True
oita/tsukumi,47,居酒屋 高槻,居酒屋,,izakaya,tb,True
oita/tsukumi,48,つくみマルシェ,ソフトクリーム、弁当,,sweets,tb,True
oita/tsukumi,49,花茶,中華料理,,chinese,tb,True
oita/tsukumi,50,千成,日本料理,,japanese,tb,True
oita/tsukumi,51,橘,日本料理,,japanese,tb,True
oita/tsukumi,52,八ちゃん堂 津久見店,たこ焼き,,casual,tb,True
oita/tsukumi,53,割烹かわ村,日本料理,,japanese,tb,True
oita/tsukumi,54,味好園,焼肉,,meat,tb,True
oita/tsukumi,55,新美賀久寿司,寿司,,seafood,tb,True
oita/tsukumi,56,ミルキーウェイ,喫茶店,,cafe,tb,True
oita/tsukumi,57,とく盛り弁当,弁当,,casual,tb,True
oita/tsukumi,58,空カフェ,弁当,,casual,tb,True
oita/tsukumi,59,喜伴,レストラン,,other,none,False
oita/tsukumi,60,ジビエの里,ジビエ料理,,other,none,False
oita/tsukumi,61,Umieru Tsukuminchi,,Japanese,japanese,ta,True
oita/tsukumi,62,Hamachaya,,Seafood,seafood,ta,True
oita/tsukumi,63,Shikisai Genbe,,Japanese,japanese,ta,True
oita/tsukumi,64,Joyfull,,International,other,none,False
oita/tsukumi,65,Tsukumi Marche,,Japanese,japanese,ta,True
oita/tsukumi,66,Sumibiyaki Kamekichi,,Japanese;Seafood;Grill,seafood,ta,True
oita/tsukumi,67,Ogawa Fish Restaurant,,Seafood,seafood,ta,True
oita/tsukumi,68,China Restaurant Hanacha,,Chinese;Japanese,chinese,ta,True
oita/tsukumi,69,Heiwadai,,Barbecue,meat,ta,True
oita/tsukumi,70,Shionooto,,,other,none,False
oita/tsukumi,71,New Ebisu,,Japanese;International;Japanese - Other ,japanese,ta,True
oita/usa,1,本場インド料理 ルパ 宇佐店,インドカレー、カレー、インド料理,,curry,tb,True
oita/usa,2,しゃぶしゃぶ温野菜 大分安心院店,しゃぶしゃぶ,,meat,tb,True
oita/usa,3,たこ焼から揚げ専門店 まんらい,たこ焼き、からあげ,,casual,tb,True
oita/usa,4,よつ屋手打ちうどん,うどん,,noodles,tb,True
oita/usa,5,アカゲラ,洋菓子、カフェ,,sweets,tb,True
oita/usa,6,納豆工房 大きな豆の木,その他,,other,none,False
oita/usa,7,ねぎ屋さんのねぎ焼き 宇佐神宮店,お好み焼き,,casual,tb,True
oita/usa,8,萬蔵,居酒屋,,izakaya,tb,True
oita/usa,9,天婦羅 たか,天ぷら,,japanese,tb,True
oita/usa,10,梅田家,和菓子、郷土料理,,sweets,tb,True
oita/usa,11,大分辛麺 くうかい,ラーメン,,noodles,tb,True
oita/usa,12,上野水産,その他,,other,none,False
oita/usa,13,ブレッドハウス 四日市店,パン,,sweets,tb,True
oita/usa,14,鉄板バル 葱屋 四日市店,郷土料理、居酒屋,,japanese,tb,True
oita/usa,15,お菓子の菊家 宇佐店,和菓子、洋菓子,,sweets,tb,True
oita/usa,16,アウトショップ,ソフトクリーム、たこ焼き、クレープ・ガレット,,sweets,tb,True
oita/usa,17,BERSULE,カフェ,,cafe,tb,True
oita/usa,18,井口屋,どじょう,,other,none,False
oita/usa,19,三林亭,日本料理、旅館・民宿,,japanese,tb,True
oita/usa,20,喫茶蓮華,喫茶店,,cafe,tb,True
oita/usa,21,是恒商店,その他,,other,none,False
oita/usa,22,豊いちうどん 宇佐店,うどん,,noodles,tb,True
oita/usa,23,BAKE STAND,パン、ベーグル,,sweets,tb,True
oita/usa,24,ハッピーアベリー,パン,,sweets,tb,True
oita/usa,25,Pit Cafe USA,コーヒースタンド,,cafe,tb,True
oita/usa,26,米沢観光園,焼き鳥、肉料理,,meat,tb,True
oita/usa,27,焼肉 力,焼肉,,meat,tb,True
oita/usa,28,本陣,食堂、天ぷら、からあげ,,casual,tb,True
oita/usa,29,B & B レストラン　ムジカ,食堂、居酒屋,,casual,tb,True
oita/usa,30,ウサノメグミ 空海,ダイニングバー、居酒屋、中華料理,,izakaya,tb,True
oita/usa,31,堀菓子舗,和菓子,,sweets,tb,True
oita/usa,32,よっちゃん食堂,食堂、お好み焼き、居酒屋,,casual,tb,True
oita/usa,33,フレンチカフェ キッチン101,フレンチ、ビストロ、洋食,,european,tb,True
oita/usa,34,からあげ ちえみ,からあげ,,meat,tb,True
oita/usa,35,富士屋,食堂,,casual,tb,True
oita/usa,36,八重,食堂,,casual,tb,True
oita/usa,37,宇佐からあげ おくだ,からあげ,,meat,tb,True
oita/usa,38,居酒屋 ペゴッパ,韓国料理、居酒屋,,chinese,tb,True
oita/usa,39,喫茶ママ,喫茶店、食堂、ケーキ,,cafe,tb,True
oita/usa,40,樹豆珈琲,カフェ,,cafe,tb,True
oita/usa,41,万福,日本料理,,japanese,tb,True
oita/usa,42,苺の丘,ジューススタンド,,cafe,tb,True
oita/usa,43,ホーントハッシュ,レストラン,,other,none,False
oita/usa,44,ナナンカフェ,カフェ,,cafe,tb,True
oita/usa,45,ひるめし屋なみ,弁当,,casual,tb,True
oita/usa,46,アジムひの木卵,その他,,other,none,False
oita/usa,47,マサ精肉店,惣菜・デリ,,casual,tb,True
oita/usa,48,清月堂,和菓子,,sweets,tb,True
oita/usa,49,ベーカリー パティオ,パン,,sweets,tb,True
oita/usa,50,長崎ちゃんぽん壱番亭,ちゃんぽん,,noodles,tb,True
oita/usa,51,LAWSON 安心院店,コンビニ・スーパー,,daily,tb,True
oita/usa,52,コート ア コート,カフェ,,cafe,tb,True
oita/usa,53,林んち,豆腐料理,,japanese,tb,True
oita/usa,54,中国庶民料理　珉,中華料理,,chinese,tb,True
oita/usa,55,池田鮮魚店,その他,,other,none,False
oita/usa,56,マルミヤストア 安心院店,弁当、パン、その他,,casual,tb,True
oita/usa,57,焼肉味楽園,焼肉,,meat,tb,True
oita/usa,58,寿,日本料理、弁当,,japanese,tb,True
oita/usa,59,こしき,日本料理、ふぐ,,japanese,tb,True
oita/usa,60,Bar Flower,バー,,izakaya,tb,True
oita/usa,61,Torian Honten,,Japanese,japanese,ta,True
oita/usa,62,Negiyahompo Jingu,,Japanese,japanese,ta,True
oita/usa,63,Rairaiken,,Chinese,chinese,ta,True
oita/usa,64,Sato No Ekionoiwanosho,,Japanese;Japanese - Other ,japanese,ta,True
oita/usa,65,Kankokan Bumpuku,,Japanese,japanese,ta,True
oita/usa,66,Ajimu Winery Restaurant Asaguiri No Sho,,Fusion,other,none,False
oita/usa,67,Kappo Koshita Ryokan,,Kappo,other,none,False
oita/usa,68,Togeno Curry Pokara,,Indian,curry,ta,True
oita/usa,69,Yo chan Ramen,,,other,none,False
oita/usa,70,Shioya,,Seafood,seafood,ta,True
oita/usa,71,Genroku Udon Usaten,,,other,none,False
oita/usuki,1,ふぐ・日本料理 喜楽庵,日本料理、郷土料理、ふぐ,,japanese,tb,True
oita/usuki,2,くつろぎ割烹 .馳走,日本料理,,japanese,tb,True
oita/usuki,3,山田屋,ふぐ、日本料理,,seafood,tb,True
oita/usuki,4,シーホース,喫茶店,,cafe,tb,True
oita/usuki,5,カフェかぎや,カフェ、ジェラート・アイスクリーム、カレー,,cafe,tb,True
oita/usuki,6,山庵,日本料理、ふぐ、郷土料理,,japanese,tb,True
oita/usuki,7,LAWSON 臼杵末広店,コンビニ・スーパー,,daily,tb,True
oita/usuki,8,くにみ,ケーキ、パン,,sweets,tb,True
oita/usuki,9,南風,レストラン,,other,none,False
oita/usuki,10,寛,居酒屋,,izakaya,tb,True
oita/usuki,11,ほっともっと 大分臼杵店,弁当,,casual,tb,True
oita/usuki,12,星月庵,日本料理,,japanese,tb,True
oita/usuki,13,良精堂,和菓子,,sweets,tb,True
oita/usuki,14,白楽天,中華料理,,chinese,tb,True
oita/usuki,15,からあげ大吉 うすき店,からあげ,,meat,tb,True
oita/usuki,16,うなぎ寿司天ぷら 三重野,うなぎ、日本料理、天ぷら,,seafood,tb,True
oita/usuki,17,エイトドーナツ結,売店,,casual,tb,True
oita/usuki,18,LAWSON 臼杵市役所前店,コンビニ・スーパー,,daily,tb,True
oita/usuki,19,福々亭,焼きそば,,noodles,tb,True
oita/usuki,20,三共水産,その他,,other,none,False
oita/usuki,21,村上煎餅本舗,和菓子,,sweets,tb,True
oita/usuki,22,越乃,居酒屋,,izakaya,tb,True
oita/usuki,23,あづさ家,日本料理,,japanese,tb,True
oita/usuki,24,TAVERNA329,イタリアン,,european,tb,True
oita/usuki,25,甘味茶屋まるや,甘味処、レストラン,,sweets,tb,True
oita/usuki,26,野口朝日堂,和菓子,,sweets,tb,True
oita/usuki,27,まりぃずしふぉん,ケーキ,,sweets,tb,True
oita/usuki,28,祇園食堂,食堂,,casual,tb,True
oita/usuki,29,藤居酒造株式会社,その他,,other,none,False
oita/usuki,30,春光園,ふぐ,,seafood,tb,True
oita/usuki,31,ウエムラ・ブレッド,パン,,sweets,tb,True
oita/usuki,32,高島,ふぐ、日本料理,,seafood,tb,True
oita/usuki,33,quotidien,カフェ、洋菓子,,cafe,tb,True
oita/usuki,34,灯りCafe,カフェ,,cafe,tb,True
oita/usuki,35,カトマンズ,カレー、食堂,,curry,tb,True
oita/usuki,36,小手川酒造,その他,,other,none,False
oita/usuki,37,一無彩,喫茶店,,cafe,tb,True
oita/usuki,38,料亭八番,日本料理,,japanese,tb,True
oita/usuki,39,高橋高進堂,和菓子,,sweets,tb,True
oita/usuki,40,ミカングラ,フレンチ,,european,tb,True
oita/usuki,41,菓子工房 うさ味の縁側,洋菓子,,sweets,tb,True
oita/usuki,42,ROUTE 502 COFFEE,カフェ,,cafe,tb,True
oita/usuki,43,フレンド,ステーキ,,meat,tb,True
oita/usuki,44,橋本屋,日本料理,,japanese,tb,True
oita/usuki,45,福わ内,寿司、日本料理,,seafood,tb,True
oita/usuki,46,らーめんBANRI 臼杵店,ラーメン,,noodles,tb,True
oita/usuki,47,ジョイフル 臼杵インター店,ファミレス,,casual,tb,True
oita/usuki,48,ほっともっと 臼杵野田店,弁当,,casual,tb,True
oita/usuki,49,むぎ饅,和菓子,,sweets,tb,True
oita/usuki,50,ワンワンドッグダイナー,ホットドッグ、パン、ハンバーガー,,sweets,tb,False
oita/usuki,51,宵乃ま,バー、カフェ、洋菓子,,izakaya,tb,True
oita/usuki,52,石窯パン工房　パンロード,パン,,sweets,tb,True
oita/usuki,53,百年の春,カフェ,,cafe,tb,True
oita/usuki,54,カトマンズ,インドカレー、ネパール料理、インド料理,,curry,tb,True
oita/usuki,55,みかくと木もれ陽,寿司,,seafood,tb,True
oita/usuki,56,ジャスマン,喫茶店,,cafe,tb,True
oita/usuki,57,京屋,日本料理,,japanese,tb,True
oita/usuki,58,ジョイフル 臼杵店,ファミレス,,casual,tb,True
oita/usuki,59,敦煌,中華料理,,chinese,tb,True
oita/usuki,60,カフェ デリカッテ,ヨーロッパ料理、アジア・エスニック,,european,tb,True
oita/usuki,61,Kyozen Usami,,Japanese,japanese,ta,True
oita/usuki,62,Kotegawa Shoten,,Japanese;Japanese - Other ,japanese,ta,True
oita/usuki,63,Seigetsuan,,Japanese;Shojin,japanese,ta,True
oita/usuki,64,Yamadaya Usukihonten,,Japanese;Seafood;Japanese - Traditional Cuisine,seafood,ta,True
oita/usuki,65,Yufu,,Japanese,japanese,ta,True
oita/usuki,66,Yaoden,,Japanese;Seafood,seafood,ta,True
oita/usuki,67,Fukuwauchi,,Seafood,seafood,ta,True
oita/usuki,68,Spanish Bar Cafe Lamancha,,Spanish,european,ta,True
oita/usuki,69,Kirakuan,,Japanese;Japanese - Traditional Cuisine,japanese,ta,True
oita/usuki,70,Kagiya,,,other,none,False
oita/yufu,1,レストラン 南の風,イタリアン、カフェ、ワインバー,,european,tb,True
oita/yufu,2,七輪炭火焼 啓修庵,肉料理、焼肉、鳥料理,,meat,tb,True
oita/yufu,3,白頭山,焼肉,,meat,tb,True
oita/yufu,4,寿司ゆふいん,寿司,,seafood,tb,True
oita/yufu,5,由布院 しいたけキッチン,野菜料理,,japanese,tb,True
oita/yufu,6,食楽処 和,郷土料理,,japanese,tb,True
oita/yufu,7,たべものや１２の月,洋食,,european,tb,True
oita/yufu,8,かふぇ ほおのき,カフェ,,cafe,tb,True
oita/yufu,9,清美堂 駅前通り店,食堂,,casual,tb,True
oita/yufu,10,レジーナリゾート由布院,ホテル,,other,none,False
oita/yufu,11,夢二CAFE,カフェ,,cafe,tb,True
oita/yufu,12,風の丘,カフェ,,cafe,tb,True
oita/yufu,13,茄子屋,郷土料理、食堂,,japanese,tb,True
oita/yufu,14,日本茶 5toku,ティースタンド,,other,none,False
oita/yufu,15,味処きたの,日本料理,,japanese,tb,True
oita/yufu,16,てっぱん焼 由布庵,居酒屋,,izakaya,tb,True
oita/yufu,17,宗教法人跣足カルメル会修道院,洋菓子、その他,,sweets,tb,True
oita/yufu,18,Cafe＆Bar リンデン,喫茶店、バー,,cafe,tb,True
oita/yufu,19,珈琲工房 木馬,カフェ,,cafe,tb,True
oita/yufu,20,うっしっし,焼肉,,meat,tb,True
oita/yufu,21,ごま福堂 湯布院店,和菓子,,sweets,tb,True
oita/yufu,22,レモネード&スイーツ リモ,ジューススタンド、洋菓子,,cafe,tb,True
oita/yufu,23,由布院炭焼 邦櫻,肉料理,,meat,tb,True
oita/yufu,24,cafe.e‐denn,カフェ,,cafe,tb,True
oita/yufu,25,ダイニング 風花,カフェ、バー,,cafe,tb,True
oita/yufu,26,御食事処 岳庵,日本料理、郷土料理,,japanese,tb,True
oita/yufu,27,nicoドーナツ 湯布院本店,ドーナツ、カフェ,,sweets,tb,True
oita/yufu,28,ゆふいん 文学の森,カフェ,,cafe,tb,True
oita/yufu,29,おいちゃんうどん,うどん,,noodles,tb,True
oita/yufu,30,塚原温泉 火口乃泉,その他,,other,none,False
oita/yufu,31,売店豊の辻,売店,,casual,tb,True
oita/yufu,32,鰻の成瀬 湯布院金鱗湖店,うなぎ,,seafood,tb,True
oita/yufu,33,湯布院 神楽,食堂、日本料理,,casual,tb,True
oita/yufu,34,陣屋市場 ふれあい茶屋,郷土料理,,japanese,tb,True
oita/yufu,35,森の喫茶店　四季,喫茶店,,cafe,tb,True
oita/yufu,36,勢吉茶屋,そば、うどん,,noodles,tb,True
oita/yufu,37,ジョイフル 大分湯布院店,ファミレス,,casual,tb,True
oita/yufu,38,うな北 由布院店,うなぎ,,seafood,tb,True
oita/yufu,39,食彩や 五衛門 別館,日本料理,,japanese,tb,True
oita/yufu,40,湯布院 串焼き CARNE,焼き鳥、鳥料理、郷土料理,,meat,tb,True
oita/yufu,41,soeurs,パン,,sweets,tb,True
oita/yufu,42,ろばた源,ろばた焼き,,other,none,False
oita/yufu,43,菊すけ,カレーうどん、うどん、そば,,noodles,tb,False
oita/yufu,44,里の駅 川西農産物加工直売所,その他,,other,none,False
oita/yufu,45,摘み草せんべい　ぽこあぽこ,スイーツ、ピザ,,sweets,tb,True
oita/yufu,46,中島九条珈琲 湯布院駅前店,コーヒースタンド,,cafe,tb,True
oita/yufu,47,牛かつ一禅,牛カツ,,other,none,False
oita/yufu,48,由布院Milch 本店,洋菓子、ジェラート・アイスクリーム,,sweets,tb,True
oita/yufu,49,Yufumabushi Shin Yufuin Ekimae,,Japanese;Asian;Japanese - Other ,chinese,ta,True
oita/yufu,50,Yunotake an,,Japanese,japanese,ta,True
oita/yufu,51,Sabou Tenjosajiki,,Cafe,cafe,ta,True
oita/yufu,52,Yufu Mabushi Shin Kinrinko Honten,,Japanese;Japanese - Other ,japanese,ta,True
oita/yufu,53,B speak,,Japanese sweets parlour,sweets,desc,False
oita/yufu,54,Wasaku,,Japanese;Barbecue;Asian,meat,ta,True
oita/yufu,55,Hidamari Shokudo,,Japanese;International;Japanese - Other ,japanese,ta,True
oita/yufu,56,Yufuin Kinsho Croquettes,,Cafe;Fast Food;Asian,cafe,ta,True
oita/yufu,57,Yufuin Milch,,Cafe,cafe,ta,True
oita/yufu,58,Gen Ekimae,,Japanese;Japanese - Other ,japanese,ta,True
