oita/bungotakada|Dining|1,十割蕎麦　ゑつ,r2-hash-vs-listing:https://tblg.k-img.com/restaurant/images/Rvw/364400/640x640_rect_4e76b25fc063b6ca9e339acfc7a21142.jpg,card photo belonged to another card (photo-shift fix); own listing photo not on R2,hubfix-all,十割蕎麦　ゑつ,https://tabelog.com/oita/A4403/A440301/44005321/
oita/bungotakada|Dining|12,中華そば 山猫,r2-hash-vs-listing:https://tblg.k-img.com/restaurant/images/Rvw/337466/640x640_rect_c1411afc56a90addaeea17a638b1b39c.jpg,card photo belonged to another card (photo-shift fix); own listing photo not on R2,hubfix-all,中華そば 山猫,https://tabelog.com/oita/A4403/A440302/44011902/
oita/bungotakada|Dining|15,みちくさ,r2-hash-vs-listing:https://tblg.k-img.com/restaurant/images/Rvw/134619/640x640_rect_134619925.jpg,card photo belonged to another card (photo-shift fix); own listing photo not on R2,hubfix-all,みちくさ,https://tabelog.com/oita/A4404/A440402/44005434/
oita/bungotakada|Dining|19,菓子禅高田屋,r2-hash-vs-listing:https://tblg.k-img.com/resize/640x640c/restaurant/images/Rvw/351209/94c06a978ea5f97508c343a76df2540e.jpg?token=7c53249&api=v2,card photo belonged to another card (photo-shift fix); own listing photo not on R2,hubfix-all,菓子禅高田屋,https://tabelog.com/oita/A4404/A440402/44007432/
oita/bungotakada|Dining|30,旬彩 南蔵,r2-hash-vs-listing:https://tblg.k-img.com/restaurant/images/Rvw/4548/640x640_rect_4548048.jpg,card photo belonged to another card (photo-shift fix); own listing photo not on R2,hubfix-all,旬彩 南蔵,https://tabelog.com/oita/A4403/A440301/44000230/
oita/bungotakada|Dining|38,肉処 和,r2-hash-vs-listing:https://tblg.k-img.com/restaurant/images/Rvw/179039/640x640_rect_552b143c36009944ea21cfee723fadd9.jpg,card photo belonged to another card (photo-shift fix); own listing photo not on R2,hubfix-all,肉処 和,https://tabelog.com/oita/A4404/A440402/44006412/
oita/bungotakada|Dining|57,味処　豊後,r2-hash-vs-listing:https://tblg.k-img.com/resize/640x640c/restaurant/images/Rvw/93696/93696998.jpg?token=1be2bd1&api=v2,card photo belonged to another card (photo-shift fix); own listing photo not on R2,hubfix-all,味処　豊後,https://tabelog.com/oita/A4403/A440302/44006427/
oita/bungotakada|Dining|77,咲くら,r2-hash-vs-listing:https://tblg.k-img.com/restaurant/images/Rvw/180462/640x640_rect_8b7c3f238d8969acad407a5eda609305.jpg,card photo belonged to another card (photo-shift fix); own listing photo not on R2,hubfix-all,咲くら,https://tabelog.com/oita/A4404/A440402/44012615/
oita/bungotakada|Dining|97,焼肉一善,r2-hash-vs-listing:https://tblg.k-img.com/restaurant/images/Rvw/275831/640x640_rect_a59ea2591ced1c4ec694285828b5aaf1.jpg,card photo belonged to another card (photo-shift fix); own listing photo not on R2,hubfix-all,焼肉一善,https://tabelog.com/oita/A4403/A440301/44008092/
oita/bungotakada|Dining|116,Peco,r2-hash-vs-listing:https://tblg.k-img.com/restaurant/images/Rvw/360679/640x640_rect_bd2c0dadbebc03567660791c97dd35ae.jpg,card photo belonged to another card (photo-shift fix); own listing photo not on R2,hubfix-all,Peco,https://tabelog.com/oita/A4404/A440402/44012502/
oita/bungotakada|Dining|136,ブレッドハウス 高田店,r2-hash-vs-listing:https://tblg.k-img.com/images/no_photo_350x350.gif,card photo belonged to another card (photo-shift fix); own listing photo not on R2,hubfix-all,ブレッドハウス 高田店,https://tabelog.com/oita/A4404/A440402/44006231/
oita/hiji|Dining|1,とん吉,r2-hash-vs-listing:https://tblg.k-img.com/restaurant/images/Rvw/219753/640x640_rect_b28e93d37474c62fb7f7889a6356f71f.jpg,card photo belonged to another card (photo-shift fix); own listing photo not on R2,hubfix-all,とん吉,https://tabelog.com/oita/A4403/A440301/44002506/
oita/hiji|Dining|4,マインズ,r2-hash-vs-listing:https://tblg.k-img.com/resize/640x640c/restaurant/images/Rvw/42055/42055752.jpg?token=2b1937f&api=v2,card photo belonged to another card (photo-shift fix); own listing photo not on R2,hubfix-all,マインズ,https://tabelog.com/oita/A4403/A440301/44000685/
oita/hiji|Dining|12,デカ弁 日出店,r2-hash-vs-listing:https://tblg.k-img.com/restaurant/images/Rvw/190496/640x640_rect_7d18f9b62db9d57b5f2b25a773728ecc.jpg,card photo belonged to another card (photo-shift fix); own listing photo not on R2,hubfix-all,デカ弁 日出店,https://tabelog.com/oita/A4403/A440301/44005729/
oita/hiji|Dining|20,幸喜屋うどん,r2-hash-vs-listing:https://tblg.k-img.com/restaurant/images/Rvw/211753/640x640_rect_1719be78f1c5b1616f002251e5981ebb.jpg,card photo belonged to another card (photo-shift fix); own listing photo not on R2,hubfix-all,幸喜屋うどん,https://tabelog.com/oita/A4403/A440301/44002065/
oita/hiji|Dining|40,お好み喫茶 輪,r2-hash-vs-listing:https://tblg.k-img.com/restaurant/images/Rvw/7633/640x640_rect_7633717.jpg,card photo belonged to another card (photo-shift fix); own listing photo not on R2,hubfix-all,お好み喫茶 輪,https://tabelog.com/oita/A4403/A440301/44000549/
oita/hiji|Dining|44,モコモコ シーガーデン日出店,r2-hash-vs-listing:https://tblg.k-img.com/resize/640x640c/restaurant/images/Rvw/85418/85418406.jpg?token=6a46241&api=v2,card photo belonged to another card (photo-shift fix); own listing photo not on R2,hubfix-all,モコモコ シーガーデン日出店,https://tabelog.com/oita/A4403/A440301/44008122/
oita/hiji|Dining|59,ギャラリーKAN,r2-hash-vs-listing:https://tblg.k-img.com/restaurant/images/Rvw/733/640x640_rect_733781.jpg,card photo belonged to another card (photo-shift fix); own listing photo not on R2,hubfix-all,ギャラリーKAN,https://tabelog.com/oita/A4402/A440202/44000950/
oita/hiji|Dining|74,ジョイフル 日出店,r2-hash-vs-listing:https://tblg.k-img.com/restaurant/images/Rvw/385697/640x640_rect_3337b2331c54db8b6f4feaa980970b79.jpg,card photo belonged to another card (photo-shift fix); own listing photo not on R2,hubfix-all,ジョイフル 日出店,https://tabelog.com/oita/A4403/A440301/44003332/
oita/hiji|Dining|79,はんなりの香暮れ家 萌の華,r2-hash-vs-listing:https://tblg.k-img.com/restaurant/images/Rvw/364643/640x640_rect_68841b25197c095c9261e7169119493b.jpg,card photo belonged to another card (photo-shift fix); own listing photo not on R2,hubfix-all,はんなりの香暮れ家 萌の華,https://tabelog.com/oita/A4403/A440301/44011331/
oita/hiji|Dining|99,ほっともっと 大分日出店,r2-hash-vs-listing:https://tblg.k-img.com/resize/640x640c/restaurant/images/Rvw/117900/117900208.jpg?token=ab8f76b&api=v2,card photo belonged to another card (photo-shift fix); own listing photo not on R2,hubfix-all,ほっともっと 大分日出店,https://tabelog.com/oita/A4403/A440301/44008517/
oita/kitsuki|Dining|1,キツキテラス,r2-hash-vs-listing:https://tblg.k-img.com/resize/640x640c/restaurant/images/Rvw/358374/aa1526ef88e30021c6b8adbeb937debf.jpg?token=e80d529&api=v2,card photo belonged to another card (photo-shift fix); own listing photo not on R2,hubfix-all,キツキテラス,https://tabelog.com/oita/A4403/A440301/44011889/
oita/kitsuki|Dining|21,杵築ラーメン 清新亭本店,r2-hash-vs-listing:https://tblg.k-img.com/restaurant/images/Rvw/166267/640x640_rect_3c540075aedcdc4fa3828d651f7088bd.jpg,card photo belonged to another card (photo-shift fix); own listing photo not on R2,hubfix-all,杵築ラーメン 清新亭本店,https://tabelog.com/oita/A4403/A440301/44000618/
oita/kitsuki|Dining|41,おうちごはん おしゃれ小屋,r2-hash-vs-listing:https://tblg.k-img.com/restaurant/images/Rvw/377261/640x640_rect_03af4894220886447ac7ae8e7e8378f0.jpg,card photo belonged to another card (photo-shift fix); own listing photo not on R2,hubfix-all,おうちごはん おしゃれ小屋,https://tabelog.com/oita/A4403/A440301/44011558/
oita/kitsuki|Dining|61,のみめしや 勝,r2-hash-vs-listing:https://tblg.k-img.com/restaurant/images/Rvw/225191/640x640_rect_d13c1b3cd6a81840a3812953f85022ac.jpg,card photo belonged to another card (photo-shift fix); own listing photo not on R2,hubfix-all,のみめしや 勝,https://tabelog.com/oita/A4403/A440301/44013216/
oita/kitsuki|Dining|68,ジョイフル 大分杵築店,r2-hash-vs-listing:https://tblg.k-img.com/restaurant/images/Rvw/385697/640x640_rect_5fd1467276c115d33724b87af5ef447f.jpg,card photo belonged to another card (photo-shift fix); own listing photo not on R2,hubfix-all,ジョイフル 大分杵築店,https://tabelog.com/oita/A4403/A440301/44004050/
oita/kitsuki|Dining|81,風の一丘,r2-hash-vs-listing:https://tblg.k-img.com/restaurant/images/Rvw/150931/640x640_rect_150931342.jpg,card photo belonged to another card (photo-shift fix); own listing photo not on R2,hubfix-all,風の一丘,https://tabelog.com/oita/A4403/A440301/44011283/
oita/kitsuki|Dining|83,ふじやからあげ,r2-hash-vs-listing:https://tblg.k-img.com/resize/640x640c/restaurant/images/Rvw/106577/106577397.jpg?token=e61d0fe&api=v2,card photo belonged to another card (photo-shift fix); own listing photo not on R2,hubfix-all,ふじやからあげ,https://tabelog.com/oita/A4403/A440301/44010928/
oita/kitsuki|Dining|95,パティスリー・ジーク,r2-hash-vs-listing:https://tblg.k-img.com/restaurant/images/Rvw/191233/640x640_rect_aaaaeb2ee454da166f2335c0adfef764.jpg,card photo belonged to another card (photo-shift fix); own listing photo not on R2,hubfix-all,パティスリー・ジーク,https://tabelog.com/oita/A4403/A440301/44009676/
oita/kitsuki|Dining|101,近藤製パン,r2-hash-vs-listing:https://tblg.k-img.com/resize/640x640c/restaurant/images/Rvw/97643/97643128.jpg?token=a1252cb&api=v2,card photo belonged to another card (photo-shift fix); own listing photo not on R2,hubfix-all,近藤製パン,https://tabelog.com/oita/A4403/A440301/44009172/
