yamaguchi/abu|Dining|1,道の駅 阿武町,r2-hash-vs-listing:https://tblg.k-img.com/restaurant/images/Rvw/328711/640x640_rect_4817aa926fcd55ba7374eacb341fedcf.jpg,card photo belonged to another card (photo-shift fix); own listing photo not on R2,hubfix-all,道の駅 阿武町,https://tabelog.com/yamaguchi/A3503/A350301/35008359/
yamaguchi/hirao|Dining|1,麺鮮醤油房 周月 山口平生店,r2-hash-vs-listing:https://tblg.k-img.com/restaurant/images/Rvw/247381/640x640_rect_1979df9625336f7dff28e4326616be94.jpg,card photo belonged to another card (photo-shift fix); own listing photo not on R2,hubfix-all,麺鮮醤油房 周月 山口平生店,https://tabelog.com/yamaguchi/A3506/A350602/35006068/
yamaguchi/hirao|Dining|21,カラオケ喫茶 華,r2-hash-vs-listing:https://tblg.k-img.com/resize/640x640c/restaurant/images/Rvw/70715/70715829.jpg?token=421d9ce&api=v2,card photo belonged to another card (photo-shift fix); own listing photo not on R2,hubfix-all,カラオケ喫茶 華,https://tabelog.com/yamaguchi/A3506/A350602/35009835/
yamaguchi/hirao|Dining|27,カラオケ喫茶 艶歌路,r2-hash-vs-listing:https://tblg.k-img.com/restaurant/images/Rvw/70267/640x640_rect_70267516.jpg,card photo belonged to another card (photo-shift fix); own listing photo not on R2,hubfix-all,カラオケ喫茶 艶歌路,https://tabelog.com/yamaguchi/A3506/A350602/35009836/
yamaguchi/kaminoseki|Dining|1,カフェレストラン 瀬里家,r2-hash-vs-listing:https://tblg.k-img.com/restaurant/images/Rvw/50805/640x640_rect_50805741.jpg,card photo belonged to another card (photo-shift fix); own listing photo not on R2,hubfix-all,カフェレストラン 瀬里家,https://tabelog.com/yamaguchi/A3506/A350602/35000754/
yamaguchi/kudamatsu|Dining|2,のん太鮨 下松店,r2-hash-vs-listing:https://tblg.k-img.com/resize/640x640c/restaurant/images/Rvw/324966/ded48f7bd7767333f8293eaffdb0d2af.jpg?token=e2a53e7&api=v2,card photo belonged to another card (photo-shift fix); own listing photo not on R2,hubfix-all,のん太鮨 下松店,https://tabelog.com/yamaguchi/A3505/A350502/35000594/
yamaguchi/kudamatsu|Dining|7,KEY'S CAFE 山口下松SA店,r2-hash-vs-listing:https://tblg.k-img.com/restaurant/images/Rvw/362742/640x640_rect_45256c1866fa1b9b06e4e11d28244f56.jpg,card photo belonged to another card (photo-shift fix); own listing photo not on R2,hubfix-all,KEY'S CAFE 山口下松SA店,https://tabelog.com/yamaguchi/A3505/A350502/35013063/
yamaguchi/kudamatsu|Dining|20,鳥勝,r2-hash-vs-listing:https://tblg.k-img.com/restaurant/images/Rvw/287212/640x640_rect_79fa7a4f71d1a65f407ef21b0db39ce1.jpg,card photo belonged to another card (photo-shift fix); own listing photo not on R2,hubfix-all,鳥勝,https://tabelog.com/yamaguchi/A3505/A350502/35000627/
yamaguchi/kudamatsu|Dining|42,すすめ！ヴァイキング 徳山東店,r2-hash-vs-listing:https://tblg.k-img.com/restaurant/images/Rvw/186703/640x640_rect_30f19114d0d2a836616b066754137dcd.jpg,card photo belonged to another card (photo-shift fix); own listing photo not on R2,hubfix-all,すすめ！ヴァイキング 徳山東店,https://tabelog.com/yamaguchi/A3505/A350502/35000601/
yamaguchi/kudamatsu|Dining|60,食蔵 升吉,r2-hash-vs-listing:https://tblg.k-img.com/resize/640x640c/restaurant/images/Rvw/373290/412e32e0bb5f6cecdd5feed589f21856.jpg?token=052b5a9&api=v2,card photo belonged to another card (photo-shift fix); own listing photo not on R2,hubfix-all,食蔵 升吉,https://tabelog.com/yamaguchi/A3505/A350502/35001379/
yamaguchi/kudamatsu|Dining|70,さぬきうどん 天霧 下松店,r2-hash-vs-listing:https://tblg.k-img.com/resize/640x640c/restaurant/images/Rvw/161802/161802139.jpg?token=4c79d75&api=v2,card photo belonged to another card (photo-shift fix); own listing photo not on R2,hubfix-all,さぬきうどん 天霧 下松店,https://tabelog.com/yamaguchi/A3505/A350502/35001687/
yamaguchi/kudamatsu|Dining|79,だんだん,r2-hash-vs-listing:https://tblg.k-img.com/restaurant/images/Rvw/380239/640x640_rect_ae260b31ab57e3e4dd0bd7ef215c420b.jpg,card photo belonged to another card (photo-shift fix); own listing photo not on R2,hubfix-all,だんだん,https://tabelog.com/yamaguchi/A3505/A350502/35005218/
yamaguchi/kudamatsu|Dining|99,マクドナルド 下松店,r2-hash-vs-listing:https://tblg.k-img.com/restaurant/images/Rvw/117546/640x640_rect_117546528.jpg,card photo belonged to another card (photo-shift fix); own listing photo not on R2,hubfix-all,マクドナルド 下松店,https://tabelog.com/yamaguchi/A3505/A350502/35006707/
yamaguchi/kudamatsu|Dining|120,炎S 下松店,r2-hash-vs-listing:https://tblg.k-img.com/resize/640x640c/restaurant/images/Rvw/176314/8df4ad89423f946ebbb6205bead1e4ff.jpg?token=a572f01&api=v2,card photo belonged to another card (photo-shift fix); own listing photo not on R2,hubfix-all,炎S 下松店,https://tabelog.com/yamaguchi/A3505/A350502/35011233/
yamaguchi/kudamatsu|Dining|126,ろくの家 下松店,r2-hash-vs-listing:https://tblg.k-img.com/restaurant/images/Rvw/199878/640x640_rect_846436c4d6999519f58e81a3a092db65.jpg,card photo belonged to another card (photo-shift fix); own listing photo not on R2,hubfix-all,ろくの家 下松店,https://tabelog.com/yamaguchi/A3505/A350502/35008907/
yamaguchi/kudamatsu|Dining|138,SUN MARCHE,r2-hash-vs-listing:https://tblg.k-img.com/resize/640x640c/restaurant/images/Rvw/367007/7fc8c434cf4c02b0869b15c9c0338cf1.jpg?token=ce5554a&api=v2,card photo belonged to another card (photo-shift fix); own listing photo not on R2,hubfix-all,SUN MARCHE,https://tabelog.com/yamaguchi/A3505/A350502/35014862/
yamaguchi/kudamatsu|Dining|158,ジョイフル 下松河内店,r2-hash-vs-listing:https://tblg.k-img.com/restaurant/images/Rvw/385697/640x640_rect_5fd1467276c115d33724b87af5ef447f.jpg,card photo belonged to another card (photo-shift fix); own listing photo not on R2,hubfix-all,ジョイフル 下松河内店,https://tabelog.com/yamaguchi/A3505/A350502/35000618/
yamaguchi/kudamatsu|Dining|172,Ban,r2-hash-vs-listing:https://tblg.k-img.com/restaurant/images/Rvw/23161/640x640_rect_23161366.jpg,card photo belonged to another card (photo-shift fix); own listing photo not on R2,hubfix-all,Ban,https://tabelog.com/yamaguchi/A3505/A350502/35008089/
yamaguchi/kudamatsu|Dining|174,ほうえい堂 本店,r2-hash-vs-listing:https://tblg.k-img.com/restaurant/images/Rvw/123057/640x640_rect_123057917.jpg,card photo belonged to another card (photo-shift fix); own listing photo not on R2,hubfix-all,ほうえい堂 本店,https://tabelog.com/yamaguchi/A3505/A350502/35000731/
yamaguchi/kudamatsu|Dining|178,ワ ラウンジ,r2-hash-vs-listing:https://tblg.k-img.com/resize/640x640c/restaurant/images/Rvw/197923/e3d7015840ba97a75e053983d33aba85.jpg?token=284ee08&api=v2,card photo belonged to another card (photo-shift fix); own listing photo not on R2,hubfix-all,ワ ラウンジ,https://tabelog.com/yamaguchi/A3505/A350501/35012324/
yamaguchi/kudamatsu|Dining|198,3COINS+plus ゆめタウン下松店,r2-hash-vs-listing:https://tblg.k-img.com/restaurant/images/Rvw/256800/640x640_rect_ae1c1b9cc37ef162b0dbc6ea63e6c2ec.jpg,card photo belonged to another card (photo-shift fix); own listing photo not on R2,hubfix-all,3COINS+plus ゆめタウン下松店,https://tabelog.com/yamaguchi/A3505/A350502/35013814/
yamaguchi/mine|Dining|1,弁天会館,r2-hash-vs-listing:https://tblg.k-img.com/restaurant/images/Rvw/379358/640x640_rect_aa1bee1adffdf5302c073ea645bcfc44.jpg,card photo belonged to another card (photo-shift fix); own listing photo not on R2,hubfix-all,弁天会館,https://tabelog.com/yamaguchi/A3504/A350402/35006366/
yamaguchi/mine|Dining|21,和屋,r2-hash-vs-listing:https://tblg.k-img.com/restaurant/images/Rvw/179471/640x640_rect_328107a9250c4114c0d3f76699767086.jpg,card photo belonged to another card (photo-shift fix); own listing photo not on R2,hubfix-all,和屋,https://tabelog.com/yamaguchi/A3504/A350402/35001662/
yamaguchi/mine|Dining|40,泉流庭,r2-hash-vs-listing:https://tblg.k-img.com/restaurant/images/Rvw/194920/640x640_rect_12a3496f0531c296ee9e381f5f4df386.jpg,card photo belonged to another card (photo-shift fix); own listing photo not on R2,hubfix-all,泉流庭,https://tabelog.com/yamaguchi/A3504/A350402/35006957/
yamaguchi/mine|Dining|60,LIME STONE,r2-hash-vs-listing:https://tblg.k-img.com/restaurant/images/Rvw/361114/640x640_rect_38e2f6ce062e24c7ed8c44b62852df7b.jpg,card photo belonged to another card (photo-shift fix); own listing photo not on R2,hubfix-all,LIME STONE,https://tabelog.com/yamaguchi/A3504/A350402/35014517/
yamaguchi/mine|Dining|62,らあめん花月嵐 美東サービスエリア店,r2-hash-vs-listing:https://tblg.k-img.com/resize/640x640c/restaurant/images/Rvw/321708/5ccd6fb8a1b74e675e809094cba9577d.jpg?token=41ed98a&api=v2,card photo belonged to another card (photo-shift fix); own listing photo not on R2,hubfix-all,らあめん花月嵐 美東サービスエリア店,https://tabelog.com/yamaguchi/A3504/A350402/35009047/
yamaguchi/mine|Dining|74,秋吉台家族旅行村 ログハウス食堂,r2-hash-vs-listing:https://tblg.k-img.com/resize/640x640c/restaurant/images/Rvw/60079/60079121.jpg?token=a548ddb&api=v2,card photo belonged to another card (photo-shift fix); own listing photo not on R2,hubfix-all,秋吉台家族旅行村 ログハウス食堂,https://tabelog.com/yamaguchi/A3504/A350402/35008882/
yamaguchi/mine|Dining|78,大平楽焼肉店,r2-hash-vs-listing:https://tblg.k-img.com/restaurant/images/Rvw/38219/640x640_rect_38219141.jpg,card photo belonged to another card (photo-shift fix); own listing photo not on R2,hubfix-all,大平楽焼肉店,https://tabelog.com/yamaguchi/A3504/A350402/35004907/
yamaguchi/mine|Dining|98,秋芳名水特産品直売所,r2-hash-vs-listing:https://tblg.k-img.com/restaurant/images/Rvw/217240/640x640_rect_62404bd3609b30a90994182ed86e0751.jpg,card photo belonged to another card (photo-shift fix); own listing photo not on R2,hubfix-all,秋芳名水特産品直売所,https://tabelog.com/yamaguchi/A3504/A350402/35012780/
yamaguchi/mine|Dining|111,市民会館食堂,r2-hash-vs-listing:https://tblg.k-img.com/restaurant/images/Rvw/19718/640x640_rect_19718218.jpg,card photo belonged to another card (photo-shift fix); own listing photo not on R2,hubfix-all,市民会館食堂,https://tabelog.com/yamaguchi/A3504/A350402/35005699/
yamaguchi/mine|Dining|118,お好み亭 ごとう,r2-hash-vs-listing:https://tblg.k-img.com/restaurant/images/Rvw/291600/640x640_rect_533e2a7a89e24613f1e83f111cc3c5f9.jpg,card photo belonged to another card (photo-shift fix); own listing photo not on R2,hubfix-all,お好み亭 ごとう,https://tabelog.com/yamaguchi/A3504/A350402/35011742/
yamaguchi/mine|Dining|121,直売所みとう,r2-hash-vs-listing:https://tblg.k-img.com/resize/640x640c/restaurant/images/Rvw/136725/136725883.jpg?token=0acb4b6&api=v2,card photo belonged to another card (photo-shift fix); own listing photo not on R2,hubfix-all,直売所みとう,https://tabelog.com/yamaguchi/A3504/A350402/35009783/
yamaguchi/mine|Dining|125,みずしま,r2-hash-vs-listing:https://tblg.k-img.com/restaurant/images/Rvw/90877/640x640_rect_90877544.jpg,card photo belonged to another card (photo-shift fix); own listing photo not on R2,hubfix-all,みずしま,https://tabelog.com/yamaguchi/A3504/A350402/35010915/
yamaguchi/sanyoonoda|Dining|1,ラーメン加藤,r2-hash-vs-listing:https://tblg.k-img.com/restaurant/images/Rvw/322362/640x640_rect_b25e01f37b46ab861bcd5a93c45f7ccc.jpg,card photo belonged to another card (photo-shift fix); own listing photo not on R2,hubfix-all,ラーメン加藤,https://tabelog.com/yamaguchi/A3504/A350401/35009802/
yamaguchi/sanyoonoda|Dining|20,飛寅,r2-hash-vs-listing:https://tblg.k-img.com/resize/640x640c/restaurant/images/Rvw/248518/035c2b71d6e84095b0259dbd6bc5dbce.jpg?token=3c179b1&api=v2,card photo belonged to another card (photo-shift fix); own listing photo not on R2,hubfix-all,飛寅,https://tabelog.com/yamaguchi/A3504/A350401/35008924/
yamaguchi/sanyoonoda|Dining|40,灯,r2-hash-vs-listing:https://tblg.k-img.com/restaurant/images/Rvw/96865/640x640_rect_96865194.jpg,card photo belonged to another card (photo-shift fix); own listing photo not on R2,hubfix-all,灯,https://tabelog.com/yamaguchi/A3504/A350401/35008641/
yamaguchi/sanyoonoda|Dining|52,ASA Station Hotel,r2-hash-vs-listing:https://tblg.k-img.com/restaurant/images/Rvw/201453/640x640_rect_40e05cb96b3f3ad849ed7897839681c8.jpg,card photo belonged to another card (photo-shift fix); own listing photo not on R2,hubfix-all,ASA Station Hotel,https://tabelog.com/yamaguchi/A3504/A350401/35013134/
yamaguchi/sanyoonoda|Dining|59,金来順,r2-hash-vs-listing:https://tblg.k-img.com/resize/640x640c/restaurant/images/Rvw/335953/c05d2b43c4415d4c5e80ec6cea97d2c9.jpg?token=bc1ed31&api=v2,card photo belonged to another card (photo-shift fix); own listing photo not on R2,hubfix-all,金来順,https://tabelog.com/yamaguchi/A3504/A350401/35009625/
yamaguchi/sanyoonoda|Dining|67,じゅうじゅう焼肉 カルビ大陸 小野田店,r2-hash-vs-listing:https://tblg.k-img.com/restaurant/images/Rvw/69758/640x640_rect_69758233.jpg,card photo belonged to another card (photo-shift fix); own listing photo not on R2,hubfix-all,じゅうじゅう焼肉 カルビ大陸 小野田店,https://tabelog.com/yamaguchi/A3504/A350401/35000408/
yamaguchi/sanyoonoda|Dining|78,入船,r2-hash-vs-listing:https://tblg.k-img.com/resize/640x640c/restaurant/images/Rvw/60448/60448472.jpg?token=fc538ce&api=v2,card photo belonged to another card (photo-shift fix); own listing photo not on R2,hubfix-all,入船,https://tabelog.com/yamaguchi/A3504/A350401/35001717/
yamaguchi/sanyoonoda|Dining|86,駅うどん 日の出屋,r2-hash-vs-listing:https://tblg.k-img.com/resize/640x640c/restaurant/images/Rvw/207846/b20a9b15e7033f61e652d2928c9acd68.jpg?token=aa9fc61&api=v2,card photo belonged to another card (photo-shift fix); own listing photo not on R2,hubfix-all,駅うどん 日の出屋,https://tabelog.com/yamaguchi/A3504/A350401/35012387/
yamaguchi/sanyoonoda|Dining|97,焼鳥 とも,r2-hash-vs-listing:https://tblg.k-img.com/restaurant/images/Rvw/166534/640x640_rect_cf5c5837b688eb69a7525d1d9e27a919.jpg,card photo belonged to another card (photo-shift fix); own listing photo not on R2,hubfix-all,焼鳥 とも,https://tabelog.com/yamaguchi/A3504/A350401/35012482/
yamaguchi/sanyoonoda|Dining|117,長崎ちゃんめん 山口小野田店,r2-hash-vs-listing:https://tblg.k-img.com/resize/640x640c/restaurant/images/Rvw/337942/1cf427f75c8e593c0c62b41e685354e1.jpg?token=b6a829f&api=v2,card photo belonged to another card (photo-shift fix); own listing photo not on R2,hubfix-all,長崎ちゃんめん 山口小野田店,https://tabelog.com/yamaguchi/A3504/A350401/35001820/
yamaguchi/sanyoonoda|Dining|137,七輪焼肉 銀のホルモン,r2-hash-vs-listing:https://tblg.k-img.com/restaurant/images/Rvw/243410/640x640_rect_bf2d81a9aaf525c8c428cbc536299cad.jpg,card photo belonged to another card (photo-shift fix); own listing photo not on R2,hubfix-all,七輪焼肉 銀のホルモン,https://tabelog.com/yamaguchi/A3504/A350401/35013348/
yamaguchi/sanyoonoda|Dining|140,ジョイフル 山口厚狭店,r2-hash-vs-listing:https://tblg.k-img.com/restaurant/images/Rvw/385697/640x640_rect_5fd1467276c115d33724b87af5ef447f.jpg,card photo belonged to another card (photo-shift fix); own listing photo not on R2,hubfix-all,ジョイフル 山口厚狭店,https://tabelog.com/yamaguchi/A3504/A350401/35004991/
yamaguchi/sanyoonoda|Dining|146,ダイニング ハラヤ,r2-hash-vs-listing:https://tblg.k-img.com/resize/640x640c/restaurant/images/Rvw/334434/81890b32fbb3e80e134484f5dbe54b68.jpg?token=3041c0e&api=v2,card photo belonged to another card (photo-shift fix); own listing photo not on R2,hubfix-all,ダイニング ハラヤ,https://tabelog.com/yamaguchi/A3504/A350401/35008733/
yamaguchi/sanyoonoda|Dining|157,千夜,r2-hash-vs-listing:https://tblg.k-img.com/restaurant/images/Rvw/324229/640x640_rect_9b5f1faf21a661336b66d438dda8b944.jpg,card photo belonged to another card (photo-shift fix); own listing photo not on R2,hubfix-all,千夜,https://tabelog.com/yamaguchi/A3504/A350401/35014487/
yamaguchi/sanyoonoda|Dining|164,十六雑穀オムライス＆ドリア専門店 おむらいす亭 山口おのだサンパーク店,r2-hash-vs-listing:https://tblg.k-img.com/resize/640x640c/restaurant/images/Rvw/282785/55a2147c9ec03b05940494e0990bedbc.jpg?token=cab11a6&api=v2,card photo belonged to another card (photo-shift fix); own listing photo not on R2,hubfix-all,十六雑穀オムライス＆ドリア専門店 おむらいす亭 山口おのだサンパーク店,https://tabelog.com/yamaguchi/A3504/A350401/35007044/
yamaguchi/sanyoonoda|Dining|167,ジョイフル 小野田中川店,r2-hash-vs-listing:https://tblg.k-img.com/restaurant/images/Rvw/385697/640x640_rect_5fd1467276c115d33724b87af5ef447f.jpg,card photo belonged to another card (photo-shift fix); own listing photo not on R2,hubfix-all,ジョイフル 小野田中川店,https://tabelog.com/yamaguchi/A3504/A350401/35004992/
yamaguchi/sanyoonoda|Dining|177,ジョリーパスタ 山陽小野田店,r2-hash-vs-listing:https://tblg.k-img.com/restaurant/images/Rvw/266095/640x640_rect_b7d294bab40e6459915fc4f843104bb7.jpg,card photo belonged to another card (photo-shift fix); own listing photo not on R2,hubfix-all,ジョリーパスタ 山陽小野田店,https://tabelog.com/yamaguchi/A3504/A350401/35013914/
yamaguchi/sanyoonoda|Dining|197,ホルモン勝龍,r2-hash-vs-listing:https://tblg.k-img.com/resize/640x640c/restaurant/images/Rvw/99956/99956596.jpg?token=3160d0b&api=v2,card photo belonged to another card (photo-shift fix); own listing photo not on R2,hubfix-all,ホルモン勝龍,https://tabelog.com/yamaguchi/A3504/A350401/35011099/
yamaguchi/sanyoonoda|Dining|210,天然温泉みちしお 休憩スペース,r2-hash-vs-listing:https://tblg.k-img.com/resize/640x640c/restaurant/images/Rvw/25940/25940750.jpg?token=42b2496&api=v2,card photo belonged to another card (photo-shift fix); own listing photo not on R2,hubfix-all,天然温泉みちしお 休憩スペース,https://tabelog.com/yamaguchi/A3504/A350401/35008303/
yamaguchi/sanyoonoda|Dining|217,めん六や 山口小野田店,r2-hash-vs-listing:https://tblg.k-img.com/restaurant/images/Rvw/156708/640x640_rect_156708253.jpg,card photo belonged to another card (photo-shift fix); own listing photo not on R2,hubfix-all,めん六や 山口小野田店,https://tabelog.com/yamaguchi/A3504/A350401/35010536/
yamaguchi/sanyoonoda|Dining|235,お食事工房キッチン,r2-hash-vs-listing:https://tblg.k-img.com/images/no_photo_350x350.gif,card photo belonged to another card (photo-shift fix); own listing photo not on R2,hubfix-all,お食事工房キッチン,https://tabelog.com/yamaguchi/A3504/A350401/35012389/
yamaguchi/suoooshima|Dining|1,たちばなや食堂,r2-hash-vs-listing:https://tblg.k-img.com/resize/640x640c/restaurant/images/Rvw/263909/2a0874b5b60c0d311615ebbb5f3ea7ea.jpg?token=b35c299&api=v2,card photo belonged to another card (photo-shift fix); own listing photo not on R2,hubfix-all,たちばなや食堂,https://tabelog.com/yamaguchi/A3506/A350603/35000970/
yamaguchi/suoooshima|Dining|21,遊食酒房 ちどり本店,r2-hash-vs-listing:https://tblg.k-img.com/restaurant/images/Rvw/181879/640x640_rect_95f76be4af2265e84e203cb994d39354.jpg,card photo belonged to another card (photo-shift fix); own listing photo not on R2,hubfix-all,遊食酒房 ちどり本店,https://tabelog.com/yamaguchi/A3506/A350603/35000123/
yamaguchi/suoooshima|Dining|41,お好焼まきちゃん,r2-hash-vs-listing:https://tblg.k-img.com/restaurant/images/Rvw/322512/640x640_rect_c825c7cc9c105fededeffb47d41490af.jpg,card photo belonged to another card (photo-shift fix); own listing photo not on R2,hubfix-all,お好焼まきちゃん,https://tabelog.com/yamaguchi/A3506/A350603/35008057/
yamaguchi/suoooshima|Dining|50,COFFEE コナ with FINE FOODS,r2-hash-vs-listing:https://tblg.k-img.com/restaurant/images/Rvw/181803/640x640_rect_b5002438f7d8a10508eafc8ebeda4436.jpg,card photo belonged to another card (photo-shift fix); own listing photo not on R2,hubfix-all,COFFEE コナ with FINE FOODS,https://tabelog.com/yamaguchi/A3506/A350603/35007190/
yamaguchi/suoooshima|Dining|60,伊川製菓,r2-hash-vs-listing:https://tblg.k-img.com/restaurant/images/Rvw/246044/640x640_rect_8915a8597b12f69061b715329aeeba4b.jpg,card photo belonged to another card (photo-shift fix); own listing photo not on R2,hubfix-all,伊川製菓,https://tabelog.com/yamaguchi/A3506/A350603/35009826/
yamaguchi/suoooshima|Dining|68,周防大島お魚センター,r2-hash-vs-listing:https://tblg.k-img.com/restaurant/images/Rvw/91525/640x640_rect_91525459.jpg,card photo belonged to another card (photo-shift fix); own listing photo not on R2,hubfix-all,周防大島お魚センター,https://tabelog.com/yamaguchi/A3506/A350603/35006308/
yamaguchi/suoooshima|Dining|79,お好み焼き しずちゃん,r2-hash-vs-listing:https://tblg.k-img.com/restaurant/images/Rvw/366144/640x640_rect_ccc45a379e49359673e618ad7c17cd46.jpg,card photo belonged to another card (photo-shift fix); own listing photo not on R2,hubfix-all,お好み焼き しずちゃん,https://tabelog.com/yamaguchi/A3506/A350603/35013367/
yamaguchi/tabuse|Dining|1,克 本店,r2-hash-vs-listing:https://tblg.k-img.com/restaurant/images/Rvw/335805/640x640_rect_85f022a1f70e5c0ada1fdc19d9204872.jpg,card photo belonged to another card (photo-shift fix); own listing photo not on R2,hubfix-all,克 本店,https://tabelog.com/yamaguchi/A3506/A350602/35007421/
yamaguchi/tabuse|Dining|4,レザンジュ,r2-hash-vs-listing:https://tblg.k-img.com/resize/640x640c/restaurant/images/Rvw/5473/5473483.jpg?token=1e17031&api=v2,card photo belonged to another card (photo-shift fix); own listing photo not on R2,hubfix-all,レザンジュ,https://tabelog.com/yamaguchi/A3506/A350602/35005125/
yamaguchi/tabuse|Dining|21,TAMS,r2-hash-vs-listing:https://tblg.k-img.com/restaurant/images/Rvw/302156/640x640_rect_0378c3e9a44ef0692fdd7eae9ae3f740.jpg,card photo belonged to another card (photo-shift fix); own listing photo not on R2,hubfix-all,TAMS,https://tabelog.com/yamaguchi/A3506/A350602/35013579/
yamaguchi/waki|Dining|1,ゾーナイタリア 蜂ヶ峯,r2-hash-vs-listing:https://tblg.k-img.com/restaurant/images/Rvw/366959/640x640_rect_2b79e1a85a4996c2471ea71bc461ce5a.jpg,card photo belonged to another card (photo-shift fix); own listing photo not on R2,hubfix-all,ゾーナイタリア 蜂ヶ峯,https://tabelog.com/yamaguchi/A3506/A350601/35012182/
yamaguchi/waki|Dining|7,マルキュウ 和木店,r2-hash-vs-listing:https://tblg.k-img.com/resize/640x640c/restaurant/images/Rvw/82950/828f8e5385a98f7ea832b7ca7df0107b.jpg?token=17272c2&api=v2,card photo belonged to another card (photo-shift fix); own listing photo not on R2,hubfix-all,マルキュウ 和木店,https://tabelog.com/yamaguchi/A3506/A350601/35010696/
yamaguchi/yanai|Dining|1,ぶっとび亭,r2-hash-vs-listing:https://tblg.k-img.com/restaurant/images/Rvw/344433/640x640_rect_0cda5c29b4c8db06aea88e7a8f0431ff.jpg,card photo belonged to another card (photo-shift fix); own listing photo not on R2,hubfix-all,ぶっとび亭,https://tabelog.com/yamaguchi/A3506/A350602/35010182/
yamaguchi/yanai|Dining|21,うまいもんや 魚好人,r2-hash-vs-listing:https://tblg.k-img.com/restaurant/images/Rvw/368787/640x640_rect_4efd1f9a34e001303cf72f390d6db1e3.jpg,card photo belonged to another card (photo-shift fix); own listing photo not on R2,hubfix-all,うまいもんや 魚好人,https://tabelog.com/yamaguchi/A3506/A350602/35001895/
yamaguchi/yanai|Dining|41,三鈴食堂,r2-hash-vs-listing:https://tblg.k-img.com/resize/640x640c/restaurant/images/Rvw/276494/85ab44394c3bc93349dcb4f4d28cd478.jpg?token=e236919&api=v2,card photo belonged to another card (photo-shift fix); own listing photo not on R2,hubfix-all,三鈴食堂,https://tabelog.com/yamaguchi/A3506/A350602/35000875/
yamaguchi/yanai|Dining|53,丸久 柳井店,r2-hash-vs-listing:https://tblg.k-img.com/restaurant/images/Rvw/353691/640x640_rect_73d2f79a64f5f3730dac1acf0de52c26.jpg,card photo belonged to another card (photo-shift fix); own listing photo not on R2,hubfix-all,丸久 柳井店,https://tabelog.com/yamaguchi/A3506/A350602/35014377/
yamaguchi/yanai|Dining|60,うずしお母さんの店,r2-hash-vs-listing:https://tblg.k-img.com/restaurant/images/Rvw/190058/640x640_rect_7d0d34a0e1721d6c25762a62ecee98c1.jpg,card photo belonged to another card (photo-shift fix); own listing photo not on R2,hubfix-all,うずしお母さんの店,https://tabelog.com/yamaguchi/A3506/A350602/35006817/
yamaguchi/yanai|Dining|80,山里ひづみ,r2-hash-vs-listing:https://tblg.k-img.com/restaurant/images/Rvw/368105/640x640_rect_271f7d59f661cc4d5e38ecd3247d1d42.jpg,card photo belonged to another card (photo-shift fix); own listing photo not on R2,hubfix-all,山里ひづみ,https://tabelog.com/yamaguchi/A3506/A350602/35008585/
yamaguchi/yanai|Dining|100,JA山口県 農産物直売所 遊気百菜館,r2-hash-vs-listing:https://tblg.k-img.com/restaurant/images/Rvw/178000/640x640_rect_4133287d2426208315ded1d9ae67bec3.jpg,card photo belonged to another card (photo-shift fix); own listing photo not on R2,hubfix-all,JA山口県 農産物直売所 遊気百菜館,https://tabelog.com/yamaguchi/A3506/A350602/35012700/
yamaguchi/yanai|Dining|120,すき家 188号柳井店,r2-hash-vs-listing:https://tblg.k-img.com/restaurant/images/Rvw/248260/640x640_rect_0bdf170c224865db2ea2589be9cafdaf.jpg,card photo belonged to another card (photo-shift fix); own listing photo not on R2,hubfix-all,すき家 188号柳井店,https://tabelog.com/yamaguchi/A3506/A350602/35007691/
yamaguchi/yanai|Dining|125,ジョイフル 山口大畠店,r2-hash-vs-listing:https://tblg.k-img.com/resize/640x640c/restaurant/images/Rvw/356069/6c4dafffa7f26faff2f930b4db41de10.jpg?token=df17f71&api=v2,card photo belonged to another card (photo-shift fix); own listing photo not on R2,hubfix-all,ジョイフル 山口大畠店,https://tabelog.com/yamaguchi/A3506/A350602/35004966/
yamaguchi/yanai|Dining|140,CEREZO,r2-hash-vs-listing:https://tblg.k-img.com/restaurant/images/Rvw/76790/640x640_rect_76790467.jpg,card photo belonged to another card (photo-shift fix); own listing photo not on R2,hubfix-all,CEREZO,https://tabelog.com/yamaguchi/A3506/A350602/35010344/
yamaguchi/yanai|Dining|160,411,r2-hash-vs-listing:https://tblg.k-img.com/restaurant/images/Rvw/291312/640x640_rect_1fd403457b504b5a5d51d51a7b612b35.jpg,card photo belonged to another card (photo-shift fix); own listing photo not on R2,hubfix-all,411,https://tabelog.com/yamaguchi/A3506/A350602/35014028/
yamaguchi/yanai|Dining|196,ダイニングバー トリトン,r2-hash-vs-listing:https://tblg.k-img.com/images/no_photo_350x350.gif,card photo belonged to another card (photo-shift fix); own listing photo not on R2,hubfix-all,ダイニングバー トリトン,https://tabelog.com/yamaguchi/A3506/A350602/35012795/
