akita/akita|Dining|1,f,r2-hash-vs-listing:https://tblg.k-img.com/restaurant/images/Rvw/181456/640x640_rect_80e5f402e886bc2b5549b183f329d2d7.jpg,card photo belonged to another card (photo-shift fix); own listing photo not on R2,hubfix-all,f,https://tabelog.com/akita/A0501/A050101/5009499/
akita/akita|Dining|21,さけ富,r2-hash-vs-listing:https://tblg.k-img.com/restaurant/images/Rvw/89470/640x640_rect_89470826.jpg,card photo belonged to another card (photo-shift fix); own listing photo not on R2,hubfix-all,さけ富,https://tabelog.com/akita/A0501/A050101/5008588/
akita/akita|Dining|41,キムラ,r2-hash-vs-listing:https://tblg.k-img.com/restaurant/images/Rvw/178635/640x640_rect_19e66825eb4cacddfad0c8ea7406afce.jpg,card photo belonged to another card (photo-shift fix); own listing photo not on R2,hubfix-all,キムラ,https://tabelog.com/akita/A0501/A050101/5008807/
akita/akita|Dining|61,たつ福,r2-hash-vs-listing:https://tblg.k-img.com/resize/640x640c/restaurant/images/Rvw/258803/b738f1873f622a79550c1b98865bea4b.jpg?token=04eb78a&api=v2,card photo belonged to another card (photo-shift fix); own listing photo not on R2,hubfix-all,たつ福,https://tabelog.com/akita/A0501/A050101/5000006/
akita/akita|Dining|81,ひもり,r2-hash-vs-listing:https://tblg.k-img.com/restaurant/images/Rvw/248713/640x640_rect_5fe5e873c37195907eafcd94ecbc61dd.jpg,card photo belonged to another card (photo-shift fix); own listing photo not on R2,hubfix-all,ひもり,https://tabelog.com/akita/A0501/A050101/5000247/
akita/akita|Dining|101,STOVE+,r2-hash-vs-listing:https://tblg.k-img.com/restaurant/images/Rvw/146022/640x640_rect_146022127.jpg,card photo belonged to another card (photo-shift fix); own listing photo not on R2,hubfix-all,STOVE+,https://tabelog.com/akita/A0501/A050101/5000563/
akita/akita|Dining|107,東一,r2-hash-vs-listing:https://tblg.k-img.com/restaurant/images/Rvw/385956/640x640_rect_c75ccb261f8d350e4ea8971332bde8ce.jpg,card photo belonged to another card (photo-shift fix); own listing photo not on R2,hubfix-all,東一,https://tabelog.com/akita/A0501/A050101/5008434/
akita/akita|Dining|112,秋田長屋酒場,r2-hash-vs-listing:https://tblg.k-img.com/restaurant/images/Rvw/128851/640x640_rect_128851879.jpg,card photo belonged to another card (photo-shift fix); own listing photo not on R2,hubfix-all,秋田長屋酒場,https://tabelog.com/akita/A0501/A050101/5000248/
akita/akita|Dining|121,館の丸食堂,r2-hash-vs-listing:https://tblg.k-img.com/restaurant/images/Rvw/380517/640x640_rect_23370ad0882d837a35cf46eb0ed70439.jpg,card photo belonged to another card (photo-shift fix); own listing photo not on R2,hubfix-all,館の丸食堂,https://tabelog.com/akita/A0501/A050101/5000663/
akita/akita|Dining|141,らーめん 福禄寿,r2-hash-vs-listing:https://tblg.k-img.com/resize/640x640c/restaurant/images/Rvw/373475/a1b05b60a0bd270f0a243453c63e129b.jpg?token=4f27e73&api=v2,card photo belonged to another card (photo-shift fix); own listing photo not on R2,hubfix-all,らーめん 福禄寿,https://tabelog.com/akita/A0501/A050101/5009801/
akita/akita|Dining|161,中国料理 雪梅,r2-hash-vs-listing:https://tblg.k-img.com/restaurant/images/Rvw/382252/640x640_rect_fb48c968d55c151f8600db4e9d29f306.jpg,card photo belonged to another card (photo-shift fix); own listing photo not on R2,hubfix-all,中国料理 雪梅,https://tabelog.com/akita/A0501/A050101/5000326/
akita/akita|Dining|181,小江戸,r2-hash-vs-listing:https://tblg.k-img.com/restaurant/images/Rvw/318653/640x640_rect_0cda7a1a7273d4f84561edef6436f3a2.jpg,card photo belonged to another card (photo-shift fix); own listing photo not on R2,hubfix-all,小江戸,https://tabelog.com/akita/A0501/A050101/5000237/
akita/akita|Dining|194,焼肉南大門 新国道店,r2-hash-vs-listing:https://tblg.k-img.com/restaurant/images/Rvw/178563/640x640_rect_3643c25959ad2fef38e313adcc662023.jpg,card photo belonged to another card (photo-shift fix); own listing photo not on R2,hubfix-all,焼肉南大門 新国道店,https://tabelog.com/akita/A0501/A050101/5003643/
akita/akita|Dining|201,ヤヤ スタジオーネ ビー,r2-hash-vs-listing:https://tblg.k-img.com/resize/640x640c/restaurant/images/Rvw/117057/117057894.jpg?token=3693a2f&api=v2,card photo belonged to another card (photo-shift fix); own listing photo not on R2,hubfix-all,ヤヤ スタジオーネ ビー,https://tabelog.com/akita/A0501/A050101/5008927/
akita/akita|Dining|215,トリス軒,r2-hash-vs-listing:https://tblg.k-img.com/restaurant/images/Rvw/343027/640x640_rect_8732a50febb8bd9198fd5fee0b9608e1.jpg,card photo belonged to another card (photo-shift fix); own listing photo not on R2,hubfix-all,トリス軒,https://tabelog.com/akita/A0501/A050101/5000673/
akita/akita|Dining|221,佐藤養助 トピコ店,r2-hash-vs-listing:https://tblg.k-img.com/restaurant/images/Rvw/383988/640x640_rect_038261a6cc6a2f4a47598a8f9f7a150d.jpg,card photo belonged to another card (photo-shift fix); own listing photo not on R2,hubfix-all,佐藤養助 トピコ店,https://tabelog.com/akita/A0501/A050101/5008912/
akita/akita|Dining|241,麺屋 にぼすけ 広面店,r2-hash-vs-listing:https://tblg.k-img.com/resize/640x640c/restaurant/images/Rvw/329031/2480923a60ca88fa6c2f66da440d0bd2.jpg?token=b60a6bf&api=v2,card photo belonged to another card (photo-shift fix); own listing photo not on R2,hubfix-all,麺屋 にぼすけ 広面店,https://tabelog.com/akita/A0501/A050101/5007733/
akita/akita|Dining|261,秋桜,r2-hash-vs-listing:https://tblg.k-img.com/resize/640x640c/restaurant/images/Rvw/317213/70292962bc8e0f2d028d2142305f713e.jpg?token=f9dd65d&api=v2,card photo belonged to another card (photo-shift fix); own listing photo not on R2,hubfix-all,秋桜,https://tabelog.com/akita/A0501/A050101/5002915/
akita/akita|Dining|281,餃子 玖,r2-hash-vs-listing:https://tblg.k-img.com/restaurant/images/Rvw/363181/640x640_rect_12d5d036bcdcfedc7cc59762e8095909.jpg,card photo belonged to another card (photo-shift fix); own listing photo not on R2,hubfix-all,餃子 玖,https://tabelog.com/akita/A0501/A050101/5009114/
akita/akita|Dining|301,酉や 喜兵衛 山王秋田本店,r2-hash-vs-listing:https://tblg.k-img.com/resize/640x640c/restaurant/images/Rvw/40375/40375812.jpg?token=241975f&api=v2,card photo belonged to another card (photo-shift fix); own listing photo not on R2,hubfix-all,酉や 喜兵衛 山王秋田本店,https://tabelog.com/akita/A0501/A050101/5000688/
akita/akita|Dining|321,マルホ,r2-hash-vs-listing:https://tblg.k-img.com/resize/640x640c/restaurant/images/Rvw/347283/adc33682998b91337cee6bc915b72654.jpg?token=f8cce42&api=v2,card photo belonged to another card (photo-shift fix); own listing photo not on R2,hubfix-all,マルホ,https://tabelog.com/akita/A0501/A050101/5002751/
akita/akita|Dining|341,天よし食堂,r2-hash-vs-listing:https://tblg.k-img.com/restaurant/images/Rvw/368680/640x640_rect_dfb89989f96b9c111dc6416d0518e620.jpg,card photo belonged to another card (photo-shift fix); own listing photo not on R2,hubfix-all,天よし食堂,https://tabelog.com/akita/A0501/A050101/5003004/
akita/akita|Dining|352,魚一家,r2-hash-vs-listing:https://tblg.k-img.com/restaurant/images/Rvw/368405/640x640_rect_7b68f398c3f10c473c7e567762af2559.jpg,card photo belonged to another card (photo-shift fix); own listing photo not on R2,hubfix-all,魚一家,https://tabelog.com/akita/A0501/A050101/5008630/
akita/akita|Dining|356,旬,r2-hash-vs-listing:https://tblg.k-img.com/resize/640x640c/restaurant/images/Rvw/4975/4975300.jpg?token=a4ff5b1&api=v2,card photo belonged to another card (photo-shift fix); own listing photo not on R2,hubfix-all,旬,https://tabelog.com/akita/A0501/A050101/5000193/
akita/akita|Dining|361,佐々木家 秋田本店,r2-hash-vs-listing:https://tblg.k-img.com/restaurant/images/Rvw/16323/640x640_rect_16323752.jpg,card photo belonged to another card (photo-shift fix); own listing photo not on R2,hubfix-all,佐々木家 秋田本店,https://tabelog.com/akita/A0501/A050101/5000635/
akita/akita|Dining|381,とんかつ藤よし 山手台店,r2-hash-vs-listing:https://tblg.k-img.com/restaurant/images/Rvw/292829/640x640_rect_972e56d1fb8e9dece3e93a6730f99822.jpg,card photo belonged to another card (photo-shift fix); own listing photo not on R2,hubfix-all,とんかつ藤よし 山手台店,https://tabelog.com/akita/A0501/A050101/5006602/
akita/akita|Dining|401,来華,r2-hash-vs-listing:https://tblg.k-img.com/restaurant/images/Rvw/217510/640x640_rect_7654b834a449d705104b889663bf9e1e.jpg,card photo belonged to another card (photo-shift fix); own listing photo not on R2,hubfix-all,来華,https://tabelog.com/akita/A0501/A050101/5000003/
akita/akita|Dining|421,ぱっぷや 市民市場店,r2-hash-vs-listing:https://tblg.k-img.com/restaurant/images/Rvw/77950/640x640_rect_77950368.jpg,card photo belonged to another card (photo-shift fix); own listing photo not on R2,hubfix-all,ぱっぷや 市民市場店,https://tabelog.com/akita/A0501/A050101/5008201/
akita/akita|Dining|441,大しま,r2-hash-vs-listing:https://tblg.k-img.com/restaurant/images/Rvw/381931/640x640_rect_566d7fa017b8f3e556c9a8828d4851a9.jpg,card photo belonged to another card (photo-shift fix); own listing photo not on R2,hubfix-all,大しま,https://tabelog.com/akita/A0501/A050101/5007945/
akita/akita|Dining|461,蕎麦230,r2-hash-vs-listing:https://tblg.k-img.com/restaurant/images/Rvw/352546/640x640_rect_b0d10f4d0c1148a8de90286a22797c70.jpg,card photo belonged to another card (photo-shift fix); own listing photo not on R2,hubfix-all,蕎麦230,https://tabelog.com/akita/A0501/A050101/5008882/
akita/akita|Dining|467,めん吉,r2-hash-vs-listing:https://tblg.k-img.com/resize/640x640c/restaurant/images/Rvw/5960/5960346.jpg?token=0a93cac&api=v2,card photo belonged to another card (photo-shift fix); own listing photo not on R2,hubfix-all,めん吉,https://tabelog.com/akita/A0501/A050101/5004511/
akita/akita|Dining|481,あらや食堂,r2-hash-vs-listing:https://tblg.k-img.com/restaurant/images/Rvw/367656/640x640_rect_da27c97461514b90157894989b2b56b3.jpg,card photo belonged to another card (photo-shift fix); own listing photo not on R2,hubfix-all,あらや食堂,https://tabelog.com/akita/A0501/A050101/5009422/
akita/akita|Dining|483,たまごの樹 河辺店,r2-hash-vs-listing:https://tblg.k-img.com/restaurant/images/Rvw/250072/640x640_rect_5653a833a32d61a66ed77a9da8a6d258.jpg,card photo belonged to another card (photo-shift fix); own listing photo not on R2,hubfix-all,たまごの樹 河辺店,https://tabelog.com/akita/A0501/A050101/5000559/
akita/akita|Dining|499,志田屋,r2-hash-vs-listing:https://tblg.k-img.com/restaurant/images/Rvw/265688/640x640_rect_b6c8d713c41fec3195e9e517abdecca5.jpg,card photo belonged to another card (photo-shift fix); own listing photo not on R2,hubfix-all,志田屋,https://tabelog.com/akita/A0501/A050101/5003595/
akita/akita|Dining|518,郷土菓子司　勝月 トピコ店,r2-hash-vs-listing:https://tblg.k-img.com/restaurant/images/Rvw/171713/640x640_rect_1a51fd59aaddf076eedcb63cc16d55b4.jpg,card photo belonged to another card (photo-shift fix); own listing photo not on R2,hubfix-all,郷土菓子司　勝月 トピコ店,https://tabelog.com/akita/A0501/A050101/5004290/
akita/akita|Dining|538,ホルもん あにー,r2-hash-vs-listing:https://tblg.k-img.com/restaurant/images/Rvw/139949/640x640_rect_139949957.jpg,card photo belonged to another card (photo-shift fix); own listing photo not on R2,hubfix-all,ホルもん あにー,https://tabelog.com/akita/A0501/A050101/5009278/
akita/akita|Dining|558,菓匠 美月庵,r2-hash-vs-listing:https://tblg.k-img.com/restaurant/images/Rvw/1267/640x640_rect_1267522.jpg,card photo belonged to another card (photo-shift fix); own listing photo not on R2,hubfix-all,菓匠 美月庵,https://tabelog.com/akita/A0501/A050101/5001652/
akita/akita|Dining|578,ラーメン まぜそば 幸星軒,r2-hash-vs-listing:https://tblg.k-img.com/restaurant/images/Rvw/369722/640x640_rect_526417a2234863b1118a51d779882659.jpg,card photo belonged to another card (photo-shift fix); own listing photo not on R2,hubfix-all,ラーメン まぜそば 幸星軒,https://tabelog.com/akita/A0501/A050101/5010736/
akita/akita|Dining|598,みそらぁめん みそのこまち,r2-hash-vs-listing:https://tblg.k-img.com/restaurant/images/Rvw/346460/640x640_rect_d6843f852c3ffd3eb43a478615199d98.jpg,card photo belonged to another card (photo-shift fix); own listing photo not on R2,hubfix-all,みそらぁめん みそのこまち,https://tabelog.com/akita/A0501/A050101/5011352/
akita/akita|Dining|618,江戸前食堂,r2-hash-vs-listing:https://tblg.k-img.com/resize/640x640c/restaurant/images/Rvw/385587/14c2b5462976fbde858857fce7f12158.jpg?token=eb6d8a0&api=v2,card photo belonged to another card (photo-shift fix); own listing photo not on R2,hubfix-all,江戸前食堂,https://tabelog.com/akita/A0501/A050101/5011598/
akita/akita|Dining|638,カボチャ,r2-hash-vs-listing:https://tblg.k-img.com/restaurant/images/Rvw/24423/640x640_rect_24423167.jpg,card photo belonged to another card (photo-shift fix); own listing photo not on R2,hubfix-all,カボチャ,https://tabelog.com/akita/A0501/A050101/5006214/
akita/akita|Dining|664,鮨ふじ貴,r2-hash-vs-listing:https://tblg.k-img.com/restaurant/images/Rvw/217218/640x640_rect_f90c799cb62fd7dd66e4015e07164910.jpg,card photo belonged to another card (photo-shift fix); own listing photo not on R2,hubfix-all,鮨ふじ貴,https://tabelog.com/akita/A0501/A050101/5001633/
akita/akita|Dining|676,ふぁーむハウス旬菜,r2-hash-vs-listing:https://tblg.k-img.com/restaurant/images/Rvw/271924/640x640_rect_b5a2b18088c20c8519536f6783864b5e.jpg,card photo belonged to another card (photo-shift fix); own listing photo not on R2,hubfix-all,ふぁーむハウス旬菜,https://tabelog.com/akita/A0501/A050101/5003098/
akita/akita|Dining|696,モンキーバナナ,r2-hash-vs-listing:https://tblg.k-img.com/restaurant/images/Rvw/354319/640x640_rect_83afe91a748597c1605e03a23dc4b89a.jpg,card photo belonged to another card (photo-shift fix); own listing photo not on R2,hubfix-all,モンキーバナナ,https://tabelog.com/akita/A0501/A050101/5011482/
akita/akita|Dining|710,fishermans baru 109,r2-hash-vs-listing:https://tblg.k-img.com/resize/640x640c/restaurant/images/Rvw/383948/5b24d5e44b8c8fac0fc54c99f557b40f.jpg?token=1001022&api=v2,card photo belonged to another card (photo-shift fix); own listing photo not on R2,hubfix-all,fishermans baru 109,https://tabelog.com/akita/A0501/A050101/5011313/
akita/akita|Dining|715,旬香 くしま,r2-hash-vs-listing:https://tblg.k-img.com/restaurant/images/Rvw/354293/640x640_rect_ae93075b1457acc58ba63d8026b81cac.jpg,card photo belonged to another card (photo-shift fix); own listing photo not on R2,hubfix-all,旬香 くしま,https://tabelog.com/akita/A0501/A050101/5011296/
akita/akita|Dining|723,ラーメン海王,r2-hash-vs-listing:https://tblg.k-img.com/restaurant/images/Rvw/306813/640x640_rect_ba6374d8fa56ba50ca723f1750c1708f.jpg,card photo belonged to another card (photo-shift fix); own listing photo not on R2,hubfix-all,ラーメン海王,https://tabelog.com/akita/A0501/A050101/5001200/
akita/akita|Dining|734,道頓堀,r2-hash-vs-listing:https://tblg.k-img.com/resize/640x640c/restaurant/images/Rvw/9512/9512884.jpg?token=954ad0c&api=v2,card photo belonged to another card (photo-shift fix); own listing photo not on R2,hubfix-all,道頓堀,https://tabelog.com/akita/A0501/A050101/5003019/
akita/akita|Dining|754,ナガハマコーヒー 秋田空港店,r2-hash-vs-listing:https://tblg.k-img.com/restaurant/images/Rvw/379997/640x640_rect_63e4a011d7c50abcec0eef7a83b505a4.jpg,card photo belonged to another card (photo-shift fix); own listing photo not on R2,hubfix-all,ナガハマコーヒー 秋田空港店,https://tabelog.com/akita/A0501/A050101/5010871/
akita/akita|Dining|774,花鳥風月,r2-hash-vs-listing:https://tblg.k-img.com/restaurant/images/Rvw/251709/640x640_rect_15778d33bd0abfa04a8b86595fc2cab4.jpg,card photo belonged to another card (photo-shift fix); own listing photo not on R2,hubfix-all,花鳥風月,https://tabelog.com/akita/A0501/A050101/5000613/
akita/akita|Dining|785,ビアテラス,r2-hash-vs-listing:https://tblg.k-img.com/restaurant/images/Rvw/208202/640x640_rect_8f811e1243a9b23a3d9d51b10cfe63cb.jpg,card photo belonged to another card (photo-shift fix); own listing photo not on R2,hubfix-all,ビアテラス,https://tabelog.com/akita/A0501/A050101/5010639/
akita/akita|Dining|794,炭火炙り家 えびす,r2-hash-vs-listing:https://tblg.k-img.com/restaurant/images/Rvw/330426/640x640_rect_0bf170da9111c97c420cf10fc18ade55.jpg,card photo belonged to another card (photo-shift fix); own listing photo not on R2,hubfix-all,炭火炙り家 えびす,https://tabelog.com/akita/A0501/A050101/5003783/
akita/akita|Dining|813,函太郎 秋田広面店,r2-hash-vs-listing:https://tblg.k-img.com/resize/640x640c/restaurant/images/Rvw/2332/2332690.jpg?token=b125b4c&api=v2,card photo belonged to another card (photo-shift fix); own listing photo not on R2,hubfix-all,函太郎 秋田広面店,https://tabelog.com/akita/A0501/A050101/5000774/
akita/akita|Dining|833,和食と酒 はれとけ,r2-hash-vs-listing:https://tblg.k-img.com/restaurant/images/Rvw/360737/640x640_rect_9640609a3f226e987d9d29e151965619.jpg,card photo belonged to another card (photo-shift fix); own listing photo not on R2,hubfix-all,和食と酒 はれとけ,https://tabelog.com/akita/A0501/A050101/5011432/
akita/akita|Dining|848,紀伊国屋 秋田駅前ニュー金座街店,r2-hash-vs-listing:https://tblg.k-img.com/resize/640x640c/restaurant/images/Rvw/6845/6845486.jpg?token=a1022cc&api=v2,card photo belonged to another card (photo-shift fix); own listing photo not on R2,hubfix-all,紀伊国屋 秋田駅前ニュー金座街店,https://tabelog.com/akita/A0501/A050101/5004427/
akita/akita|Dining|853,ミート＆デリカ 一力,r2-hash-vs-listing:https://tblg.k-img.com/restaurant/images/Rvw/39700/640x640_rect_39700293.jpg,card photo belonged to another card (photo-shift fix); own listing photo not on R2,hubfix-all,ミート＆デリカ 一力,https://tabelog.com/akita/A0501/A050101/5001703/
akita/akita|Dining|856,NATURE,r2-hash-vs-listing:https://tblg.k-img.com/restaurant/images/Rvw/254180/640x640_rect_56bd087ae8f1370fc3a6e9f03d565431.jpg,card photo belonged to another card (photo-shift fix); own listing photo not on R2,hubfix-all,NATURE,https://tabelog.com/akita/A0501/A050101/5008665/
akita/akita|Dining|865,あみもと,r2-hash-vs-listing:https://tblg.k-img.com/resize/640x640c/restaurant/images/Rvw/2713/2713758.jpg?token=86151bb&api=v2,card photo belonged to another card (photo-shift fix); own listing photo not on R2,hubfix-all,あみもと,https://tabelog.com/akita/A0501/A050101/5003111/
akita/akita|Dining|872,秋田市雄和サイクリングターミナル レストラン,r2-hash-vs-listing:https://tblg.k-img.com/restaurant/images/Rvw/269787/640x640_rect_ca8bd996240011cb4099e79b46698a65.jpg,card photo belonged to another card (photo-shift fix); own listing photo not on R2,hubfix-all,秋田市雄和サイクリングターミナル レストラン,https://tabelog.com/akita/A0501/A050101/5006685/
akita/akita|Dining|891,ナガハマコーヒー 外旭川店,r2-hash-vs-listing:https://tblg.k-img.com/restaurant/images/Rvw/320130/640x640_rect_3825f644aa7063263144f4b80b3f1425.jpg,card photo belonged to another card (photo-shift fix); own listing photo not on R2,hubfix-all,ナガハマコーヒー 外旭川店,https://tabelog.com/akita/A0501/A050101/5000357/
akita/akita|Dining|911,木こり庵,r2-hash-vs-listing:https://tblg.k-img.com/resize/640x640c/restaurant/images/Rvw/207669/cf9e3ca7a9310ac6ed94ee5f261bdbd4.jpg?token=ac6723a&api=v2,card photo belonged to another card (photo-shift fix); own listing photo not on R2,hubfix-all,木こり庵,https://tabelog.com/akita/A0501/A050101/5001650/
akita/akita|Dining|931,VISTA COFFEE ROASTERS,r2-hash-vs-listing:https://tblg.k-img.com/resize/640x640c/restaurant/images/Rvw/354940/e688fbf9b66f98fbf954242dcb530d5b.jpg?token=b61c30b&api=v2,card photo belonged to another card (photo-shift fix); own listing photo not on R2,hubfix-all,VISTA COFFEE ROASTERS,https://tabelog.com/akita/A0501/A050101/5011192/
akita/akita|Dining|935,山岡家 秋田仁井田店,r2-hash-vs-listing:https://tblg.k-img.com/restaurant/images/Rvw/382845/640x640_rect_b5fb2a9f38300fe8cc03964d928280a7.jpg,card photo belonged to another card (photo-shift fix); own listing photo not on R2,hubfix-all,山岡家 秋田仁井田店,https://tabelog.com/akita/A0501/A050101/5004515/
akita/akita|Dining|949,大安吉日,r2-hash-vs-listing:https://tblg.k-img.com/restaurant/images/Rvw/237237/640x640_rect_3181b3dce96c470829d92fde3ff142c5.jpg,card photo belonged to another card (photo-shift fix); own listing photo not on R2,hubfix-all,大安吉日,https://tabelog.com/akita/A0501/A050101/5008333/
akita/akita|Dining|955,木s,r2-hash-vs-listing:https://tblg.k-img.com/restaurant/images/Rvw/220673/640x640_rect_db4e06ec9c15ab24109557ad07b75315.jpg,card photo belonged to another card (photo-shift fix); own listing photo not on R2,hubfix-all,木s,https://tabelog.com/akita/A0501/A050101/5005845/
akita/akita|Dining|968,レストラン＆カフェ ビアンモール,r2-hash-vs-listing:https://tblg.k-img.com/resize/640x640c/restaurant/images/Rvw/317346/6009d7119c26350f7f2898776a6772a5.jpg?token=421c438&api=v2,card photo belonged to another card (photo-shift fix); own listing photo not on R2,hubfix-all,レストラン＆カフェ ビアンモール,https://tabelog.com/akita/A0501/A050101/5008581/
akita/akita|Dining|988,むぎの香,r2-hash-vs-listing:https://tblg.k-img.com/restaurant/images/Rvw/63905/640x640_rect_63905300.jpg,card photo belonged to another card (photo-shift fix); own listing photo not on R2,hubfix-all,むぎの香,https://tabelog.com/akita/A0501/A050101/5006242/
akita/akita|Dining|1008,古民家カフェ 木蓮,r2-hash-vs-listing:https://tblg.k-img.com/restaurant/images/Rvw/358978/640x640_rect_d4eb072e74bff62ecd236c3e2c09319f.jpg,card photo belonged to another card (photo-shift fix); own listing photo not on R2,hubfix-all,古民家カフェ 木蓮,https://tabelog.com/akita/A0501/A050101/5010179/
akita/akita|Dining|1028,鎌倉パスタ イオンモール秋田店,r2-hash-vs-listing:https://tblg.k-img.com/resize/640x640c/restaurant/images/Rvw/382096/ace2308cb813a85166d67dcb95d615ba.jpg?token=2c32214&api=v2,card photo belonged to another card (photo-shift fix); own listing photo not on R2,hubfix-all,鎌倉パスタ イオンモール秋田店,https://tabelog.com/akita/A0501/A050101/5007544/
akita/akita|Dining|1048,うたせ,r2-hash-vs-listing:https://tblg.k-img.com/restaurant/images/Rvw/385256/640x640_rect_9782696639ea05d26b467df835838a91.jpg,card photo belonged to another card (photo-shift fix); own listing photo not on R2,hubfix-all,うたせ,https://tabelog.com/akita/A0501/A050101/5002110/
akita/akita|Dining|1060,スウィートマーケット,r2-hash-vs-listing:https://tblg.k-img.com/resize/640x640c/restaurant/images/Rvw/195644/641fb99692c03a428819b9ab0bc9e254.jpg?token=ca4c275&api=v2,card photo belonged to another card (photo-shift fix); own listing photo not on R2,hubfix-all,スウィートマーケット,https://tabelog.com/akita/A0501/A050101/5005617/
akita/akita|Dining|1068,蜜飴林檎 秋田大町店,r2-hash-vs-listing:https://tblg.k-img.com/restaurant/images/Rvw/239224/640x640_rect_cb5033c5dcd84515e06eb2f34f96e49a.jpg,card photo belonged to another card (photo-shift fix); own listing photo not on R2,hubfix-all,蜜飴林檎 秋田大町店,https://tabelog.com/akita/A0501/A050101/5010822/
akita/akita|Dining|1088,すし暁,r2-hash-vs-listing:https://tblg.k-img.com/restaurant/images/Rvw/333353/640x640_rect_ba1928599b164d750d5aeb329ae28a6a.jpg,card photo belonged to another card (photo-shift fix); own listing photo not on R2,hubfix-all,すし暁,https://tabelog.com/akita/A0501/A050101/5001518/
akita/akita|Dining|1108,こんがり屋,r2-hash-vs-listing:https://tblg.k-img.com/restaurant/images/Rvw/344220/640x640_rect_9595dafae284419a1e6a37db2982d398.jpg,card photo belonged to another card (photo-shift fix); own listing photo not on R2,hubfix-all,こんがり屋,https://tabelog.com/akita/A0501/A050101/5010803/
akita/akita|Dining|1127,元祖鳥一番,r2-hash-vs-listing:https://tblg.k-img.com/restaurant/images/Rvw/288268/640x640_rect_99d26242f0ebb992c7f9cb0fee9a9399.jpg,card photo belonged to another card (photo-shift fix); own listing photo not on R2,hubfix-all,元祖鳥一番,https://tabelog.com/akita/A0501/A050101/5011235/
akita/akita|Dining|1147,からあげ専門 まつむら商店 中野本店,r2-hash-vs-listing:https://tblg.k-img.com/restaurant/images/Rvw/273985/640x640_rect_286d730e69e7f30ca50b69fb46a7e3d5.jpg,card photo belonged to another card (photo-shift fix); own listing photo not on R2,hubfix-all,からあげ専門 まつむら商店 中野本店,https://tabelog.com/akita/A0501/A050101/5008712/
akita/akita|Dining|1159,ナイス フォンテAKITA店,r2-hash-vs-listing:https://tblg.k-img.com/restaurant/images/Rvw/248427/640x640_rect_ce4ccdf2505d273d1d9d9fc55373f84e.jpg,card photo belonged to another card (photo-shift fix); own listing photo not on R2,hubfix-all,ナイス フォンテAKITA店,https://tabelog.com/akita/A0501/A050101/5009796/
akita/akita|Dining|1167,あんのんらく,r2-hash-vs-listing:https://tblg.k-img.com/restaurant/images/Rvw/147282/640x640_rect_147282139.jpg,card photo belonged to another card (photo-shift fix); own listing photo not on R2,hubfix-all,あんのんらく,https://tabelog.com/akita/A0501/A050101/5000627/
akita/akita|Dining|1181,弁当とらや,r2-hash-vs-listing:https://tblg.k-img.com/restaurant/images/Rvw/39893/640x640_rect_39893771.jpg,card photo belonged to another card (photo-shift fix); own listing photo not on R2,hubfix-all,弁当とらや,https://tabelog.com/akita/A0501/A050101/5004900/
akita/akita|Dining|2709,パンノキ,r2-hash-vs-listing:https://static.tacdn.com/img2/brand_refresh_2025/vertical_lockups/vertical_lockup_primary.png,card photo belonged to another card (photo-shift fix); own listing photo not on R2,hubfix-all,パンノキ,https://www.tripadvisor.com/Restaurant_Review-g298239-d13044378-Reviews-Pannoki-Akita_Akita_Prefecture_Tohoku.html
akita/fujisato|Dining|1,白神山地　森のえき,r2-hash-vs-listing:https://tblg.k-img.com/resize/640x640c/restaurant/images/Rvw/374521/56db5f4d3a7fc1d009e7bb69369e7003.jpg?token=5768fdc&api=v2,card photo belonged to another card (photo-shift fix); own listing photo not on R2,hubfix-all,白神山地　森のえき,https://tabelog.com/akita/A0503/A050301/5005635/
akita/fujisato|Dining|13,花道,r2-hash-vs-listing:https://tblg.k-img.com/restaurant/images/Rvw/290170/640x640_rect_4256091ef7f116125f7b48298fcd02ce.jpg,card photo belonged to another card (photo-shift fix); own listing photo not on R2,hubfix-all,花道,https://tabelog.com/akita/A0503/A050301/5007470/
akita/gojome|Dining|1,うのき食堂,r2-hash-vs-listing:https://tblg.k-img.com/restaurant/images/Rvw/48062/640x640_rect_48062265.jpg,card photo belonged to another card (photo-shift fix); own listing photo not on R2,hubfix-all,うのき食堂,https://tabelog.com/akita/A0503/A050302/5002111/
akita/gojome|Dining|10,カフェテリア悠紀,r2-hash-vs-listing:https://tblg.k-img.com/resize/640x640c/restaurant/images/Rvw/338509/9bfc361e18067181fd3d26c1d3bd75ec.jpg?token=fe915a1&api=v2,card photo belonged to another card (photo-shift fix); own listing photo not on R2,hubfix-all,カフェテリア悠紀,https://tabelog.com/akita/A0503/A050302/5003963/
akita/gojome|Dining|20,福禄寿酒造,r2-hash-vs-listing:https://tblg.k-img.com/resize/640x640c/restaurant/images/Rvw/115097/115097802.jpg?token=6c7b08e&api=v2,card photo belonged to another card (photo-shift fix); own listing photo not on R2,hubfix-all,福禄寿酒造,https://tabelog.com/akita/A0503/A050302/5008067/
akita/gojome|Dining|39,道の駅 五城目,r2-hash-vs-listing:https://tblg.k-img.com/restaurant/images/Rvw/244427/640x640_rect_41b3dbb54974d92de7ca1acba8ed92c8.jpg,card photo belonged to another card (photo-shift fix); own listing photo not on R2,hubfix-all,道の駅 五城目,https://tabelog.com/akita/A0503/A050302/5010716/
akita/hachirogata|Dining|1,レストラン ぽえむ,r2-hash-vs-listing:https://tblg.k-img.com/restaurant/images/Rvw/280867/640x640_rect_50a5f5189382957e53941355d5007920.jpg,card photo belonged to another card (photo-shift fix); own listing photo not on R2,hubfix-all,レストラン ぽえむ,https://tabelog.com/akita/A0503/A050302/5003322/
akita/hachirogata|Dining|21,セブンイレブン 八郎潟川崎店,r2-hash-vs-listing:https://tblg.k-img.com/restaurant/images/Rvw/140387/640x640_rect_140387413.jpg,card photo belonged to another card (photo-shift fix); own listing photo not on R2,hubfix-all,セブンイレブン 八郎潟川崎店,https://tabelog.com/akita/A0503/A050302/5008472/
akita/happo|Dining|1,ボスケット,r2-hash-vs-listing:https://tblg.k-img.com/restaurant/images/Rvw/369103/640x640_rect_e417fb0d513a905e26726feadb50aa97.jpg,card photo belonged to another card (photo-shift fix); own listing photo not on R2,hubfix-all,ボスケット,https://tabelog.com/akita/A0503/A050301/5003709/
akita/happo|Dining|21,能代カントリークラブ,r2-hash-vs-listing:https://tblg.k-img.com/resize/640x640c/restaurant/images/Rvw/383642/bef532cf87f612a4acb6787b67727386.jpg?token=84572a8&api=v2,card photo belonged to another card (photo-shift fix); own listing photo not on R2,hubfix-all,能代カントリークラブ,https://tabelog.com/akita/A0503/A050301/5006033/
akita/happo|Dining|23,鈴木水産,r2-hash-vs-listing:https://tblg.k-img.com/resize/640x640c/restaurant/images/Rvw/59060/59060031.jpg?token=f265f00&api=v2,card photo belonged to another card (photo-shift fix); own listing photo not on R2,hubfix-all,鈴木水産,https://tabelog.com/akita/A0503/A050301/5007266/
akita/higashinaruse|Dining|0,やまゆり温泉 ホテルブラン,r2-hash-vs-listing:https://tblg.k-img.com/restaurant/images/Rvw/108279/640x640_rect_108279132.jpg,card photo belonged to another card (photo-shift fix); own listing photo not on R2,hubfix-all,やまゆり温泉 ホテルブラン,https://tabelog.com/akita/A0505/A050502/5005519/
akita/ikawa|Dining|1,湖東のやさい畑,r2-hash-vs-listing:https://tblg.k-img.com/restaurant/images/Rvw/42294/640x640_rect_42294604.jpg,card photo belonged to another card (photo-shift fix); own listing photo not on R2,hubfix-all,湖東のやさい畑,https://tabelog.com/akita/A0503/A050302/5006008/
akita/kamikoani|Dining|1,お食事処 憩,r2-hash-vs-listing:https://tblg.k-img.com/restaurant/images/Rvw/212359/640x640_rect_9d99c4989d0f1cd848b59669f05bd8b1.jpg,card photo belonged to another card (photo-shift fix); own listing photo not on R2,hubfix-all,お食事処 憩,https://tabelog.com/akita/A0502/A050202/5003096/
akita/katagami|Dining|1,そば屋八兵衛,r2-hash-vs-listing:https://tblg.k-img.com/restaurant/images/Rvw/275217/640x640_rect_2200a4eeb6b148361de7e59745246faf.jpg,card photo belonged to another card (photo-shift fix); own listing photo not on R2,hubfix-all,そば屋八兵衛,https://tabelog.com/akita/A0503/A050302/5001372/
akita/katagami|Dining|21,たむろ,r2-hash-vs-listing:https://tblg.k-img.com/restaurant/images/Rvw/209516/640x640_rect_7eac2eb710a7491788b22193bdefc293.jpg,card photo belonged to another card (photo-shift fix); own listing photo not on R2,hubfix-all,たむろ,https://tabelog.com/akita/A0503/A050302/5001641/
akita/katagami|Dining|41,酒田屋菓子店,r2-hash-vs-listing:https://tblg.k-img.com/restaurant/images/Rvw/231863/640x640_rect_5e4563a1165cf6206335338e948ed0a5.jpg,card photo belonged to another card (photo-shift fix); own listing photo not on R2,hubfix-all,酒田屋菓子店,https://tabelog.com/akita/A0503/A050302/5005052/
akita/katagami|Dining|61,おむすびころりん,r2-hash-vs-listing:https://tblg.k-img.com/restaurant/images/Rvw/191788/640x640_rect_08def817a28a83006548df9c656f312a.jpg,card photo belonged to another card (photo-shift fix); own listing photo not on R2,hubfix-all,おむすびころりん,https://tabelog.com/akita/A0503/A050302/5006681/
akita/katagami|Dining|81,ぱんけ ナイス追分店,r2-hash-vs-listing:https://tblg.k-img.com/restaurant/images/Rvw/225002/640x640_rect_1dc233e6a719b64cb4a9ea80018d49eb.jpg,card photo belonged to another card (photo-shift fix); own listing photo not on R2,hubfix-all,ぱんけ ナイス追分店,https://tabelog.com/akita/A0501/A050101/5010793/
akita/katagami|Dining|101,ファミリーマート 天王出戸店,r2-hash-vs-listing:https://tblg.k-img.com/restaurant/images/Rvw/124859/640x640_rect_124859341.jpg,card photo belonged to another card (photo-shift fix); own listing photo not on R2,hubfix-all,ファミリーマート 天王出戸店,https://tabelog.com/akita/A0503/A050302/5008597/
akita/kazuno|Dining|1,鶏中華そば だまや,r2-hash-vs-listing:https://tblg.k-img.com/restaurant/images/Rvw/297375/640x640_rect_b4718c557080d80c4c4e430d676fbd40.jpg,card photo belonged to another card (photo-shift fix); own listing photo not on R2,hubfix-all,鶏中華そば だまや,https://tabelog.com/akita/A0502/A050203/5009153/
akita/kazuno|Dining|8,湯瀬ホテル,r2-hash-vs-listing:https://tblg.k-img.com/resize/640x640c/restaurant/images/Rvw/162249/162249145.jpg?token=793ae9a&api=v2,card photo belonged to another card (photo-shift fix); own listing photo not on R2,hubfix-all,湯瀬ホテル,https://tabelog.com/akita/A0502/A050203/5005356/
akita/kazuno|Dining|11,ホテル鹿角,r2-hash-vs-listing:https://tblg.k-img.com/resize/640x640c/restaurant/images/Rvw/320663/5965a989be761b7d218f0e18bc56721f.jpg?token=6c036bb&api=v2,card photo belonged to another card (photo-shift fix); own listing photo not on R2,hubfix-all,ホテル鹿角,https://tabelog.com/akita/A0502/A050203/5005789/
akita/kazuno|Dining|17,ぐりとる,r2-hash-vs-listing:https://tblg.k-img.com/restaurant/images/Rvw/331655/640x640_rect_25ed2d22377530b6db501f4ee07c12b4.jpg,card photo belonged to another card (photo-shift fix); own listing photo not on R2,hubfix-all,ぐりとる,https://tabelog.com/akita/A0502/A050203/5007219/
akita/kazuno|Dining|31,そらにほし,r2-hash-vs-listing:https://tblg.k-img.com/restaurant/images/Rvw/351039/640x640_rect_30a056c78f7ad96d2215a015f6f01beb.jpg,card photo belonged to another card (photo-shift fix); own listing photo not on R2,hubfix-all,そらにほし,https://tabelog.com/akita/A0502/A050203/5008083/
akita/kazuno|Dining|36,こもれび,r2-hash-vs-listing:https://tblg.k-img.com/resize/640x640c/restaurant/images/Rvw/249490/6efd86df63ce5c02acbb7df1b15e5e91.jpg?token=551a7d3&api=v2,card photo belonged to another card (photo-shift fix); own listing photo not on R2,hubfix-all,こもれび,https://tabelog.com/akita/A0502/A050203/5006646/
akita/kazuno|Dining|45,松屋 花輪SA(上り線)店,r2-hash-vs-listing:https://tblg.k-img.com/restaurant/images/Rvw/327301/640x640_rect_ea2200eb0c947cebf9c675bdacf84ff7.jpg,card photo belonged to another card (photo-shift fix); own listing photo not on R2,hubfix-all,松屋 花輪SA(上り線)店,https://tabelog.com/akita/A0502/A050203/5009900/
akita/kazuno|Dining|55,けいらん田中屋,r2-hash-vs-listing:https://tblg.k-img.com/restaurant/images/Rvw/220867/640x640_rect_0d1a9be5375bea2b02e0ae558c7aca76.jpg,card photo belonged to another card (photo-shift fix); own listing photo not on R2,hubfix-all,けいらん田中屋,https://tabelog.com/akita/A0502/A050203/5000269/
akita/kazuno|Dining|69,YUTORI CAFE,r2-hash-vs-listing:https://tblg.k-img.com/resize/640x640c/restaurant/images/Rvw/363433/eb52b6dcb406216525f7d80b621f78c8.jpg?token=4de7b44&api=v2,card photo belonged to another card (photo-shift fix); own listing photo not on R2,hubfix-all,YUTORI CAFE,https://tabelog.com/akita/A0502/A050203/5011497/
akita/kazuno|Dining|74,一行食堂,r2-hash-vs-listing:https://tblg.k-img.com/resize/640x640c/restaurant/images/Rvw/248550/fa1d55040fc8eace00898a7807c88b57.jpg?token=295e0dd&api=v2,card photo belonged to another card (photo-shift fix); own listing photo not on R2,hubfix-all,一行食堂,https://tabelog.com/akita/A0502/A050203/5010029/
akita/kazuno|Dining|94,ふくはうち,r2-hash-vs-listing:https://tblg.k-img.com/resize/640x640c/restaurant/images/Rvw/382504/bd5a573ad2c6ded8662741345f9adace.jpg?token=b20b31e&api=v2,card photo belonged to another card (photo-shift fix); own listing photo not on R2,hubfix-all,ふくはうち,https://tabelog.com/akita/A0502/A050203/5011476/
akita/kazuno|Dining|113,花暦,r2-hash-vs-listing:https://tblg.k-img.com/images/no_photo_350x350.gif,card photo belonged to another card (photo-shift fix); own listing photo not on R2,hubfix-all,花暦,https://tabelog.com/akita/A0502/A050203/5006884/
akita/kazuno|Dining|133,石川菓子店,r2-hash-vs-listing:https://tblg.k-img.com/resize/640x640c/restaurant/images/Rvw/138460/138460487.jpg?token=51e98cf&api=v2,card photo belonged to another card (photo-shift fix); own listing photo not on R2,hubfix-all,石川菓子店,https://tabelog.com/akita/A0502/A050203/5006464/
akita/kazuno|Dining|155,しんちゃん,r2-hash-vs-listing:https://tblg.k-img.com/restaurant/images/Rvw/351453/640x640_rect_eff947727fc1e7ccea79b1779284a7fc.jpg,card photo belonged to another card (photo-shift fix); own listing photo not on R2,hubfix-all,しんちゃん,https://tabelog.com/akita/A0502/A050203/5001004/
akita/kitaakita|Dining|1,こぐま亭,r2-hash-vs-listing:https://tblg.k-img.com/restaurant/images/Rvw/378324/640x640_rect_4f06948ebc21ef53db3af98fc7249e6b.jpg,card photo belonged to another card (photo-shift fix); own listing photo not on R2,hubfix-all,こぐま亭,https://tabelog.com/akita/A0502/A050202/5003906/
akita/kitaakita|Dining|9,紫園,r2-hash-vs-listing:https://tblg.k-img.com/restaurant/images/Rvw/192943/640x640_rect_77206a933c906fa2176e575e020784e4.jpg,card photo belonged to another card (photo-shift fix); own listing photo not on R2,hubfix-all,紫園,https://tabelog.com/akita/A0502/A050202/5007970/
akita/kitaakita|Dining|19,ふみきり野cafe,r2-hash-vs-listing:https://tblg.k-img.com/resize/640x640c/restaurant/images/Rvw/245166/d2bab70d7240a8fee916686c1cd9568b.jpg?token=7e76863&api=v2,card photo belonged to another card (photo-shift fix); own listing photo not on R2,hubfix-all,ふみきり野cafe,https://tabelog.com/akita/A0502/A050202/5006458/
akita/kitaakita|Dining|39,千羽寿司,r2-hash-vs-listing:https://tblg.k-img.com/resize/640x640c/restaurant/images/Rvw/127744/127744667.jpg?token=0b06f39&api=v2,card photo belonged to another card (photo-shift fix); own listing photo not on R2,hubfix-all,千羽寿司,https://tabelog.com/akita/A0502/A050202/5001572/
akita/kitaakita|Dining|59,ブーメラン,r2-hash-vs-listing:https://tblg.k-img.com/restaurant/images/Rvw/171466/640x640_rect_72ccbd8c18100707cba1951558d088e2.jpg,card photo belonged to another card (photo-shift fix); own listing photo not on R2,hubfix-all,ブーメラン,https://tabelog.com/akita/A0502/A050202/5001865/
akita/kitaakita|Dining|79,居酒屋ぼっちゃん,r2-hash-vs-listing:https://tblg.k-img.com/restaurant/images/Rvw/72005/640x640_rect_72005152.jpg,card photo belonged to another card (photo-shift fix); own listing photo not on R2,hubfix-all,居酒屋ぼっちゃん,https://tabelog.com/akita/A0502/A050202/5001162/
akita/kitaakita|Dining|99,JA産直おおだいこ,r2-hash-vs-listing:https://tblg.k-img.com/restaurant/images/Rvw/234568/640x640_rect_9604f696d52c42e08853a3cbcda12db6.jpg,card photo belonged to another card (photo-shift fix); own listing photo not on R2,hubfix-all,JA産直おおだいこ,https://tabelog.com/akita/A0502/A050202/5007704/
akita/kitaakita|Dining|119,居酒屋さるーて,r2-hash-vs-listing:https://tblg.k-img.com/restaurant/images/Rvw/257278/640x640_rect_dc14a404758a71853c2d1a00a083fca2.jpg,card photo belonged to another card (photo-shift fix); own listing photo not on R2,hubfix-all,居酒屋さるーて,https://tabelog.com/akita/A0502/A050202/5011053/
akita/kosaka|Dining|1,奈良岡屋,r2-hash-vs-listing:https://tblg.k-img.com/restaurant/images/Rvw/350539/640x640_rect_178c1018dbaaef8334584d765d2683ac.jpg,card photo belonged to another card (photo-shift fix); own listing photo not on R2,hubfix-all,奈良岡屋,https://tabelog.com/akita/A0502/A050203/5006947/
akita/kosaka|Dining|5,レストラン真木,r2-hash-vs-listing:https://tblg.k-img.com/restaurant/images/Rvw/563/640x640_rect_563860.jpg,card photo belonged to another card (photo-shift fix); own listing photo not on R2,hubfix-all,レストラン真木,https://tabelog.com/akita/A0502/A050203/5000266/
akita/kosaka|Dining|7,あかしあ亭,r2-hash-vs-listing:https://tblg.k-img.com/restaurant/images/Rvw/362205/640x640_rect_4669117401c3a36ce6e07198203632f0.jpg,card photo belonged to another card (photo-shift fix); own listing photo not on R2,hubfix-all,あかしあ亭,https://tabelog.com/akita/A0502/A050203/5000468/
akita/kosaka|Dining|10,伊勢家 大昌園,r2-hash-vs-listing:https://tblg.k-img.com/restaurant/images/Rvw/191642/640x640_rect_619210c64ceefcd2dad7aa8c2b470252.jpg,card photo belonged to another card (photo-shift fix); own listing photo not on R2,hubfix-all,伊勢家 大昌園,https://tabelog.com/akita/A0502/A050203/5006747/
akita/kosaka|Dining|17,ドライブイン下野,r2-hash-vs-listing:https://tblg.k-img.com/restaurant/images/Rvw/359641/640x640_rect_1fa2562deb06b83d8f9503a4a62dd4bd.jpg,card photo belonged to another card (photo-shift fix); own listing photo not on R2,hubfix-all,ドライブイン下野,https://tabelog.com/akita/A0502/A050203/5007830/
akita/kosaka|Dining|24,奥入瀬,r2-hash-vs-listing:https://tblg.k-img.com/resize/640x640c/restaurant/images/Rvw/161057/161057630.jpg?token=718872d&api=v2,card photo belonged to another card (photo-shift fix); own listing photo not on R2,hubfix-all,奥入瀬,https://tabelog.com/akita/A0502/A050203/5005233/
akita/misato-05434|Dining|1,麺屋 はじめ,r2-hash-vs-listing:https://tblg.k-img.com/restaurant/images/Rvw/284652/640x640_rect_3854c3b0be6cc1f5763cc976ff90e4d8.jpg,card photo belonged to another card (photo-shift fix); own listing photo not on R2,hubfix-all,麺屋 はじめ,https://tabelog.com/akita/A0504/A050402/5010410/
akita/misato-05434|Dining|21,若清水,r2-hash-vs-listing:https://tblg.k-img.com/restaurant/images/Rvw/153542/640x640_rect_153542926.jpg,card photo belonged to another card (photo-shift fix); own listing photo not on R2,hubfix-all,若清水,https://tabelog.com/akita/A0504/A050402/5006656/
akita/misato-05434|Dining|40,ニテコ名水庵,r2-hash-vs-listing:https://tblg.k-img.com/resize/640x640c/restaurant/images/Rvw/308843/dabc7c2e402dc7201b9313b81f90b4b2.jpg?token=ad20238&api=v2,card photo belonged to another card (photo-shift fix); own listing photo not on R2,hubfix-all,ニテコ名水庵,https://tabelog.com/akita/A0504/A050402/5011385/
akita/mitane|Dining|1,みたねの石窯 ピエーノディソーレ,r2-hash-vs-listing:https://tblg.k-img.com/restaurant/images/Rvw/314410/640x640_rect_8f2a07e35dbb166e330555139a6cb151.jpg,card photo belonged to another card (photo-shift fix); own listing photo not on R2,hubfix-all,みたねの石窯 ピエーノディソーレ,https://tabelog.com/akita/A0503/A050302/5006625/
akita/mitane|Dining|5,レストラン きらめき,r2-hash-vs-listing:https://tblg.k-img.com/resize/640x640c/restaurant/images/Rvw/340775/bdc7dd9197b238510a9917b414578501.jpg?token=1edc870&api=v2,card photo belonged to another card (photo-shift fix); own listing photo not on R2,hubfix-all,レストラン きらめき,https://tabelog.com/akita/A0503/A050302/5010500/
akita/mitane|Dining|9,あすか,r2-hash-vs-listing:https://tblg.k-img.com/restaurant/images/Rvw/364847/640x640_rect_4f9408c2d99bc6f1e921eb94b0e071ab.jpg,card photo belonged to another card (photo-shift fix); own listing photo not on R2,hubfix-all,あすか,https://tabelog.com/akita/A0503/A050302/5002092/
akita/mitane|Dining|18,南秋屋,r2-hash-vs-listing:https://tblg.k-img.com/resize/640x640c/restaurant/images/Rvw/156010/156010670.jpg?token=89bd82e&api=v2,card photo belonged to another card (photo-shift fix); own listing photo not on R2,hubfix-all,南秋屋,https://tabelog.com/akita/A0503/A050302/5001600/
akita/mitane|Dining|38,かおん,r2-hash-vs-listing:https://tblg.k-img.com/restaurant/images/Rvw/142169/640x640_rect_142169261.jpg,card photo belonged to another card (photo-shift fix); own listing photo not on R2,hubfix-all,かおん,https://tabelog.com/akita/A0503/A050301/5009670/
akita/nikaho|Dining|1,湯の台食堂,r2-hash-vs-listing:https://tblg.k-img.com/restaurant/images/Rvw/382909/640x640_rect_ab17761a261c39b334c948b7ab1b93fc.jpg,card photo belonged to another card (photo-shift fix); own listing photo not on R2,hubfix-all,湯の台食堂,https://tabelog.com/akita/A0506/A050602/5009760/
akita/nikaho|Dining|21,きさかたPIZZA,r2-hash-vs-listing:https://tblg.k-img.com/resize/640x640c/restaurant/images/Rvw/364492/40f263a6cd1ea640d9f581cef9cf533d.jpg?token=9c56a83&api=v2,card photo belonged to another card (photo-shift fix); own listing photo not on R2,hubfix-all,きさかたPIZZA,https://tabelog.com/akita/A0506/A050602/5007495/
akita/nikaho|Dining|27,韓国家庭料理 ソナム,r2-hash-vs-listing:https://tblg.k-img.com/restaurant/images/Rvw/345808/640x640_rect_4dd0f23c2df22c1011e3bf4530c7826c.jpg,card photo belonged to another card (photo-shift fix); own listing photo not on R2,hubfix-all,韓国家庭料理 ソナム,https://tabelog.com/akita/A0506/A050602/5007497/
akita/nikaho|Dining|41,ちや食堂,r2-hash-vs-listing:https://tblg.k-img.com/restaurant/images/Rvw/319832/640x640_rect_726204730038334d146e6de797a423e3.jpg,card photo belonged to another card (photo-shift fix); own listing photo not on R2,hubfix-all,ちや食堂,https://tabelog.com/akita/A0506/A050602/5002674/
akita/nikaho|Dining|57,にかほ陣屋,r2-hash-vs-listing:https://tblg.k-img.com/restaurant/images/Rvw/131495/640x640_rect_131495742.jpg,card photo belonged to another card (photo-shift fix); own listing photo not on R2,hubfix-all,にかほ陣屋,https://tabelog.com/akita/A0506/A050602/5006103/
akita/nikaho|Dining|77,Aji-Q にかほ店,r2-hash-vs-listing:https://tblg.k-img.com/restaurant/images/Rvw/267246/640x640_rect_662e91bfb6bf9aebf7161331b71434a8.jpg,card photo belonged to another card (photo-shift fix); own listing photo not on R2,hubfix-all,Aji-Q にかほ店,https://tabelog.com/akita/A0506/A050602/5000183/
akita/nikaho|Dining|97,あきた商店,r2-hash-vs-listing:https://tblg.k-img.com/restaurant/images/Rvw/253172/640x640_rect_3b0196dad79495a2224d4777eb16b878.jpg,card photo belonged to another card (photo-shift fix); own listing photo not on R2,hubfix-all,あきた商店,https://tabelog.com/akita/A0506/A050602/5011027/
akita/nikaho|Dining|116,番屋,r2-hash-vs-listing:https://tblg.k-img.com/images/no_photo_350x350.gif,card photo belonged to another card (photo-shift fix); own listing photo not on R2,hubfix-all,番屋,https://tabelog.com/akita/A0506/A050602/5001800/
akita/nikaho|Dining|137,ホテルシティパレス,r2-hash-vs-listing:https://tblg.k-img.com/resize/640x640c/restaurant/images/Rvw/173956/2b3884de442cf5069423e50158bd756f.jpg?token=d5d1320&api=v2,card photo belonged to another card (photo-shift fix); own listing photo not on R2,hubfix-all,ホテルシティパレス,https://tabelog.com/akita/A0506/A050602/5005479/
akita/nikaho|Dining|148,カフェ&リラクゼーション トランス,r2-hash-vs-listing:https://tblg.k-img.com/resize/640x640c/restaurant/images/Rvw/131572/131572723.jpg?token=2785355&api=v2,card photo belonged to another card (photo-shift fix); own listing photo not on R2,hubfix-all,カフェ&リラクゼーション トランス,https://tabelog.com/akita/A0506/A050602/5009433/
akita/noshiro|Dining|1,十八番,r2-hash-vs-listing:https://tblg.k-img.com/restaurant/images/Rvw/384817/640x640_rect_8fd495bc51ac54316984977129a4b61d.jpg,card photo belonged to another card (photo-shift fix); own listing photo not on R2,hubfix-all,十八番,https://tabelog.com/akita/A0503/A050301/5000035/
akita/noshiro|Dining|21,耀熙,r2-hash-vs-listing:https://tblg.k-img.com/restaurant/images/Rvw/358445/640x640_rect_5ac45ba550558c1a32071eb4328edb9e.jpg,card photo belonged to another card (photo-shift fix); own listing photo not on R2,hubfix-all,耀熙,https://tabelog.com/akita/A0503/A050301/5009584/
akita/noshiro|Dining|41,乃しろ庵 向能代店,r2-hash-vs-listing:https://tblg.k-img.com/restaurant/images/Rvw/357546/640x640_rect_1376e1046efc259cc5c87316bcded563.jpg,card photo belonged to another card (photo-shift fix); own listing photo not on R2,hubfix-all,乃しろ庵 向能代店,https://tabelog.com/akita/A0503/A050301/5004071/
akita/noshiro|Dining|61,喜多方ラーメン とし食堂 イオンタウン能代店,r2-hash-vs-listing:https://tblg.k-img.com/resize/640x640c/restaurant/images/Rvw/369083/b3af2edf1d47ca2f4678d465470b5f05.jpg?token=73520d6&api=v2,card photo belonged to another card (photo-shift fix); own listing photo not on R2,hubfix-all,喜多方ラーメン とし食堂 イオンタウン能代店,https://tabelog.com/akita/A0503/A050301/5010046/
akita/noshiro|Dining|81,今出川珈琲館,r2-hash-vs-listing:https://tblg.k-img.com/restaurant/images/Rvw/145349/640x640_rect_145349482.jpg,card photo belonged to another card (photo-shift fix); own listing photo not on R2,hubfix-all,今出川珈琲館,https://tabelog.com/akita/A0503/A050301/5003364/
akita/noshiro|Dining|88,メルカート,r2-hash-vs-listing:https://tblg.k-img.com/restaurant/images/Rvw/225621/640x640_rect_8859e3d2206058a2569682d177b1fe9d.jpg,card photo belonged to another card (photo-shift fix); own listing photo not on R2,hubfix-all,メルカート,https://tabelog.com/akita/A0503/A050301/5002485/
akita/noshiro|Dining|99,海鮮居酒屋 若大将 能代店,r2-hash-vs-listing:https://tblg.k-img.com/restaurant/images/Rvw/298241/640x640_rect_b242248958dcb5b2ec571f25101ec401.jpg,card photo belonged to another card (photo-shift fix); own listing photo not on R2,hubfix-all,海鮮居酒屋 若大将 能代店,https://tabelog.com/akita/A0503/A050301/5007481/
akita/noshiro|Dining|106,Prima Cottage,r2-hash-vs-listing:https://tblg.k-img.com/restaurant/images/Rvw/246560/640x640_rect_37a92578647932e2ba02ced513ea7f70.jpg,card photo belonged to another card (photo-shift fix); own listing photo not on R2,hubfix-all,Prima Cottage,https://tabelog.com/akita/A0503/A050301/5003898/
akita/noshiro|Dining|118,こばーる 小林,r2-hash-vs-listing:https://tblg.k-img.com/restaurant/images/Rvw/270772/640x640_rect_6ca3bb1a6c8cce4359b94d2c80855163.jpg,card photo belonged to another card (photo-shift fix); own listing photo not on R2,hubfix-all,こばーる 小林,https://tabelog.com/akita/A0503/A050301/5010746/
akita/noshiro|Dining|138,缶酒場ちょいちょい,r2-hash-vs-listing:https://tblg.k-img.com/restaurant/images/Rvw/352820/640x640_rect_9cf3d2be4259765123fe7c545bea2992.jpg,card photo belonged to another card (photo-shift fix); own listing photo not on R2,hubfix-all,缶酒場ちょいちょい,https://tabelog.com/akita/A0503/A050301/5011587/
akita/noshiro|Dining|158,天洋酒店,r2-hash-vs-listing:https://tblg.k-img.com/resize/640x640c/restaurant/images/Rvw/261513/af9b47a4484f371d7a46c9ad3a40d973.jpg?token=b5d81a4&api=v2,card photo belonged to another card (photo-shift fix); own listing photo not on R2,hubfix-all,天洋酒店,https://tabelog.com/akita/A0503/A050301/5008858/
akita/noshiro|Dining|178,珉亭,r2-hash-vs-listing:https://tblg.k-img.com/resize/640x640c/restaurant/images/Rvw/363687/7d31d56fe5e00f2c82b38716d671f3ee.jpg?token=40ae88f&api=v2,card photo belonged to another card (photo-shift fix); own listing photo not on R2,hubfix-all,珉亭,https://tabelog.com/akita/A0503/A050301/5002274/
akita/noshiro|Dining|188,シェルター,r2-hash-vs-listing:https://tblg.k-img.com/restaurant/images/Rvw/51629/640x640_rect_51629864.jpg,card photo belonged to another card (photo-shift fix); own listing photo not on R2,hubfix-all,シェルター,https://tabelog.com/akita/A0503/A050301/5005100/
akita/noshiro|Dining|197,居酒屋いとうや 柳町店,r2-hash-vs-listing:https://tblg.k-img.com/resize/640x640c/restaurant/images/Rvw/354964/f2dd3805e190fa5ddf8758802a628ca1.jpg?token=9dfe59e&api=v2,card photo belonged to another card (photo-shift fix); own listing photo not on R2,hubfix-all,居酒屋いとうや 柳町店,https://tabelog.com/akita/A0503/A050301/5010889/
akita/noshiro|Dining|199,絣,r2-hash-vs-listing:https://tblg.k-img.com/resize/640x640c/restaurant/images/Rvw/240411/bc5e0eb4c047fd3873ad74fd41cb1931.jpg?token=de69ac3&api=v2,card photo belonged to another card (photo-shift fix); own listing photo not on R2,hubfix-all,絣,https://tabelog.com/akita/A0503/A050301/5003485/
akita/noshiro|Dining|216,ととや,r2-hash-vs-listing:https://tblg.k-img.com/resize/640x640c/restaurant/images/Rvw/373405/cc175e6d11629fb3af876d43283bf1ad.jpg?token=2e2c737&api=v2,card photo belonged to another card (photo-shift fix); own listing photo not on R2,hubfix-all,ととや,https://tabelog.com/akita/A0503/A050301/5001029/
akita/noshiro|Dining|236,洋服衣院 ミミ,r2-hash-vs-listing:https://tblg.k-img.com/restaurant/images/Rvw/259381/640x640_rect_c42106a7cb38c72a6101891ff87db06f.jpg,card photo belonged to another card (photo-shift fix); own listing photo not on R2,hubfix-all,洋服衣院 ミミ,https://tabelog.com/akita/A0503/A050301/5010295/
akita/noshiro|Dining|256,レストラン 風,r2-hash-vs-listing:https://tblg.k-img.com/resize/640x640c/restaurant/images/Rvw/201953/ba1d2fb7b065d82da5669d8de19b25f7.jpg?token=9cff4ea&api=v2,card photo belonged to another card (photo-shift fix); own listing photo not on R2,hubfix-all,レストラン 風,https://tabelog.com/akita/A0503/A050301/5008883/
akita/noshiro|Dining|264,フレッシュベーカリー いとく能代北店,r2-hash-vs-listing:https://tblg.k-img.com/resize/640x640c/restaurant/images/Rvw/241263/b35426888494b201cacf073d51ae811c.jpg?token=7cc0ef6&api=v2,card photo belonged to another card (photo-shift fix); own listing photo not on R2,hubfix-all,フレッシュベーカリー いとく能代北店,https://tabelog.com/akita/A0503/A050301/5010914/
akita/noshiro|Dining|275,テラタ バイパス店,r2-hash-vs-listing:https://tblg.k-img.com/restaurant/images/Rvw/176781/640x640_rect_0288382eb2ae254fade41ad586bc4a3f.jpg,card photo belonged to another card (photo-shift fix); own listing photo not on R2,hubfix-all,テラタ バイパス店,https://tabelog.com/akita/A0503/A050301/5008988/
akita/noshiro|Dining|295,省吾 能代営業所,r2-hash-vs-listing:https://tblg.k-img.com/restaurant/images/Rvw/281724/640x640_rect_ba6e90917837849b4f18731da62c6c4f.jpg,card photo belonged to another card (photo-shift fix); own listing photo not on R2,hubfix-all,省吾 能代営業所,https://tabelog.com/akita/A0503/A050301/5009844/
akita/noshiro|Dining|314,ときめき工房 ねまーる,r2-hash-vs-listing:https://tblg.k-img.com/resize/640x640c/restaurant/images/Rvw/149075/149075564.jpg?token=ad69026&api=v2,card photo belonged to another card (photo-shift fix); own listing photo not on R2,hubfix-all,ときめき工房 ねまーる,https://tabelog.com/akita/A0503/A050301/5009776/
akita/noshiro|Dining|323,能松,r2-hash-vs-listing:https://tblg.k-img.com/resize/640x640c/restaurant/images/Rvw/357008/a9b5fc75aa8be1226506171d5237b3e6.jpg?token=0623722&api=v2,card photo belonged to another card (photo-shift fix); own listing photo not on R2,hubfix-all,能松,https://tabelog.com/akita/A0503/A050301/5011526/
akita/odate|Dining|1,昔のきりたんぽや,r2-hash-vs-listing:https://tblg.k-img.com/restaurant/images/Rvw/123127/640x640_rect_123127166.jpg,card photo belonged to another card (photo-shift fix); own listing photo not on R2,hubfix-all,昔のきりたんぽや,https://tabelog.com/akita/A0502/A050201/5000308/
akita/odate|Dining|13,山口製菓店,r2-hash-vs-listing:https://tblg.k-img.com/restaurant/images/Rvw/343428/640x640_rect_8f63376c8ebaeaccf356f8ca283c534a.jpg,card photo belonged to another card (photo-shift fix); own listing photo not on R2,hubfix-all,山口製菓店,https://tabelog.com/akita/A0502/A050201/5004642/
akita/odate|Dining|20,あきた味坐,r2-hash-vs-listing:https://tblg.k-img.com/restaurant/images/Rvw/199112/640x640_rect_4752f6e9589be0f18c8f00fde2d8c415.jpg,card photo belonged to another card (photo-shift fix); own listing photo not on R2,hubfix-all,あきた味坐,https://tabelog.com/akita/A0502/A050201/5006534/
akita/odate|Dining|28,大鵬,r2-hash-vs-listing:https://tblg.k-img.com/resize/640x640c/restaurant/images/Rvw/333911/21527765a8bc2c05005f6d06224f33e0.jpg?token=b928ffe&api=v2,card photo belonged to another card (photo-shift fix); own listing photo not on R2,hubfix-all,大鵬,https://tabelog.com/akita/A0502/A050201/5000906/
akita/odate|Dining|38,石田ローズカフェ,r2-hash-vs-listing:https://tblg.k-img.com/restaurant/images/Rvw/304879/640x640_rect_d8eba9fdb834180e1e14160992f2793c.jpg,card photo belonged to another card (photo-shift fix); own listing photo not on R2,hubfix-all,石田ローズカフェ,https://tabelog.com/akita/A0502/A050201/5010180/
akita/odate|Dining|45,池内食堂,r2-hash-vs-listing:https://tblg.k-img.com/restaurant/images/Rvw/337172/640x640_rect_2740cf03e1b7d226818fda2fb628cf14.jpg,card photo belonged to another card (photo-shift fix); own listing photo not on R2,hubfix-all,池内食堂,https://tabelog.com/akita/A0502/A050201/5007274/
akita/odate|Dining|57,五角亭,r2-hash-vs-listing:https://tblg.k-img.com/restaurant/images/Rvw/316723/640x640_rect_534ed9d1d70442b2ec86ed7228a408b6.jpg,card photo belonged to another card (photo-shift fix); own listing photo not on R2,hubfix-all,五角亭,https://tabelog.com/akita/A0502/A050201/5001336/
akita/odate|Dining|60,早蕨,r2-hash-vs-listing:https://tblg.k-img.com/restaurant/images/Rvw/249017/640x640_rect_75257b5f898bfa06f9fdaf5991ca536f.jpg,card photo belonged to another card (photo-shift fix); own listing photo not on R2,hubfix-all,早蕨,https://tabelog.com/akita/A0502/A050201/5002170/
akita/odate|Dining|68,らぁめん元氣屋 大館店,r2-hash-vs-listing:https://tblg.k-img.com/restaurant/images/Rvw/243724/640x640_rect_d9f90eef2268e6cce9925270b77bdab0.jpg,card photo belonged to another card (photo-shift fix); own listing photo not on R2,hubfix-all,らぁめん元氣屋 大館店,https://tabelog.com/akita/A0502/A050201/5006583/
akita/odate|Dining|75,松囃子,r2-hash-vs-listing:https://tblg.k-img.com/restaurant/images/Rvw/313640/640x640_rect_b71c8018d1ddc229bbc4359d41143af0.jpg,card photo belonged to another card (photo-shift fix); own listing photo not on R2,hubfix-all,松囃子,https://tabelog.com/akita/A0502/A050201/5005092/
akita/odate|Dining|95,永華,r2-hash-vs-listing:https://tblg.k-img.com/restaurant/images/Rvw/217795/640x640_rect_0087e06b746792d87353e2e8d7b30e77.jpg,card photo belonged to another card (photo-shift fix); own listing photo not on R2,hubfix-all,永華,https://tabelog.com/akita/A0502/A050201/5010524/
akita/odate|Dining|100,小間屋明照堂,r2-hash-vs-listing:https://tblg.k-img.com/restaurant/images/Rvw/319689/640x640_rect_56082ac5860967da341794496376ad15.jpg,card photo belonged to another card (photo-shift fix); own listing photo not on R2,hubfix-all,小間屋明照堂,https://tabelog.com/akita/A0502/A050201/5005904/
akita/odate|Dining|111,いとく 片山店,r2-hash-vs-listing:https://tblg.k-img.com/restaurant/images/Rvw/193465/640x640_rect_c9a3c705c5ac64a0b697602672f5d973.jpg,card photo belonged to another card (photo-shift fix); own listing photo not on R2,hubfix-all,いとく 片山店,https://tabelog.com/akita/A0502/A050201/5007394/
akita/odate|Dining|117,ダイニング＆バー ヴァルハラ,r2-hash-vs-listing:https://tblg.k-img.com/restaurant/images/Rvw/192526/640x640_rect_71b72564ad709e9804175512fa01bf76.jpg,card photo belonged to another card (photo-shift fix); own listing photo not on R2,hubfix-all,ダイニング＆バー ヴァルハラ,https://tabelog.com/akita/A0502/A050201/5007981/
akita/odate|Dining|130,タリーズコーヒー 大館店,r2-hash-vs-listing:https://tblg.k-img.com/restaurant/images/Rvw/336628/640x640_rect_c2497c23c935205a4f6ace2d69645daf.jpg,card photo belonged to another card (photo-shift fix); own listing photo not on R2,hubfix-all,タリーズコーヒー 大館店,https://tabelog.com/akita/A0502/A050201/5007872/
akita/odate|Dining|149,たんぽぽ,r2-hash-vs-listing:https://tblg.k-img.com/resize/640x640c/restaurant/images/Rvw/229541/69a6a7e023cfd890669b11159f2f2834.jpg?token=82a92e9&api=v2,card photo belonged to another card (photo-shift fix); own listing photo not on R2,hubfix-all,たんぽぽ,https://tabelog.com/akita/A0502/A050201/5009928/
akita/odate|Dining|169,まんまや,r2-hash-vs-listing:https://tblg.k-img.com/resize/640x640c/restaurant/images/Rvw/224777/cfe2af9b0d43af47e0927d07d7e5920d.jpg?token=6a87f19&api=v2,card photo belonged to another card (photo-shift fix); own listing photo not on R2,hubfix-all,まんまや,https://tabelog.com/akita/A0502/A050201/5010786/
akita/odate|Dining|189,魚民 大館有浦店,r2-hash-vs-listing:https://tblg.k-img.com/restaurant/images/Rvw/369418/640x640_rect_c547b6c1346aece6704d49b4d15527ba.jpg,card photo belonged to another card (photo-shift fix); own listing photo not on R2,hubfix-all,魚民 大館有浦店,https://tabelog.com/akita/A0502/A050201/5006861/
akita/odate|Dining|207,プラザ杉の子,r2-hash-vs-listing:https://tblg.k-img.com/restaurant/images/Rvw/73575/640x640_rect_73575988.jpg,card photo belonged to another card (photo-shift fix); own listing photo not on R2,hubfix-all,プラザ杉の子,https://tabelog.com/akita/A0502/A050201/5006936/
akita/odate|Dining|227,ひぐち,r2-hash-vs-listing:https://tblg.k-img.com/restaurant/images/Rvw/163236/640x640_rect_fd497514997ffdd84339c57650d20528.jpg,card photo belonged to another card (photo-shift fix); own listing photo not on R2,hubfix-all,ひぐち,https://tabelog.com/akita/A0502/A050201/5005280/
akita/odate|Dining|247,琥珀,r2-hash-vs-listing:https://tblg.k-img.com/restaurant/images/Rvw/122642/640x640_rect_122642130.jpg,card photo belonged to another card (photo-shift fix); own listing photo not on R2,hubfix-all,琥珀,https://tabelog.com/akita/A0502/A050201/5009099/
akita/odate|Dining|259,とり新,r2-hash-vs-listing:https://tblg.k-img.com/resize/640x640c/restaurant/images/Rvw/336302/8a75821415d9c8ca64ce2446c9c1466e.jpg?token=c0827e6&api=v2,card photo belonged to another card (photo-shift fix); own listing photo not on R2,hubfix-all,とり新,https://tabelog.com/akita/A0502/A050201/5011414/
akita/oga|Dining|1,おがジェラート,r2-hash-vs-listing:https://tblg.k-img.com/restaurant/images/Rvw/368773/640x640_rect_d64d8da8af0b4538f7487541f49f4494.jpg,card photo belonged to another card (photo-shift fix); own listing photo not on R2,hubfix-all,おがジェラート,https://tabelog.com/akita/A0503/A050303/5010231/
akita/oga|Dining|12,レストランフルット,r2-hash-vs-listing:https://tblg.k-img.com/restaurant/images/Rvw/375377/640x640_rect_b6009690ad20da2af50f08eef30c2ad2.jpg,card photo belonged to another card (photo-shift fix); own listing photo not on R2,hubfix-all,レストランフルット,https://tabelog.com/akita/A0503/A050303/5004400/
akita/oga|Dining|19,浜のそば,r2-hash-vs-listing:https://tblg.k-img.com/resize/640x640c/restaurant/images/Rvw/337077/1cc3e588f3a4f6db2f505094e3bd2254.jpg?token=a103480&api=v2,card photo belonged to another card (photo-shift fix); own listing photo not on R2,hubfix-all,浜のそば,https://tabelog.com/akita/A0503/A050303/5008264/
akita/oga|Dining|24,グルメストアフクシマ 福島肉店,r2-hash-vs-listing:https://tblg.k-img.com/restaurant/images/Rvw/315274/640x640_rect_66d012f5c5f73d5e77dda92a18055ffb.jpg,card photo belonged to another card (photo-shift fix); own listing photo not on R2,hubfix-all,グルメストアフクシマ 福島肉店,https://tabelog.com/akita/A0503/A050303/5003920/
akita/oga|Dining|26,鵜ノ崎テラス,r2-hash-vs-listing:https://tblg.k-img.com/restaurant/images/Rvw/211088/640x640_rect_4534bcf567e4fa8bd1ae9b283d4aa005.jpg,card photo belonged to another card (photo-shift fix); own listing photo not on R2,hubfix-all,鵜ノ崎テラス,https://tabelog.com/akita/A0503/A050303/5009522/
akita/oga|Dining|30,お菓子のゴンタロー 船越店,r2-hash-vs-listing:https://tblg.k-img.com/restaurant/images/Rvw/146236/640x640_rect_146236131.jpg,card photo belonged to another card (photo-shift fix); own listing photo not on R2,hubfix-all,お菓子のゴンタロー 船越店,https://tabelog.com/akita/A0503/A050303/5003299/
akita/oga|Dining|35,Brasserie Ogresse Quete,r2-hash-vs-listing:https://tblg.k-img.com/restaurant/images/Rvw/213379/640x640_rect_c5291267f29c69424525b5516b2d2627.jpg,card photo belonged to another card (photo-shift fix); own listing photo not on R2,hubfix-all,Brasserie Ogresse Quete,https://tabelog.com/akita/A0503/A050303/5010574/
akita/oga|Dining|42,コバトのコトバ,r2-hash-vs-listing:https://tblg.k-img.com/restaurant/images/Rvw/382371/640x640_rect_3ad571c36601767475852e5416f26c51.jpg,card photo belonged to another card (photo-shift fix); own listing photo not on R2,hubfix-all,コバトのコトバ,https://tabelog.com/akita/A0503/A050303/5010477/
akita/oga|Dining|49,スカイパーク寒風山回転展望台,r2-hash-vs-listing:https://tblg.k-img.com/restaurant/images/Rvw/359673/640x640_rect_d3d1144c9b010e600dbe50451ccb4d13.jpg,card photo belonged to another card (photo-shift fix); own listing photo not on R2,hubfix-all,スカイパーク寒風山回転展望台,https://tabelog.com/akita/A0503/A050303/5004411/
akita/oga|Dining|53,化世沢食堂,r2-hash-vs-listing:https://tblg.k-img.com/restaurant/images/Rvw/225357/640x640_rect_c4f184bcc97600557d6d8c98764561e5.jpg,card photo belonged to another card (photo-shift fix); own listing photo not on R2,hubfix-all,化世沢食堂,https://tabelog.com/akita/A0503/A050303/5008966/
akita/oga|Dining|72,雄和丸の店,r2-hash-vs-listing:https://tblg.k-img.com/resize/640x640c/restaurant/images/Rvw/157998/157998092.jpg?token=7010874&api=v2,card photo belonged to another card (photo-shift fix); own listing photo not on R2,hubfix-all,雄和丸の店,https://tabelog.com/akita/A0503/A050303/5000506/
akita/oga|Dining|92,男鹿総合観光案内所,r2-hash-vs-listing:https://tblg.k-img.com/resize/640x640c/restaurant/images/Rvw/69804/69804026.jpg?token=c1299a3&api=v2,card photo belonged to another card (photo-shift fix); own listing photo not on R2,hubfix-all,男鹿総合観光案内所,https://tabelog.com/akita/A0503/A050303/5008122/
akita/oga|Dining|112,マクドナルド 男鹿なまはげモール店,r2-hash-vs-listing:https://tblg.k-img.com/restaurant/images/Rvw/369606/640x640_rect_83636e0292a3330271b1ed894e7e4043.jpg,card photo belonged to another card (photo-shift fix); own listing photo not on R2,hubfix-all,マクドナルド 男鹿なまはげモール店,https://tabelog.com/akita/A0503/A050303/5011508/
akita/oga|Dining|116,バー ゼロ,r2-hash-vs-listing:https://tblg.k-img.com/restaurant/images/Rvw/332645/640x640_rect_e9594a07d7f2c2cf129ccca54a588757.jpg,card photo belonged to another card (photo-shift fix); own listing photo not on R2,hubfix-all,バー ゼロ,https://tabelog.com/akita/A0503/A050303/5008171/
akita/oga|Dining|131,セブンイレブン 男鹿船川港店,r2-hash-vs-listing:https://tblg.k-img.com/restaurant/images/Rvw/71090/640x640_rect_71090018.jpg,card photo belonged to another card (photo-shift fix); own listing photo not on R2,hubfix-all,セブンイレブン 男鹿船川港店,https://tabelog.com/akita/A0503/A050303/5008117/
akita/oga|Dining|138,船幸水産,r2-hash-vs-listing:https://tblg.k-img.com/restaurant/images/Rvw/72360/640x640_rect_72360228.jpg,card photo belonged to another card (photo-shift fix); own listing photo not on R2,hubfix-all,船幸水産,https://tabelog.com/akita/A0503/A050303/5008257/
akita/ogata|Dining|2,レストラン・フレボラント,r2-hash-vs-listing:https://tblg.k-img.com/restaurant/images/Rvw/261659/640x640_rect_faa1024bbb19c95fc65193969fb080f9.jpg,card photo belonged to another card (photo-shift fix); own listing photo not on R2,hubfix-all,レストラン・フレボラント,https://tabelog.com/akita/A0503/A050303/5004907/
akita/semboku|Dining|2,あきたプリン亭,r2-hash-vs-listing:https://tblg.k-img.com/restaurant/images/Rvw/147691/640x640_rect_147691811.jpg,card photo belonged to another card (photo-shift fix); own listing photo not on R2,hubfix-all,あきたプリン亭,https://tabelog.com/akita/A0504/A050401/5009356/
akita/semboku|Dining|17,食堂 いなほ,r2-hash-vs-listing:https://tblg.k-img.com/restaurant/images/Rvw/362349/640x640_rect_3d1d7547565e1c1a685ee8d48c077a66.jpg,card photo belonged to another card (photo-shift fix); own listing photo not on R2,hubfix-all,食堂 いなほ,https://tabelog.com/akita/A0504/A050401/5000495/
akita/semboku|Dining|35,樅の木亭,r2-hash-vs-listing:https://tblg.k-img.com/resize/640x640c/restaurant/images/Rvw/1725/36ee8843b5b42147c617bdb55c5b790a.jpg?token=288bc7f&api=v2,card photo belonged to another card (photo-shift fix); own listing photo not on R2,hubfix-all,樅の木亭,https://tabelog.com/akita/A0504/A050402/5000159/
akita/semboku|Dining|42,くらた 角館店,r2-hash-vs-listing:https://tblg.k-img.com/restaurant/images/Rvw/253407/640x640_rect_fc652c18ffaa238c75ea4fc9b41f528a.jpg,card photo belonged to another card (photo-shift fix); own listing photo not on R2,hubfix-all,くらた 角館店,https://tabelog.com/akita/A0504/A050401/5006284/
akita/semboku|Dining|49,くら吉 角館本店,r2-hash-vs-listing:https://tblg.k-img.com/resize/640x640c/restaurant/images/Rvw/140919/140919371.jpg?token=041b2fe&api=v2,card photo belonged to another card (photo-shift fix); own listing photo not on R2,hubfix-all,くら吉 角館本店,https://tabelog.com/akita/A0504/A050401/5003271/
akita/semboku|Dining|51,田沢湖レストハウス,r2-hash-vs-listing:https://tblg.k-img.com/restaurant/images/Rvw/366672/640x640_rect_46418c55440048cb73ce3545dfed2c58.jpg,card photo belonged to another card (photo-shift fix); own listing photo not on R2,hubfix-all,田沢湖レストハウス,https://tabelog.com/akita/A0504/A050401/5005696/
akita/semboku|Dining|54,唐土庵 さくら並木店,r2-hash-vs-listing:https://tblg.k-img.com/restaurant/images/Rvw/28121/640x640_rect_28121536.jpg,card photo belonged to another card (photo-shift fix); own listing photo not on R2,hubfix-all,唐土庵 さくら並木店,https://tabelog.com/akita/A0504/A050401/5005804/
akita/semboku|Dining|57,山のはちみつ屋,r2-hash-vs-listing:https://tblg.k-img.com/restaurant/images/Rvw/362316/640x640_rect_b7b7b1732b954a98dd3985468a319240.jpg,card photo belonged to another card (photo-shift fix); own listing photo not on R2,hubfix-all,山のはちみつ屋,https://tabelog.com/akita/A0504/A050401/5007972/
akita/semboku|Dining|64,ラーメン46,r2-hash-vs-listing:https://tblg.k-img.com/restaurant/images/Rvw/302895/640x640_rect_bd3fdc47471839d3450b6881c25c13ad.jpg,card photo belonged to another card (photo-shift fix); own listing photo not on R2,hubfix-all,ラーメン46,https://tabelog.com/akita/A0504/A050401/5007807/
akita/semboku|Dining|70,田沢プラトーホテル,r2-hash-vs-listing:https://tblg.k-img.com/resize/640x640c/restaurant/images/Rvw/204305/41fe922dc07c05e48994d1836481c81f.jpg?token=d61faa1&api=v2,card photo belonged to another card (photo-shift fix); own listing photo not on R2,hubfix-all,田沢プラトーホテル,https://tabelog.com/akita/A0504/A050401/5004761/
akita/semboku|Dining|72,家庭料理 はる,r2-hash-vs-listing:https://tblg.k-img.com/resize/640x640c/restaurant/images/Rvw/167094/18c4ab2339d562d1731a0a38e16b2adf.jpg?token=0bac9be&api=v2,card photo belonged to another card (photo-shift fix); own listing photo not on R2,hubfix-all,家庭料理 はる,https://tabelog.com/akita/A0504/A050401/5002239/
akita/semboku|Dining|76,唐土庵いさみや 本店,r2-hash-vs-listing:https://tblg.k-img.com/restaurant/images/Rvw/93683/640x640_rect_93683754.jpg,card photo belonged to another card (photo-shift fix); own listing photo not on R2,hubfix-all,唐土庵いさみや 本店,https://tabelog.com/akita/A0504/A050401/5004325/
akita/semboku|Dining|79,田舎の手打ちそば　すが家,r2-hash-vs-listing:https://tblg.k-img.com/restaurant/images/Rvw/39608/640x640_rect_39608769.jpg,card photo belonged to another card (photo-shift fix); own listing photo not on R2,hubfix-all,田舎の手打ちそば　すが家,https://tabelog.com/akita/A0504/A050401/5000898/
akita/semboku|Dining|86,麺屋神楽,r2-hash-vs-listing:https://tblg.k-img.com/restaurant/images/Rvw/259858/640x640_rect_79fcbf7aa2e4e1e8cb7cf85096909e7a.jpg,card photo belonged to another card (photo-shift fix); own listing photo not on R2,hubfix-all,麺屋神楽,https://tabelog.com/akita/A0504/A050401/5008090/
akita/semboku|Dining|98,旬彩ダイニング ぶなの四季,r2-hash-vs-listing:https://tblg.k-img.com/restaurant/images/Rvw/267363/640x640_rect_49445d5938241c75e9425c8c9130407d.jpg,card photo belonged to another card (photo-shift fix); own listing photo not on R2,hubfix-all,旬彩ダイニング ぶなの四季,https://tabelog.com/akita/A0504/A050401/5004845/
akita/semboku|Dining|101,ラーメン大学 角館店,r2-hash-vs-listing:https://tblg.k-img.com/restaurant/images/Rvw/220149/640x640_rect_06a65b52e13d51e0fa2329143b45b431.jpg,card photo belonged to another card (photo-shift fix); own listing photo not on R2,hubfix-all,ラーメン大学 角館店,https://tabelog.com/akita/A0504/A050401/5004682/
akita/semboku|Dining|114,めん丸 仙北店,r2-hash-vs-listing:https://tblg.k-img.com/restaurant/images/Rvw/207129/640x640_rect_31221557965883d81c78b2fe9d13723a.jpg,card photo belonged to another card (photo-shift fix); own listing photo not on R2,hubfix-all,めん丸 仙北店,https://tabelog.com/akita/A0504/A050401/5007747/
akita/semboku|Dining|120,田中屋,r2-hash-vs-listing:https://tblg.k-img.com/restaurant/images/Rvw/148467/640x640_rect_148467240.jpg,card photo belonged to another card (photo-shift fix); own listing photo not on R2,hubfix-all,田中屋,https://tabelog.com/akita/A0504/A050401/5003393/
akita/semboku|Dining|133,滝沢食堂,r2-hash-vs-listing:https://tblg.k-img.com/restaurant/images/Rvw/165233/640x640_rect_9c1aa29884d6b715a22965b2c8f13388.jpg,card photo belonged to another card (photo-shift fix); own listing photo not on R2,hubfix-all,滝沢食堂,https://tabelog.com/akita/A0504/A050401/5002978/
akita/semboku|Dining|142,喫茶 いちゑ,r2-hash-vs-listing:https://tblg.k-img.com/restaurant/images/Rvw/372843/640x640_rect_ab42edf6f7d13181746a1de2dc49c20a.jpg,card photo belonged to another card (photo-shift fix); own listing photo not on R2,hubfix-all,喫茶 いちゑ,https://tabelog.com/akita/A0504/A050401/5011485/
akita/semboku|Dining|149,キオスク 田沢湖駅店,r2-hash-vs-listing:https://tblg.k-img.com/restaurant/images/Rvw/380971/640x640_rect_107a3d8aaf05612b3c8e87135e08ccee.jpg,card photo belonged to another card (photo-shift fix); own listing photo not on R2,hubfix-all,キオスク 田沢湖駅店,https://tabelog.com/akita/A0504/A050401/5007806/
akita/semboku|Dining|151,日本料理まる松,r2-hash-vs-listing:https://tblg.k-img.com/restaurant/images/Rvw/331945/640x640_rect_daa0e647a168c4962002cd129eea962e.jpg,card photo belonged to another card (photo-shift fix); own listing photo not on R2,hubfix-all,日本料理まる松,https://tabelog.com/akita/A0504/A050401/5002023/
akita/semboku|Dining|166,田沢湖ジェラート,r2-hash-vs-listing:https://tblg.k-img.com/restaurant/images/Rvw/310924/640x640_rect_87ae5476f0b2c407a08060dd7ea9b800.jpg,card photo belonged to another card (photo-shift fix); own listing photo not on R2,hubfix-all,田沢湖ジェラート,https://tabelog.com/akita/A0504/A050401/5011401/
akita/semboku|Dining|172,食彩 げんべい,r2-hash-vs-listing:https://tblg.k-img.com/restaurant/images/Rvw/374526/640x640_rect_941c9c76253904741adcb5359f7117d3.jpg,card photo belonged to another card (photo-shift fix); own listing photo not on R2,hubfix-all,食彩 げんべい,https://tabelog.com/akita/A0504/A050401/5009822/
akita/semboku|Dining|185,秋田内陸縦貫鉄道 角館駅売店,r2-hash-vs-listing:https://tblg.k-img.com/restaurant/images/Rvw/50960/640x640_rect_50960069.jpg,card photo belonged to another card (photo-shift fix); own listing photo not on R2,hubfix-all,秋田内陸縦貫鉄道 角館駅売店,https://tabelog.com/akita/A0504/A050402/5007609/
akita/semboku|Dining|204,デイリーヤマザキ 神代店,r2-hash-vs-listing:https://tblg.k-img.com/restaurant/images/Rvw/189352/640x640_rect_90b85c8b87caa896b18bda9d95f83e36.jpg,card photo belonged to another card (photo-shift fix); own listing photo not on R2,hubfix-all,デイリーヤマザキ 神代店,https://tabelog.com/akita/A0504/A050401/5008643/
akita/semboku|Dining|224,角館桜皮細工センター 武家屋敷通り店,r2-hash-vs-listing:https://tblg.k-img.com/restaurant/images/Rvw/296166/640x640_rect_e21d74ff51ec029cd30224745607e94f.jpg,card photo belonged to another card (photo-shift fix); own listing photo not on R2,hubfix-all,角館桜皮細工センター 武家屋敷通り店,https://tabelog.com/akita/A0504/A050401/5011288/
akita/ugo|Dining|1,彦三,r2-hash-vs-listing:https://tblg.k-img.com/resize/640x640c/restaurant/images/Rvw/68360/68360032.jpg?token=b049441&api=v2,card photo belonged to another card (photo-shift fix); own listing photo not on R2,hubfix-all,彦三,https://tabelog.com/akita/A0505/A050502/5000757/
akita/ugo|Dining|21,万寿堂,r2-hash-vs-listing:https://tblg.k-img.com/restaurant/images/Rvw/301659/640x640_rect_362d68f6f903583142c07a47bea5a298.jpg,card photo belonged to another card (photo-shift fix); own listing photo not on R2,hubfix-all,万寿堂,https://tabelog.com/akita/A0505/A050502/5005651/
akita/ugo|Dining|40,そば饅頭 元祖みなとや,r2-hash-vs-listing:https://tblg.k-img.com/images/no_photo_350x350.gif,card photo belonged to another card (photo-shift fix); own listing photo not on R2,hubfix-all,そば饅頭 元祖みなとや,https://tabelog.com/akita/A0505/A050502/5004996/
akita/ugo|Dining|47,マインド,r2-hash-vs-listing:https://tblg.k-img.com/restaurant/images/Rvw/77833/640x640_rect_77833137.jpg,card photo belonged to another card (photo-shift fix); own listing photo not on R2,hubfix-all,マインド,https://tabelog.com/akita/A0505/A050502/5007560/
akita/yokote|Dining|1,ル カフェ プランタニエ,r2-hash-vs-listing:https://tblg.k-img.com/restaurant/images/Rvw/366646/640x640_rect_5e8b61452937c334fe8be5d7463521fe.jpg,card photo belonged to another card (photo-shift fix); own listing photo not on R2,hubfix-all,ル カフェ プランタニエ,https://tabelog.com/akita/A0505/A050501/5000535/
akita/yokote|Dining|21,出端屋 秋田ふるさと村店,r2-hash-vs-listing:https://tblg.k-img.com/restaurant/images/Rvw/23800/640x640_rect_23800183.jpg,card photo belonged to another card (photo-shift fix); own listing photo not on R2,hubfix-all,出端屋 秋田ふるさと村店,https://tabelog.com/akita/A0505/A050501/5000395/
akita/yokote|Dining|41,節屋かつら,r2-hash-vs-listing:https://tblg.k-img.com/restaurant/images/Rvw/352141/640x640_rect_b064b3b8540c4d8674e38e2db257f97a.jpg,card photo belonged to another card (photo-shift fix); own listing photo not on R2,hubfix-all,節屋かつら,https://tabelog.com/akita/A0505/A050501/5008346/
akita/yokote|Dining|60,マンガカフェ,r2-hash-vs-listing:https://tblg.k-img.com/restaurant/images/Rvw/299104/640x640_rect_951d26104ef690346b627c5d05ae7b55.jpg,card photo belonged to another card (photo-shift fix); own listing photo not on R2,hubfix-all,マンガカフェ,https://tabelog.com/akita/A0505/A050501/5008956/
akita/yokote|Dining|70,道の駅十文字,r2-hash-vs-listing:https://tblg.k-img.com/resize/640x640c/restaurant/images/Rvw/327259/c33541d0c8fa9380f2ecca422ed17439.jpg?token=e9eaf18&api=v2,card photo belonged to another card (photo-shift fix); own listing photo not on R2,hubfix-all,道の駅十文字,https://tabelog.com/akita/A0505/A050501/5006250/
akita/yokote|Dining|79,炭鉄 食べ酔う 南,r2-hash-vs-listing:https://tblg.k-img.com/restaurant/images/Rvw/138074/640x640_rect_138074995.jpg,card photo belonged to another card (photo-shift fix); own listing photo not on R2,hubfix-all,炭鉄 食べ酔う 南,https://tabelog.com/akita/A0505/A050501/5001794/
akita/yokote|Dining|98,HOTEL NOSTAL YOKOTE,r2-hash-vs-listing:https://tblg.k-img.com/restaurant/images/Rvw/281837/640x640_rect_465f172715e34db984fe8547a222f4c3.jpg,card photo belonged to another card (photo-shift fix); own listing photo not on R2,hubfix-all,HOTEL NOSTAL YOKOTE,https://tabelog.com/akita/A0505/A050501/5011133/
akita/yokote|Dining|118,旨味処出端屋,r2-hash-vs-listing:https://tblg.k-img.com/restaurant/images/Rvw/257989/640x640_rect_81a0d688f14e3aaf2ba2afa575c17507.jpg,card photo belonged to another card (photo-shift fix); own listing photo not on R2,hubfix-all,旨味処出端屋,https://tabelog.com/akita/A0505/A050501/5010490/
akita/yokote|Dining|137,いずみ食堂,r2-hash-vs-listing:https://tblg.k-img.com/restaurant/images/Rvw/234578/640x640_rect_a95ed63f5fc82268c872d6fb8920b166.jpg,card photo belonged to another card (photo-shift fix); own listing photo not on R2,hubfix-all,いずみ食堂,https://tabelog.com/akita/A0505/A050501/5005038/
akita/yokote|Dining|157,そば処いち膳,r2-hash-vs-listing:https://tblg.k-img.com/restaurant/images/Rvw/199975/640x640_rect_9602575600d376adaf32c77691a71eb5.jpg,card photo belonged to another card (photo-shift fix); own listing photo not on R2,hubfix-all,そば処いち膳,https://tabelog.com/akita/A0505/A050501/5001376/
akita/yokote|Dining|176,浅舞酒造,r2-hash-vs-listing:https://tblg.k-img.com/restaurant/images/Rvw/256526/640x640_rect_6f67f0a8a4a4118d4654d94aa9406f2c.jpg,card photo belonged to another card (photo-shift fix); own listing photo not on R2,hubfix-all,浅舞酒造,https://tabelog.com/akita/A0505/A050501/5006615/
akita/yokote|Dining|196,フルラボCafe,r2-hash-vs-listing:https://tblg.k-img.com/restaurant/images/Rvw/380293/640x640_rect_57b5e970e36e183524538be619c7c4e6.jpg,card photo belonged to another card (photo-shift fix); own listing photo not on R2,hubfix-all,フルラボCafe,https://tabelog.com/akita/A0505/A050501/5011089/
akita/yokote|Dining|216,きらく食堂,r2-hash-vs-listing:https://tblg.k-img.com/restaurant/images/Rvw/385718/640x640_rect_6162cf7f1a7d56ae72a927c2576b1e51.jpg,card photo belonged to another card (photo-shift fix); own listing photo not on R2,hubfix-all,きらく食堂,https://tabelog.com/akita/A0505/A050501/5011578/
akita/yokote|Dining|225,Ｌａ炭之助,r2-hash-vs-listing:https://tblg.k-img.com/restaurant/images/Rvw/140287/640x640_rect_140287917.jpg,card photo belonged to another card (photo-shift fix); own listing photo not on R2,hubfix-all,Ｌａ炭之助,https://tabelog.com/akita/A0505/A050501/5006270/
akita/yokote|Dining|236,Cafe オラん家,r2-hash-vs-listing:https://tblg.k-img.com/restaurant/images/Rvw/370036/640x640_rect_9ee4b26d976bff01f60334961efd22ca.jpg,card photo belonged to another card (photo-shift fix); own listing photo not on R2,hubfix-all,Cafe オラん家,https://tabelog.com/akita/A0505/A050501/5010814/
akita/yokote|Dining|256,酔って亭,r2-hash-vs-listing:https://tblg.k-img.com/restaurant/images/Rvw/151019/640x640_rect_151019805.jpg,card photo belonged to another card (photo-shift fix); own listing photo not on R2,hubfix-all,酔って亭,https://tabelog.com/akita/A0505/A050501/5001795/
akita/yokote|Dining|264,マーブル,r2-hash-vs-listing:https://tblg.k-img.com/restaurant/images/Rvw/156631/640x640_rect_156631313.jpg,card photo belonged to another card (photo-shift fix); own listing photo not on R2,hubfix-all,マーブル,https://tabelog.com/akita/A0505/A050501/5006294/
akita/yokote|Dining|275,よこてシャイニーパレス,r2-hash-vs-listing:https://tblg.k-img.com/restaurant/images/Rvw/380722/640x640_rect_4b00acb34218f69918198de241506410.jpg,card photo belonged to another card (photo-shift fix); own listing photo not on R2,hubfix-all,よこてシャイニーパレス,https://tabelog.com/akita/A0505/A050501/5007073/
akita/yokote|Dining|295,ラ・フランス,r2-hash-vs-listing:https://tblg.k-img.com/restaurant/images/Rvw/78993/640x640_rect_78993559.jpg,card photo belonged to another card (photo-shift fix); own listing photo not on R2,hubfix-all,ラ・フランス,https://tabelog.com/akita/A0505/A050501/5002487/
akita/yokote|Dining|315,恵,r2-hash-vs-listing:https://tblg.k-img.com/restaurant/images/Rvw/235428/640x640_rect_dfaf22ba9ff522175d723ff187dd2cf4.jpg,card photo belonged to another card (photo-shift fix); own listing photo not on R2,hubfix-all,恵,https://tabelog.com/akita/A0505/A050501/5009688/
akita/yokote|Dining|335,佐貫食品,r2-hash-vs-listing:https://tblg.k-img.com/restaurant/images/Rvw/10667/640x640_rect_10667783.jpg,card photo belonged to another card (photo-shift fix); own listing photo not on R2,hubfix-all,佐貫食品,https://tabelog.com/akita/A0504/A050402/5005057/
akita/yokote|Dining|355,ドライブイン樽見内,r2-hash-vs-listing:https://tblg.k-img.com/resize/640x640c/restaurant/images/Rvw/87733/87733165.jpg?token=abf1d21&api=v2,card photo belonged to another card (photo-shift fix); own listing photo not on R2,hubfix-all,ドライブイン樽見内,https://tabelog.com/akita/A0505/A050501/5008023/
akita/yokote|Dining|374,スタンドバー司,r2-hash-vs-listing:https://tblg.k-img.com/restaurant/images/Rvw/51597/640x640_rect_51597836.jpg,card photo belonged to another card (photo-shift fix); own listing photo not on R2,hubfix-all,スタンドバー司,https://tabelog.com/akita/A0505/A050501/5007629/
akita/yokote|Dining|394,NewDays 横手店,r2-hash-vs-listing:https://tblg.k-img.com/restaurant/images/Rvw/367827/640x640_rect_63761f3274da9771135cdde77fc01db8.jpg,card photo belonged to another card (photo-shift fix); own listing photo not on R2,hubfix-all,NewDays 横手店,https://tabelog.com/akita/A0505/A050501/5010915/
akita/yokote|Dining|414,ファミリーマート 横手二番町店,r2-hash-vs-listing:https://tblg.k-img.com/restaurant/images/Rvw/367616/640x640_rect_4c729f697d8b77dac2b6695f878da8fd.jpg,card photo belonged to another card (photo-shift fix); own listing photo not on R2,hubfix-all,ファミリーマート 横手二番町店,https://tabelog.com/akita/A0505/A050501/5011693/
akita/yokote|Dining|438,セブンイレブン 横手浅舞店,r2-hash-vs-listing:https://tblg.k-img.com/restaurant/images/Rvw/54127/640x640_rect_54127463.jpg,card photo belonged to another card (photo-shift fix); own listing photo not on R2,hubfix-all,セブンイレブン 横手浅舞店,https://tabelog.com/akita/A0505/A050501/5007717/
akita/yokote|Dining|455,セブンイレブン 横手上真山店,r2-hash-vs-listing:https://tblg.k-img.com/restaurant/images/Rvw/90799/640x640_rect_90799752.jpg,card photo belonged to another card (photo-shift fix); own listing photo not on R2,hubfix-all,セブンイレブン 横手上真山店,https://tabelog.com/akita/A0505/A050501/5008248/
akita/yurihonjo|Dining|1,affetto akita,r2-hash-vs-listing:https://tblg.k-img.com/restaurant/images/Rvw/339705/640x640_rect_d2a9c9f5f81671eb63643d407e35a79a.jpg,card photo belonged to another card (photo-shift fix); own listing photo not on R2,hubfix-all,affetto akita,https://tabelog.com/akita/A0506/A050601/5008365/
akita/yurihonjo|Dining|21,51丸 食堂,r2-hash-vs-listing:https://tblg.k-img.com/restaurant/images/Rvw/380976/640x640_rect_4cf1d98383195158d1e7640c3ff1c923.jpg,card photo belonged to another card (photo-shift fix); own listing photo not on R2,hubfix-all,51丸 食堂,https://tabelog.com/akita/A0506/A050601/5010749/
akita/yurihonjo|Dining|25,こうらく,r2-hash-vs-listing:https://tblg.k-img.com/restaurant/images/Rvw/345083/640x640_rect_ed0259e435af76d247938f6a68f23fd4.jpg,card photo belonged to another card (photo-shift fix); own listing photo not on R2,hubfix-all,こうらく,https://tabelog.com/akita/A0506/A050601/5000975/
akita/yurihonjo|Dining|41,グリル カインド,r2-hash-vs-listing:https://tblg.k-img.com/restaurant/images/Rvw/180963/640x640_rect_2111fd3226026854a7dbe9d8094b3e90.jpg,card photo belonged to another card (photo-shift fix); own listing photo not on R2,hubfix-all,グリル カインド,https://tabelog.com/akita/A0506/A050601/5002437/
akita/yurihonjo|Dining|52,司鮨,r2-hash-vs-listing:https://tblg.k-img.com/resize/640x640c/restaurant/images/Rvw/212558/9568679f499623bdc1481d869894aba1.jpg?token=a4eb155&api=v2,card photo belonged to another card (photo-shift fix); own listing photo not on R2,hubfix-all,司鮨,https://tabelog.com/akita/A0506/A050601/5001533/
akita/yurihonjo|Dining|60,さくら,r2-hash-vs-listing:https://tblg.k-img.com/resize/640x640c/restaurant/images/Rvw/369725/099e7748f5eb0ab7c1c733469a350dfd.jpg?token=513e3d9&api=v2,card photo belonged to another card (photo-shift fix); own listing photo not on R2,hubfix-all,さくら,https://tabelog.com/akita/A0506/A050601/5006644/
akita/yurihonjo|Dining|74,和麺 ささき,r2-hash-vs-listing:https://tblg.k-img.com/restaurant/images/Rvw/172639/640x640_rect_307bd1950aa80733b9a8075d9b1f4f4d.jpg,card photo belonged to another card (photo-shift fix); own listing photo not on R2,hubfix-all,和麺 ささき,https://tabelog.com/akita/A0506/A050601/5003459/
akita/yurihonjo|Dining|80,本荘ステーションホテル,r2-hash-vs-listing:https://tblg.k-img.com/resize/640x640c/restaurant/images/Rvw/300613/d2b7a08e66b58a7d408d33f7e6c4e7bc.jpg?token=77d6000&api=v2,card photo belonged to another card (photo-shift fix); own listing photo not on R2,hubfix-all,本荘ステーションホテル,https://tabelog.com/akita/A0506/A050601/5008691/
akita/yurihonjo|Dining|91,サモワール,r2-hash-vs-listing:https://tblg.k-img.com/resize/640x640c/restaurant/images/Rvw/194154/4fc96d2234b9c8824e11ca88da26fe13.jpg?token=62d48e3&api=v2,card photo belonged to another card (photo-shift fix); own listing photo not on R2,hubfix-all,サモワール,https://tabelog.com/akita/A0506/A050601/5001841/
akita/yurihonjo|Dining|98,こがねちゃん弁当 駅前店,r2-hash-vs-listing:https://tblg.k-img.com/restaurant/images/Rvw/148644/640x640_rect_148644900.jpg,card photo belonged to another card (photo-shift fix); own listing photo not on R2,hubfix-all,こがねちゃん弁当 駅前店,https://tabelog.com/akita/A0506/A050601/5008204/
akita/yurihonjo|Dining|118,有限会社 渡部製パン,r2-hash-vs-listing:https://tblg.k-img.com/restaurant/images/Rvw/372925/640x640_rect_368012907dd9d9f36cee207ddcfccd0f.jpg,card photo belonged to another card (photo-shift fix); own listing photo not on R2,hubfix-all,有限会社 渡部製パン,https://tabelog.com/akita/A0506/A050601/5007680/
akita/yurihonjo|Dining|121,カフェテラス 紫陽花,r2-hash-vs-listing:https://tblg.k-img.com/restaurant/images/Rvw/215922/640x640_rect_10d08a30f3541850e4c8c259ba5426ad.jpg,card photo belonged to another card (photo-shift fix); own listing photo not on R2,hubfix-all,カフェテラス 紫陽花,https://tabelog.com/akita/A0506/A050601/5001917/
akita/yurihonjo|Dining|136,らぁめんめん丸 本荘店,r2-hash-vs-listing:https://tblg.k-img.com/resize/640x640c/restaurant/images/Rvw/286350/c4f82532d7976910b09fcdb1aefee9c6.jpg?token=52d8224&api=v2,card photo belonged to another card (photo-shift fix); own listing photo not on R2,hubfix-all,らぁめんめん丸 本荘店,https://tabelog.com/akita/A0506/A050601/5004373/
akita/yurihonjo|Dining|156,レストランビッグベア,r2-hash-vs-listing:https://tblg.k-img.com/restaurant/images/Rvw/283525/640x640_rect_242fa4d902c4fcb9589a9f785e379867.jpg,card photo belonged to another card (photo-shift fix); own listing photo not on R2,hubfix-all,レストランビッグベア,https://tabelog.com/akita/A0506/A050601/5004261/
akita/yurihonjo|Dining|176,松乃寿し,r2-hash-vs-listing:https://tblg.k-img.com/restaurant/images/Rvw/329117/640x640_rect_5308d8ff301e9622bcaf816144cb94a3.jpg,card photo belonged to another card (photo-shift fix); own listing photo not on R2,hubfix-all,松乃寿し,https://tabelog.com/akita/A0506/A050601/5001564/
akita/yurihonjo|Dining|196,肴菜や,r2-hash-vs-listing:https://tblg.k-img.com/resize/640x640c/restaurant/images/Rvw/342026/24478793dad98f953067dc02691ea063.jpg?token=d18a18c&api=v2,card photo belonged to another card (photo-shift fix); own listing photo not on R2,hubfix-all,肴菜や,https://tabelog.com/akita/A0506/A050601/5001908/
akita/yurihonjo|Dining|216,日進堂菓子舗,r2-hash-vs-listing:https://tblg.k-img.com/resize/640x640c/restaurant/images/Rvw/102718/102718278.jpg?token=2f8790f&api=v2,card photo belonged to another card (photo-shift fix); own listing photo not on R2,hubfix-all,日進堂菓子舗,https://tabelog.com/akita/A0506/A050601/5004479/
akita/yurihonjo|Dining|236,ヘブンズドラゴン,r2-hash-vs-listing:https://tblg.k-img.com/restaurant/images/Rvw/162532/640x640_rect_162532046.jpg,card photo belonged to another card (photo-shift fix); own listing photo not on R2,hubfix-all,ヘブンズドラゴン,https://tabelog.com/akita/A0506/A050601/5008692/
akita/yurihonjo|Dining|256,飲み処 せっちゃん,r2-hash-vs-listing:https://tblg.k-img.com/resize/640x640c/restaurant/images/Rvw/164333/f2ad83aa187e912496c57b8d9bf0967e.jpg?token=25a3a5b&api=v2,card photo belonged to another card (photo-shift fix); own listing photo not on R2,hubfix-all,飲み処 せっちゃん,https://tabelog.com/akita/A0506/A050601/5010095/
akita/yurihonjo|Dining|276,すし海道 本荘店,r2-hash-vs-listing:https://tblg.k-img.com/restaurant/images/Rvw/276433/640x640_rect_bb4a7707d514615ac1ab8fcd8485a8e1.jpg,card photo belonged to another card (photo-shift fix); own listing photo not on R2,hubfix-all,すし海道 本荘店,https://tabelog.com/akita/A0506/A050601/5008002/
akita/yurihonjo|Dining|296,はま寿司 由利本荘店,r2-hash-vs-listing:https://tblg.k-img.com/resize/640x640c/restaurant/images/Rvw/381643/422abd49eea295c2ea24fe01929ebebd.jpg?token=df7d6b5&api=v2,card photo belonged to another card (photo-shift fix); own listing photo not on R2,hubfix-all,はま寿司 由利本荘店,https://tabelog.com/akita/A0506/A050601/5011823/
akita/yurihonjo|Dining|316,nalule´a,r2-hash-vs-listing:https://tblg.k-img.com/restaurant/images/Rvw/356282/640x640_rect_7de44cbf98bb48215f782dd2e50ed4ff.jpg,card photo belonged to another card (photo-shift fix); own listing photo not on R2,hubfix-all,nalule´a,https://tabelog.com/akita/A0506/A050601/5010450/
akita/yurihonjo|Dining|336,アンサー,r2-hash-vs-listing:https://tblg.k-img.com/restaurant/images/Rvw/91459/640x640_rect_91459857.jpg,card photo belonged to another card (photo-shift fix); own listing photo not on R2,hubfix-all,アンサー,https://tabelog.com/akita/A0506/A050601/5008693/
akita/yurihonjo|Dining|356,LAWSON 岩城ニ古店,r2-hash-vs-listing:https://tblg.k-img.com/resize/640x640c/restaurant/images/Rvw/172133/72422fa3590f926915c62095e2e5a42a.jpg?token=999faba&api=v2,card photo belonged to another card (photo-shift fix); own listing photo not on R2,hubfix-all,LAWSON 岩城ニ古店,https://tabelog.com/akita/A0506/A050601/5010206/
akita/yurihonjo|Dining|374,萬屋　あきた本莊,r2-hash-vs-listing:https://tblg.k-img.com/restaurant/images/Rvw/168705/640x640_rect_ffe7a152bd06c891c31040b0eb0241de.jpg,card photo belonged to another card (photo-shift fix); own listing photo not on R2,hubfix-all,萬屋　あきた本莊,https://tabelog.com/akita/A0506/A050601/5009573/
akita/yurihonjo|Dining|394,業務スーパー 本荘鶴沼店,r2-hash-vs-listing:https://tblg.k-img.com/images/no_photo_350x350.gif,card photo belonged to another card (photo-shift fix); own listing photo not on R2,hubfix-all,業務スーパー 本荘鶴沼店,https://tabelog.com/akita/A0506/A050601/5011784/
akita/yuzawashi|Dining|1,ポケット,r2-hash-vs-listing:https://tblg.k-img.com/restaurant/images/Rvw/205480/640x640_rect_1c834c222a2676097d84787e970ae704.jpg,card photo belonged to another card (photo-shift fix); own listing photo not on R2,hubfix-all,ポケット,https://tabelog.com/akita/A0505/A050502/5003703/
akita/yuzawashi|Dining|15,麺屋　史,r2-hash-vs-listing:https://tblg.k-img.com/resize/640x640c/restaurant/images/Rvw/33857/33857395.jpg?token=6495465&api=v2,card photo belonged to another card (photo-shift fix); own listing photo not on R2,hubfix-all,麺屋　史,https://tabelog.com/akita/A0505/A050502/5006088/
akita/yuzawashi|Dining|21,慶,r2-hash-vs-listing:https://tblg.k-img.com/restaurant/images/Rvw/240727/640x640_rect_5defbb62fa5aae89a7f093c5c58a592b.jpg,card photo belonged to another card (photo-shift fix); own listing photo not on R2,hubfix-all,慶,https://tabelog.com/akita/A0505/A050502/5002871/
akita/yuzawashi|Dining|23,千里十里,r2-hash-vs-listing:https://tblg.k-img.com/restaurant/images/Rvw/168212/640x640_rect_09120dda1c65ab81ebe6dc33d5e5fcbb.jpg,card photo belonged to another card (photo-shift fix); own listing photo not on R2,hubfix-all,千里十里,https://tabelog.com/akita/A0505/A050502/5002961/
akita/yuzawashi|Dining|26,珈琲・雑貨舎 重右衛門,r2-hash-vs-listing:https://tblg.k-img.com/restaurant/images/Rvw/357885/640x640_rect_ac0970d81d3f69d9290bde4167e87866.jpg,card photo belonged to another card (photo-shift fix); own listing photo not on R2,hubfix-all,珈琲・雑貨舎 重右衛門,https://tabelog.com/akita/A0505/A050502/5003814/
akita/yuzawashi|Dining|37,たむら屋,r2-hash-vs-listing:https://tblg.k-img.com/restaurant/images/Rvw/128357/640x640_rect_128357552.jpg,card photo belonged to another card (photo-shift fix); own listing photo not on R2,hubfix-all,たむら屋,https://tabelog.com/akita/A0505/A050502/5006163/
akita/yuzawashi|Dining|53,ヤマモガーデンカフェ,r2-hash-vs-listing:https://tblg.k-img.com/restaurant/images/Rvw/151486/640x640_rect_151486399.jpg,card photo belonged to another card (photo-shift fix); own listing photo not on R2,hubfix-all,ヤマモガーデンカフェ,https://tabelog.com/akita/A0505/A050502/5008877/
akita/yuzawashi|Dining|55,めん菜,r2-hash-vs-listing:https://tblg.k-img.com/restaurant/images/Rvw/292549/640x640_rect_d0e8dcd199803c50cdafcd2b9e4024f3.jpg,card photo belonged to another card (photo-shift fix); own listing photo not on R2,hubfix-all,めん菜,https://tabelog.com/akita/A0505/A050502/5006026/
akita/yuzawashi|Dining|70,いこい,r2-hash-vs-listing:https://tblg.k-img.com/restaurant/images/Rvw/330436/640x640_rect_08a1e810eeba88e586e8e2838a356bc2.jpg,card photo belonged to another card (photo-shift fix); own listing photo not on R2,hubfix-all,いこい,https://tabelog.com/akita/A0505/A050502/5002566/
akita/yuzawashi|Dining|87,手打ちそば 郷,r2-hash-vs-listing:https://tblg.k-img.com/resize/640x640c/restaurant/images/Rvw/5857/5857651.jpg?token=2d0d4c3&api=v2,card photo belonged to another card (photo-shift fix); own listing photo not on R2,hubfix-all,手打ちそば 郷,https://tabelog.com/akita/A0505/A050502/5000908/
akita/yuzawashi|Dining|107,小安商店,r2-hash-vs-listing:https://tblg.k-img.com/restaurant/images/Rvw/379441/640x640_rect_24bc527b789df10b819dfdfd97b99885.jpg,card photo belonged to another card (photo-shift fix); own listing photo not on R2,hubfix-all,小安商店,https://tabelog.com/akita/A0505/A050502/5005648/
akita/yuzawashi|Dining|127,ほおづき,r2-hash-vs-listing:https://tblg.k-img.com/restaurant/images/Rvw/143980/640x640_rect_143980403.jpg,card photo belonged to another card (photo-shift fix); own listing photo not on R2,hubfix-all,ほおづき,https://tabelog.com/akita/A0505/A050502/5002735/
akita/yuzawashi|Dining|135,菊地旅館,r2-hash-vs-listing:https://tblg.k-img.com/restaurant/images/Rvw/373005/640x640_rect_277c27281e9d9e8582fb0d2ee7a18281.jpg,card photo belonged to another card (photo-shift fix); own listing photo not on R2,hubfix-all,菊地旅館,https://tabelog.com/akita/A0505/A050502/5005341/
akita/yuzawashi|Dining|145,まこ食堂,r2-hash-vs-listing:https://tblg.k-img.com/restaurant/images/Rvw/51402/640x640_rect_51402206.jpg,card photo belonged to another card (photo-shift fix); own listing photo not on R2,hubfix-all,まこ食堂,https://tabelog.com/akita/A0505/A050502/5004851/
akita/yuzawashi|Dining|165,やまぶき庵,r2-hash-vs-listing:https://tblg.k-img.com/restaurant/images/Rvw/198645/640x640_rect_bb75caa1f936525d8396b1715cf64931.jpg,card photo belonged to another card (photo-shift fix); own listing photo not on R2,hubfix-all,やまぶき庵,https://tabelog.com/akita/A0505/A050502/5007343/
akita/yuzawashi|Dining|185,Bistro mico,r2-hash-vs-listing:https://tblg.k-img.com/restaurant/images/Rvw/370116/640x640_rect_fc54de640c8293a8336a3b81a77ff248.jpg,card photo belonged to another card (photo-shift fix); own listing photo not on R2,hubfix-all,Bistro mico,https://tabelog.com/akita/A0505/A050502/5011640/
akita/yuzawashi|Dining|205,野土花,r2-hash-vs-listing:https://tblg.k-img.com/restaurant/images/Rvw/156585/640x640_rect_156585665.jpg,card photo belonged to another card (photo-shift fix); own listing photo not on R2,hubfix-all,野土花,https://tabelog.com/akita/A0505/A050502/5006814/
akita/yuzawashi|Dining|225,シェ・アラジン,r2-hash-vs-listing:https://tblg.k-img.com/resize/640x640c/restaurant/images/Rvw/27529/27529452.jpg?token=8674885&api=v2,card photo belonged to another card (photo-shift fix); own listing photo not on R2,hubfix-all,シェ・アラジン,https://tabelog.com/akita/A0505/A050502/5003278/
akita/yuzawashi|Dining|236,かわ波,r2-hash-vs-listing:https://tblg.k-img.com/restaurant/images/Rvw/77699/640x640_rect_77699598.jpg,card photo belonged to another card (photo-shift fix); own listing photo not on R2,hubfix-all,かわ波,https://tabelog.com/akita/A0505/A050502/5001464/
akita/yuzawashi|Dining|243,グランマート 湯沢インター店,r2-hash-vs-listing:https://tblg.k-img.com/restaurant/images/Rvw/285470/640x640_rect_9b384d0560662d1956abe6c72e039609.jpg,card photo belonged to another card (photo-shift fix); own listing photo not on R2,hubfix-all,グランマート 湯沢インター店,https://tabelog.com/akita/A0505/A050502/5010126/
akita/yuzawashi|Dining|252,有限会社 熊谷麺業,r2-hash-vs-listing:https://tblg.k-img.com/restaurant/images/Rvw/167179/640x640_rect_4d8be821cfd3ce14694f9545f215192e.jpg,card photo belonged to another card (photo-shift fix); own listing photo not on R2,hubfix-all,有限会社 熊谷麺業,https://tabelog.com/akita/A0505/A050502/5010128/
akita/yuzawashi|Dining|256,川連運送,r2-hash-vs-listing:https://tblg.k-img.com/resize/640x640c/restaurant/images/Rvw/356311/a847f5dafd358325af62b6b8169ed8c7.jpg?token=d8fd16b&api=v2,card photo belonged to another card (photo-shift fix); own listing photo not on R2,hubfix-all,川連運送,https://tabelog.com/akita/A0505/A050502/5009088/
