page,rank,name,old_img,new_img,note
oita/bungoono,88,モスバーガー 大分三重店,https://img.bokenjapan.com/media/bungoono-dining-ta7517269-p.webp,https://img.bokenjapan.com/media/bungoono-dining-ta50.jpg,matched own listing photo
oita/bungotakada,2,十割蕎麦　ゑつ,https://img.bokenjapan.com/media/bungotakada-dining-44005321.jpg,,photo belonged to another card; no own photo found
oita/bungotakada,3,そば処 響,https://img.bokenjapan.com/media/bungotakada-dining-44000977.jpg,https://img.bokenjapan.com/media/bungotakada-dining-44005321.jpg,matched own listing photo
oita/bungotakada,4,榧の木,https://img.bokenjapan.com/media/bungotakada-dining-44000179.jpg,https://img.bokenjapan.com/media/bungotakada-dining-44000977.jpg,matched own listing photo
oita/bungotakada,5,SOBA CAFEゆうひ,https://img.bokenjapan.com/media/bungotakada-dining-44007710.jpg,https://img.bokenjapan.com/media/bungotakada-dining-44000179.jpg,matched own listing photo
oita/bungotakada,6,胴搗自家製粉 手打蕎麦 地慈,https://img.bokenjapan.com/media/bungotakada-dining-44012824.jpg,https://img.bokenjapan.com/media/bungotakada-dining-44007710.jpg,matched own listing photo
oita/bungotakada,7,カフェ＆バー ブルヴァール,https://img.bokenjapan.com/media/bungotakada-dining-44000563.jpg,https://img.bokenjapan.com/media/bungotakada-dining-44012824.jpg,matched own listing photo
oita/bungotakada,8,ブラジル珈琲舎,https://img.bokenjapan.com/media/bungotakada-dining-44002539.jpg,https://img.bokenjapan.com/media/bungotakada-dining-44000563.jpg,matched own listing photo
oita/bungotakada,9,大寅屋食堂,https://img.bokenjapan.com/media/bungotakada-dining-44000069.jpg,https://img.bokenjapan.com/media/bungotakada-dining-44002539.jpg,matched own listing photo
oita/bungotakada,10,アルフォンソ 昭和の町店,https://img.bokenjapan.com/media/bungotakada-dining-44008522.jpg,https://img.bokenjapan.com/media/bungotakada-dining-44000069.jpg,matched own listing photo
oita/bungotakada,11,美のり,https://img.bokenjapan.com/media/bungotakada-dining-44006423.jpg,https://img.bokenjapan.com/media/bungotakada-dining-44008522.jpg,matched own listing photo
oita/bungotakada,12,翔,https://img.bokenjapan.com/media/bungotakada-dining-44008695.jpg,https://img.bokenjapan.com/media/bungotakada-dining-44006423.jpg,matched own listing photo
oita/bungotakada,13,中華そば 山猫,https://img.bokenjapan.com/media/bungotakada-dining-44011902.jpg,,photo belonged to another card; no own photo found
oita/bungotakada,14,こっとん村,https://img.bokenjapan.com/media/bungotakada-dining-44006369.jpg,https://img.bokenjapan.com/media/bungotakada-dining-44011902.jpg,matched own listing photo
oita/bungotakada,15,そば 六郷,https://img.bokenjapan.com/media/bungotakada-dining-44010366.jpg,https://img.bokenjapan.com/media/bungotakada-dining-44006369.jpg,matched own listing photo
oita/bungotakada,16,みちくさ,https://img.bokenjapan.com/media/bungotakada-dining-44005434.jpg,,photo belonged to another card; no own photo found
oita/bungotakada,17,うなぎ処 志おや 豊後高田支店,https://img.bokenjapan.com/media/bungotakada-dining-44006411.jpg,https://img.bokenjapan.com/media/bungotakada-dining-44005434.jpg,matched own listing photo
oita/bungotakada,20,菓子禅高田屋,https://img.bokenjapan.com/media/bungotakada-dining-44007432.jpg,,photo belonged to another card; no own photo found
oita/bungotakada,21,肉のかなおか,https://img.bokenjapan.com/media/bungotakada-dining-44006418.jpg,https://img.bokenjapan.com/media/bungotakada-dining-44007432.jpg,matched own listing photo
oita/bungotakada,22,杵や,https://img.bokenjapan.com/media/bungotakada-dining-44006413.jpg,https://img.bokenjapan.com/media/bungotakada-dining-44006418.jpg,matched own listing photo
oita/bungotakada,23,森川豊国堂,https://img.bokenjapan.com/media/bungotakada-dining-44004538.jpg,https://img.bokenjapan.com/media/bungotakada-dining-44006413.jpg,matched own listing photo
oita/bungotakada,24,国産小麦と天然酵母のパン工房ヒビノ,https://img.bokenjapan.com/media/bungotakada-dining-44009084.jpg,https://img.bokenjapan.com/media/bungotakada-dining-44004538.jpg,matched own listing photo
oita/bungotakada,25,からあげ壱気,https://img.bokenjapan.com/media/bungotakada-dining-44008964.jpg,https://img.bokenjapan.com/media/bungotakada-dining-44009084.jpg,matched own listing photo
oita/bungotakada,26,瓦藍洞,https://img.bokenjapan.com/media/bungotakada-dining-44005945.jpg,https://img.bokenjapan.com/media/bungotakada-dining-44008964.jpg,matched own listing photo
oita/bungotakada,27,山田屋,https://img.bokenjapan.com/media/bungotakada-dining-44006424.jpg,https://img.bokenjapan.com/media/bungotakada-dining-44005945.jpg,matched own listing photo
oita/bungotakada,28,スパイスカレー 善,https://img.bokenjapan.com/media/bungotakada-dining-44013778.jpg,https://img.bokenjapan.com/media/bungotakada-dining-44006424.jpg,matched own listing photo
oita/bungotakada,29,スーパーかがち,https://img.bokenjapan.com/media/bungotakada-dining-44008575.jpg,https://img.bokenjapan.com/media/bungotakada-dining-44013778.jpg,matched own listing photo
oita/bungotakada,30,スーパーバリュー またま,https://img.bokenjapan.com/media/bungotakada-dining-44010042.jpg,https://img.bokenjapan.com/media/bungotakada-dining-44008575.jpg,matched own listing photo
oita/bungotakada,31,旬彩 南蔵,https://img.bokenjapan.com/media/bungotakada-dining-44000230.jpg,,photo belonged to another card; no own photo found
oita/bungotakada,32,久留米ラーメン 青龍軒,https://img.bokenjapan.com/media/bungotakada-dining-44011211.jpg,https://img.bokenjapan.com/media/bungotakada-dining-44000230.jpg,matched own listing photo
oita/bungotakada,33,モンブラン,https://img.bokenjapan.com/media/bungotakada-dining-44006506.jpg,https://img.bokenjapan.com/media/bungotakada-dining-44011211.jpg,matched own listing photo
oita/bungotakada,34,はんどめいど,https://img.bokenjapan.com/media/bungotakada-dining-44006372.jpg,https://img.bokenjapan.com/media/bungotakada-dining-44006506.jpg,matched own listing photo
oita/bungotakada,35,CAFEちいばす,https://img.bokenjapan.com/media/bungotakada-dining-44008069.jpg,https://img.bokenjapan.com/media/bungotakada-dining-44006372.jpg,matched own listing photo
oita/bungotakada,36,サンウェスタン,https://img.bokenjapan.com/media/bungotakada-dining-44005072.jpg,https://img.bokenjapan.com/media/bungotakada-dining-44008069.jpg,matched own listing photo
oita/bungotakada,39,肉処 和,https://img.bokenjapan.com/media/bungotakada-dining-44006412.jpg,,photo belonged to another card; no own photo found
oita/bungotakada,40,AMARI,https://img.bokenjapan.com/media/bungotakada-dining-44014127.jpg,https://img.bokenjapan.com/media/bungotakada-dining-44006412.jpg,matched own listing photo
oita/bungotakada,41,Pizzeria NOVE,https://img.bokenjapan.com/media/bungotakada-dining-44012557.jpg,https://img.bokenjapan.com/media/bungotakada-dining-44014127.jpg,matched own listing photo
oita/bungotakada,42,昇龍,https://img.bokenjapan.com/media/bungotakada-dining-44013202.jpg,https://img.bokenjapan.com/media/bungotakada-dining-44012557.jpg,matched own listing photo
oita/bungotakada,43,喜久庵,https://img.bokenjapan.com/media/bungotakada-dining-44014631.jpg,https://img.bokenjapan.com/media/bungotakada-dining-44013202.jpg,matched own listing photo
oita/bungotakada,44,カフェ かしゅ・かしゅ,https://img.bokenjapan.com/media/bungotakada-dining-44009412.jpg,https://img.bokenjapan.com/media/bungotakada-dining-44014631.jpg,matched own listing photo
oita/bungotakada,45,Awasima CAFE,https://img.bokenjapan.com/media/bungotakada-dining-44014223.jpg,https://img.bokenjapan.com/media/bungotakada-dining-44009412.jpg,matched own listing photo
oita/bungotakada,46,Okiraku Dining 呑もうっちゃ,https://img.bokenjapan.com/media/bungotakada-dining-44012357.jpg,https://img.bokenjapan.com/media/bungotakada-dining-44014223.jpg,matched own listing photo
oita/bungotakada,47,fiore,https://img.bokenjapan.com/media/bungotakada-dining-44006946.jpg,https://img.bokenjapan.com/media/bungotakada-dining-44012357.jpg,matched own listing photo
oita/bungotakada,48,ラーメンなにわっこ,https://img.bokenjapan.com/media/bungotakada-dining-44001509.jpg,https://img.bokenjapan.com/media/bungotakada-dining-44006946.jpg,matched own listing photo
oita/bungotakada,49,麺屋さいこう,https://img.bokenjapan.com/media/bungotakada-dining-44012799.jpg,https://img.bokenjapan.com/media/bungotakada-dining-44001509.jpg,matched own listing photo
oita/bungotakada,50,レストラン カメリア,https://img.bokenjapan.com/media/bungotakada-dining-44005307.jpg,https://img.bokenjapan.com/media/bungotakada-dining-44012799.jpg,matched own listing photo
oita/bungotakada,51,食事処 まんぞく,https://img.bokenjapan.com/media/bungotakada-dining-44006242.jpg,https://img.bokenjapan.com/media/bungotakada-dining-44005307.jpg,matched own listing photo
oita/bungotakada,52,城下町,https://img.bokenjapan.com/media/bungotakada-dining-44003090.jpg,https://img.bokenjapan.com/media/bungotakada-dining-44006242.jpg,matched own listing photo
oita/bungotakada,53,天ぷら志乃,https://img.bokenjapan.com/media/bungotakada-dining-44003132.jpg,https://img.bokenjapan.com/media/bungotakada-dining-44003090.jpg,matched own listing photo
oita/bungotakada,54,ビストロげってん,https://img.bokenjapan.com/media/bungotakada-dining-44010758.jpg,https://img.bokenjapan.com/media/bungotakada-dining-44003132.jpg,matched own listing photo
oita/bungotakada,55,割烹のがみ,https://img.bokenjapan.com/media/bungotakada-dining-44006344.jpg,https://img.bokenjapan.com/media/bungotakada-dining-44010758.jpg,matched own listing photo
oita/bungotakada,56,ロングヒル,https://img.bokenjapan.com/media/bungotakada-dining-44008703.jpg,https://img.bokenjapan.com/media/bungotakada-dining-44006344.jpg,matched own listing photo
oita/bungotakada,58,味処　豊後,https://img.bokenjapan.com/media/bungotakada-dining-44006427.jpg,,photo belonged to another card; no own photo found
oita/bungotakada,59,Cibo vegetariano Fuyou,https://img.bokenjapan.com/media/bungotakada-dining-44013135.jpg,https://img.bokenjapan.com/media/bungotakada-dining-44006427.jpg,matched own listing photo
oita/bungotakada,60,tree,https://img.bokenjapan.com/media/bungotakada-dining-44005934.jpg,https://img.bokenjapan.com/media/bungotakada-dining-44013135.jpg,matched own listing photo
oita/bungotakada,61,洋食屋チリン,https://img.bokenjapan.com/media/bungotakada-dining-44010105.jpg,https://img.bokenjapan.com/media/bungotakada-dining-44005934.jpg,matched own listing photo
oita/bungotakada,62,ふじやからあげ 真玉店,https://img.bokenjapan.com/media/bungotakada-dining-44008342.jpg,https://img.bokenjapan.com/media/bungotakada-dining-44010105.jpg,matched own listing photo
oita/bungotakada,63,たこ一,https://img.bokenjapan.com/media/bungotakada-dining-44010426.jpg,https://img.bokenjapan.com/media/bungotakada-dining-44008342.jpg,matched own listing photo
oita/bungotakada,64,CAFEキブン,https://img.bokenjapan.com/media/bungotakada-dining-44010434.jpg,https://img.bokenjapan.com/media/bungotakada-dining-44010426.jpg,matched own listing photo
oita/bungotakada,65,居酒屋　五色矢,https://img.bokenjapan.com/media/bungotakada-dining-44006428.jpg,https://img.bokenjapan.com/media/bungotakada-dining-44010434.jpg,matched own listing photo
oita/bungotakada,66,アジアンキッチン didi,https://img.bokenjapan.com/media/bungotakada-dining-44010167.jpg,https://img.bokenjapan.com/media/bungotakada-dining-44006428.jpg,matched own listing photo
oita/bungotakada,67,ちょいとそこまで,https://img.bokenjapan.com/media/bungotakada-dining-44001219.jpg,https://img.bokenjapan.com/media/bungotakada-dining-44010167.jpg,matched own listing photo
oita/bungotakada,68,中之島旅館,https://img.bokenjapan.com/media/bungotakada-dining-44006416.jpg,https://img.bokenjapan.com/media/bungotakada-dining-44001219.jpg,matched own listing photo
oita/bungotakada,69,割烹楓,https://img.bokenjapan.com/media/bungotakada-dining-44008454.jpg,https://img.bokenjapan.com/media/bungotakada-dining-44006416.jpg,matched own listing photo
oita/bungotakada,70,駅前商店 和,https://img.bokenjapan.com/media/bungotakada-dining-44014054.jpg,https://img.bokenjapan.com/media/bungotakada-dining-44008454.jpg,matched own listing photo
oita/bungotakada,71,甘味末広屋,https://img.bokenjapan.com/media/bungotakada-dining-44011398.jpg,https://img.bokenjapan.com/media/bungotakada-dining-44014054.jpg,matched own listing photo
oita/bungotakada,72,農家レストラン 蔵人,https://img.bokenjapan.com/media/bungotakada-dining-44011253.jpg,https://img.bokenjapan.com/media/bungotakada-dining-44011398.jpg,matched own listing photo
oita/bungotakada,73,長崎鼻ビーチリゾート,https://img.bokenjapan.com/media/bungotakada-dining-44010532.jpg,https://img.bokenjapan.com/media/bungotakada-dining-44011253.jpg,matched own listing photo
oita/bungotakada,74,お食事処　ふきの里,https://img.bokenjapan.com/media/bungotakada-dining-44006421.jpg,https://img.bokenjapan.com/media/bungotakada-dining-44010532.jpg,matched own listing photo
oita/bungotakada,75,串揚げ専門店 彩庵,https://img.bokenjapan.com/media/bungotakada-dining-44003044.jpg,https://img.bokenjapan.com/media/bungotakada-dining-44006421.jpg,matched own listing photo
oita/bungotakada,78,咲くら,https://img.bokenjapan.com/media/bungotakada-dining-44012615.jpg,,photo belonged to another card; no own photo found
oita/bungotakada,79,出会いの里,https://img.bokenjapan.com/media/bungotakada-dining-44013769.jpg,https://img.bokenjapan.com/media/bungotakada-dining-44012615.jpg,matched own listing photo
oita/bungotakada,80,ヨーロッパドーナツ,https://img.bokenjapan.com/media/bungotakada-dining-44010528.jpg,https://img.bokenjapan.com/media/bungotakada-dining-44013769.jpg,matched own listing photo
oita/bungotakada,81,安田酒店,https://img.bokenjapan.com/media/bungotakada-dining-44007984.jpg,https://img.bokenjapan.com/media/bungotakada-dining-44010528.jpg,matched own listing photo
oita/bungotakada,82,蕗邨,https://img.bokenjapan.com/media/bungotakada-dining-44004073.jpg,https://img.bokenjapan.com/media/bungotakada-dining-44007984.jpg,matched own listing photo
oita/bungotakada,83,中華料理 龍雲,https://img.bokenjapan.com/media/bungotakada-dining-44014935.jpg,https://img.bokenjapan.com/media/bungotakada-dining-44004073.jpg,matched own listing photo
oita/bungotakada,84,鬼会の里,https://img.bokenjapan.com/media/bungotakada-dining-44010732.jpg,https://img.bokenjapan.com/media/bungotakada-dining-44014935.jpg,matched own listing photo
oita/bungotakada,85,ふるさと寿司,https://img.bokenjapan.com/media/bungotakada-dining-44012540.jpg,https://img.bokenjapan.com/media/bungotakada-dining-44010732.jpg,matched own listing photo
oita/bungotakada,86,cafe Fuyou,https://img.bokenjapan.com/media/bungotakada-dining-44012086.jpg,https://img.bokenjapan.com/media/bungotakada-dining-44012540.jpg,matched own listing photo
oita/bungotakada,88,ランチ・せんべろ居酒屋 未夢来,https://img.bokenjapan.com/media/bungotakada-dining-44013384.jpg,https://img.bokenjapan.com/media/bungotakada-dining-44012086.jpg,matched own listing photo
oita/bungotakada,89,焼肉の愛次郎,https://img.bokenjapan.com/media/bungotakada-dining-44013956.jpg,https://img.bokenjapan.com/media/bungotakada-dining-44013384.jpg,matched own listing photo
oita/bungotakada,90,うちだ屋 豊後高田店,https://img.bokenjapan.com/media/bungotakada-dining-44002063.jpg,https://img.bokenjapan.com/media/bungotakada-dining-44013956.jpg,matched own listing photo
oita/bungotakada,91,お菓子の菊家 豊後高田店,https://img.bokenjapan.com/media/bungotakada-dining-44007796.jpg,https://img.bokenjapan.com/media/bungotakada-dining-44002063.jpg,matched own listing photo
oita/bungotakada,92,豊島,https://img.bokenjapan.com/media/bungotakada-dining-44003173.jpg,https://img.bokenjapan.com/media/bungotakada-dining-44007796.jpg,matched own listing photo
oita/bungotakada,93,劇団バル ナンバー50,https://img.bokenjapan.com/media/bungotakada-dining-44011488.jpg,https://img.bokenjapan.com/media/bungotakada-dining-44003173.jpg,matched own listing photo
oita/bungotakada,95,ほっともっと 豊後高田店,https://img.bokenjapan.com/media/bungotakada-dining-44008507.jpg,https://img.bokenjapan.com/media/bungotakada-dining-44011488.jpg,matched own listing photo
oita/bungotakada,98,焼肉一善,https://img.bokenjapan.com/media/bungotakada-dining-44008092.jpg,,photo belonged to another card; no own photo found
oita/bungotakada,99,あん庵,https://img.bokenjapan.com/media/bungotakada-dining-44008815.jpg,https://img.bokenjapan.com/media/bungotakada-dining-44008092.jpg,matched own listing photo
oita/bungotakada,100,工房 あめのちはれ,https://img.bokenjapan.com/media/bungotakada-dining-44011852.jpg,https://img.bokenjapan.com/media/bungotakada-dining-44008815.jpg,matched own listing photo
oita/bungotakada,101,平清水,https://img.bokenjapan.com/media/bungotakada-dining-44006414.jpg,https://img.bokenjapan.com/media/bungotakada-dining-44011852.jpg,matched own listing photo
oita/bungotakada,102,レコヤキ グルーヴ,https://img.bokenjapan.com/media/bungotakada-dining-44011013.jpg,https://img.bokenjapan.com/media/bungotakada-dining-44006414.jpg,matched own listing photo
oita/bungotakada,103,幾久屋,https://img.bokenjapan.com/media/bungotakada-dining-44008368.jpg,https://img.bokenjapan.com/media/bungotakada-dining-44011013.jpg,matched own listing photo
oita/bungotakada,104,玉津まちの駅 夢むすび,https://img.bokenjapan.com/media/bungotakada-dining-44006419.jpg,https://img.bokenjapan.com/media/bungotakada-dining-44008368.jpg,matched own listing photo
oita/bungotakada,105,パステレリア 三毛猫堂,https://img.bokenjapan.com/media/bungotakada-dining-44012991.jpg,https://img.bokenjapan.com/media/bungotakada-dining-44006419.jpg,matched own listing photo
oita/bungotakada,106,海鮮居酒屋 ももだ,https://img.bokenjapan.com/media/bungotakada-dining-44001865.jpg,https://img.bokenjapan.com/media/bungotakada-dining-44012991.jpg,matched own listing photo
oita/bungotakada,107,THE豊後高田酒場 ヒミツ基地,https://img.bokenjapan.com/media/bungotakada-dining-44010340.jpg,https://img.bokenjapan.com/media/bungotakada-dining-44001865.jpg,matched own listing photo
oita/bungotakada,108,からあげ未紗,https://img.bokenjapan.com/media/bungotakada-dining-44013571.jpg,https://img.bokenjapan.com/media/bungotakada-dining-44010340.jpg,matched own listing photo
oita/bungotakada,109,お酒屋さんのお総菜コレコレ,https://img.bokenjapan.com/media/bungotakada-dining-44012856.jpg,https://img.bokenjapan.com/media/bungotakada-dining-44013571.jpg,matched own listing photo
oita/bungotakada,110,LAWSON 豊後高田新町店,https://img.bokenjapan.com/media/bungotakada-dining-44011477.jpg,https://img.bokenjapan.com/media/bungotakada-dining-44012856.jpg,matched own listing photo
oita/bungotakada,111,宝くじ茶屋,https://img.bokenjapan.com/media/bungotakada-dining-44011701.jpg,https://img.bokenjapan.com/media/bungotakada-dining-44011477.jpg,matched own listing photo
oita/bungotakada,112,みやまち酒場 恩昇,https://img.bokenjapan.com/media/bungotakada-dining-44012862.jpg,https://img.bokenjapan.com/media/bungotakada-dining-44011701.jpg,matched own listing photo
oita/bungotakada,113,沖縄料理 食べ飲み処 よし多家,https://img.bokenjapan.com/media/bungotakada-dining-44010760.jpg,https://img.bokenjapan.com/media/bungotakada-dining-44012862.jpg,matched own listing photo
oita/bungotakada,114,おかん,https://img.bokenjapan.com/media/bungotakada-dining-44014383.jpg,https://img.bokenjapan.com/media/bungotakada-dining-44010760.jpg,matched own listing photo
oita/bungotakada,115,そば処いのちき,https://img.bokenjapan.com/media/bungotakada-dining-44010057.jpg,https://img.bokenjapan.com/media/bungotakada-dining-44014383.jpg,matched own listing photo
oita/bungotakada,117,Peco,https://img.bokenjapan.com/media/bungotakada-dining-44012502.jpg,,photo belonged to another card; no own photo found
oita/bungotakada,119,お食事処さつき,https://img.bokenjapan.com/media/bungotakada-dining-44002435.jpg,https://img.bokenjapan.com/media/bungotakada-dining-44012502.jpg,matched own listing photo
oita/bungotakada,120,ハニースパイス カフェ,https://img.bokenjapan.com/media/bungotakada-dining-44012656.jpg,https://img.bokenjapan.com/media/bungotakada-dining-44002435.jpg,matched own listing photo
oita/bungotakada,122,やきとり豊島,https://img.bokenjapan.com/media/bungotakada-dining-44014330.jpg,https://img.bokenjapan.com/media/bungotakada-dining-44012656.jpg,matched own listing photo
oita/bungotakada,123,夷谷温泉,https://img.bokenjapan.com/media/bungotakada-dining-44014020.jpg,https://img.bokenjapan.com/media/bungotakada-dining-44014330.jpg,matched own listing photo
oita/bungotakada,137,ブレッドハウス 高田店,https://img.bokenjapan.com/media/bungotakada-dining-44006231.jpg,,photo belonged to another card; no own photo found
oita/bungotakada,143,豊前名物ホルモン なじみや 豊後高田店,https://img.bokenjapan.com/media/bungotakada-dining-44011832.jpg,https://img.bokenjapan.com/media/bungotakada-dining-44006231.jpg,matched own listing photo
oita/hiji,2,とん吉,https://img.bokenjapan.com/media/hiji-dining-44002506.jpg,,photo belonged to another card; no own photo found
oita/hiji,3,でんすけ食堂,https://img.bokenjapan.com/media/hiji-dining-44002699.jpg,https://img.bokenjapan.com/media/hiji-dining-44002506.jpg,matched own listing photo
oita/hiji,4,幸喜屋,https://img.bokenjapan.com/media/hiji-dining-44005313.jpg,https://img.bokenjapan.com/media/hiji-dining-44002699.jpg,matched own listing photo
oita/hiji,5,マインズ,https://img.bokenjapan.com/media/hiji-dining-44000685.jpg,,photo belonged to another card; no own photo found
oita/hiji,6,能良玄家,https://img.bokenjapan.com/media/hiji-dining-44000964.jpg,https://img.bokenjapan.com/media/hiji-dining-44000685.jpg,matched own listing photo
oita/hiji,7,暘谷亭,https://img.bokenjapan.com/media/hiji-dining-44008151.jpg,https://img.bokenjapan.com/media/hiji-dining-44000964.jpg,matched own listing photo
oita/hiji,8,ハーベストテーブル,https://img.bokenjapan.com/media/hiji-dining-44005132.jpg,https://img.bokenjapan.com/media/hiji-dining-44008151.jpg,matched own listing photo
oita/hiji,9,すずらん食品館,https://img.bokenjapan.com/media/hiji-dining-44005216.jpg,https://img.bokenjapan.com/media/hiji-dining-44005132.jpg,matched own listing photo
oita/hiji,10,裏リッチヒルズ,https://img.bokenjapan.com/media/hiji-dining-44010177.jpg,https://img.bokenjapan.com/media/hiji-dining-44005216.jpg,matched own listing photo
oita/hiji,11,ホテルソラージュ,https://img.bokenjapan.com/media/hiji-dining-44008277.jpg,https://img.bokenjapan.com/media/hiji-dining-44010177.jpg,matched own listing photo
oita/hiji,12,グランヴィリオホテル 別府湾 和蔵,https://img.bokenjapan.com/media/hiji-dining-44012876.jpg,https://img.bokenjapan.com/media/hiji-dining-44008277.jpg,matched own listing photo
oita/hiji,13,デカ弁 日出店,https://img.bokenjapan.com/media/hiji-dining-44005729.jpg,,photo belonged to another card; no own photo found
oita/hiji,14,とおせんぼ,https://img.bokenjapan.com/media/hiji-dining-44002908.jpg,https://img.bokenjapan.com/media/hiji-dining-44005729.jpg,matched own listing photo
oita/hiji,15,ダイニング&カフェ ぽんぽこ,https://img.bokenjapan.com/media/hiji-dining-44012047.jpg,https://img.bokenjapan.com/media/hiji-dining-44002908.jpg,matched own listing photo
oita/hiji,16,万来,https://img.bokenjapan.com/media/hiji-dining-44001523.jpg,https://img.bokenjapan.com/media/hiji-dining-44012047.jpg,matched own listing photo
oita/hiji,17,大神ファーム レストラン,https://img.bokenjapan.com/media/hiji-dining-44004962.jpg,https://img.bokenjapan.com/media/hiji-dining-44001523.jpg,matched own listing photo
oita/hiji,18,パニエ,https://img.bokenjapan.com/media/hiji-dining-44000805.jpg,https://img.bokenjapan.com/media/hiji-dining-44004962.jpg,matched own listing photo
oita/hiji,21,幸喜屋うどん,https://img.bokenjapan.com/media/hiji-dining-44002065.jpg,,photo belonged to another card; no own photo found
oita/hiji,22,nicoドーナツ 日出店,https://img.bokenjapan.com/media/hiji-dining-44013328.jpg,https://img.bokenjapan.com/media/hiji-dining-44002065.jpg,matched own listing photo
oita/hiji,23,豊後ラーメン 二刀竜,https://img.bokenjapan.com/media/hiji-dining-44009840.jpg,https://img.bokenjapan.com/media/hiji-dining-44013328.jpg,matched own listing photo
oita/hiji,24,カメノス,https://img.bokenjapan.com/media/hiji-dining-44008946.jpg,https://img.bokenjapan.com/media/hiji-dining-44009840.jpg,matched own listing photo
oita/hiji,25,ラーメン ごくまる シーガーデンひじ店,https://img.bokenjapan.com/media/hiji-dining-44012879.jpg,https://img.bokenjapan.com/media/hiji-dining-44008946.jpg,matched own listing photo
oita/hiji,26,パン工房　ぶどうの樹,https://img.bokenjapan.com/media/hiji-dining-44005992.jpg,https://img.bokenjapan.com/media/hiji-dining-44012879.jpg,matched own listing photo
oita/hiji,27,ラーメン五九〇 日出店,https://img.bokenjapan.com/media/hiji-dining-44000092.jpg,https://img.bokenjapan.com/media/hiji-dining-44005992.jpg,matched own listing photo
oita/hiji,28,ジョルノス,https://img.bokenjapan.com/media/hiji-dining-44003736.jpg,https://img.bokenjapan.com/media/hiji-dining-44000092.jpg,matched own listing photo
oita/hiji,29,味楽亭 日出店,https://img.bokenjapan.com/media/hiji-dining-44008755.jpg,https://img.bokenjapan.com/media/hiji-dining-44003736.jpg,matched own listing photo
oita/hiji,30,MY MELODY & KUROMI Cafe Terrace,https://img.bokenjapan.com/media/hiji-dining-44014196.jpg,https://img.bokenjapan.com/media/hiji-dining-44008755.jpg,matched own listing photo
oita/hiji,31,真清水Cafe,https://img.bokenjapan.com/media/hiji-dining-44010318.jpg,https://img.bokenjapan.com/media/hiji-dining-44014196.jpg,matched own listing photo
oita/hiji,32,シーサイドダイニング 別府八景,https://img.bokenjapan.com/media/hiji-dining-44012392.jpg,https://img.bokenjapan.com/media/hiji-dining-44010318.jpg,matched own listing photo
oita/hiji,33,ハッピーカフェ,https://img.bokenjapan.com/media/hiji-dining-44008132.jpg,https://img.bokenjapan.com/media/hiji-dining-44012392.jpg,matched own listing photo
oita/hiji,34,炭仙人,https://img.bokenjapan.com/media/hiji-dining-44006384.jpg,https://img.bokenjapan.com/media/hiji-dining-44008132.jpg,matched own listing photo
oita/hiji,35,お好み焼き木馬,https://img.bokenjapan.com/media/hiji-dining-44003728.jpg,https://img.bokenjapan.com/media/hiji-dining-44006384.jpg,matched own listing photo
oita/hiji,36,インディゴ,https://img.bokenjapan.com/media/hiji-dining-44003474.jpg,https://img.bokenjapan.com/media/hiji-dining-44003728.jpg,matched own listing photo
oita/hiji,37,焼とり凡  日出店,https://img.bokenjapan.com/media/hiji-dining-44013207.jpg,https://img.bokenjapan.com/media/hiji-dining-44003474.jpg,matched own listing photo
oita/hiji,38,merry coffee,https://img.bokenjapan.com/media/hiji-dining-44014463.jpg,https://img.bokenjapan.com/media/hiji-dining-44013207.jpg,matched own listing photo
oita/hiji,41,お好み喫茶 輪,https://img.bokenjapan.com/media/hiji-dining-44000549.jpg,,photo belonged to another card; no own photo found
oita/hiji,42,ブレッドハウス 日出店,https://img.bokenjapan.com/media/hiji-dining-44007933.jpg,https://img.bokenjapan.com/media/hiji-dining-44000549.jpg,matched own listing photo
oita/hiji,43,味楽苑,https://img.bokenjapan.com/media/hiji-dining-44004878.jpg,https://img.bokenjapan.com/media/hiji-dining-44007933.jpg,matched own listing photo
oita/hiji,44,寅寅寅,https://img.bokenjapan.com/media/hiji-dining-44014456.jpg,https://img.bokenjapan.com/media/hiji-dining-44004878.jpg,matched own listing photo
oita/hiji,45,モコモコ シーガーデン日出店,https://img.bokenjapan.com/media/hiji-dining-44008122.jpg,,photo belonged to another card; no own photo found
oita/hiji,46,鈴木養鶏場,https://img.bokenjapan.com/media/hiji-dining-44012070.jpg,https://img.bokenjapan.com/media/hiji-dining-44008122.jpg,matched own listing photo
oita/hiji,47,マノア カフェ,https://img.bokenjapan.com/media/hiji-dining-44011691.jpg,https://img.bokenjapan.com/media/hiji-dining-44012070.jpg,matched own listing photo
oita/hiji,48,アリラン食堂,https://img.bokenjapan.com/media/hiji-dining-44001634.jpg,https://img.bokenjapan.com/media/hiji-dining-44011691.jpg,matched own listing photo
oita/hiji,49,Lunch&Cafe SOSHIJI,https://img.bokenjapan.com/media/hiji-dining-44014460.jpg,https://img.bokenjapan.com/media/hiji-dining-44001634.jpg,matched own listing photo
oita/hiji,50,志高,https://img.bokenjapan.com/media/hiji-dining-44007874.jpg,https://img.bokenjapan.com/media/hiji-dining-44014460.jpg,matched own listing photo
oita/hiji,51,丈ちゃん,https://img.bokenjapan.com/media/hiji-dining-44003089.jpg,https://img.bokenjapan.com/media/hiji-dining-44007874.jpg,matched own listing photo
oita/hiji,52,大分トラピスト修道院製菓工場,https://img.bokenjapan.com/media/hiji-dining-44005421.jpg,https://img.bokenjapan.com/media/hiji-dining-44003089.jpg,matched own listing photo
oita/hiji,53,帯刀の庄,https://img.bokenjapan.com/media/hiji-dining-44000625.jpg,https://img.bokenjapan.com/media/hiji-dining-44005421.jpg,matched own listing photo
oita/hiji,54,やまが亭喜楽,https://img.bokenjapan.com/media/hiji-dining-44003574.jpg,https://img.bokenjapan.com/media/hiji-dining-44000625.jpg,matched own listing photo
oita/hiji,55,cafe de ALL,https://img.bokenjapan.com/media/hiji-dining-44008634.jpg,https://img.bokenjapan.com/media/hiji-dining-44003574.jpg,matched own listing photo
oita/hiji,56,大黒や,https://img.bokenjapan.com/media/hiji-dining-44008296.jpg,https://img.bokenjapan.com/media/hiji-dining-44008634.jpg,matched own listing photo
oita/hiji,57,テイクアウトピザ専門店 Pizza Glee 日出店,https://img.bokenjapan.com/media/hiji-dining-44013389.jpg,https://img.bokenjapan.com/media/hiji-dining-44008296.jpg,matched own listing photo
oita/hiji,60,ギャラリーKAN,https://img.bokenjapan.com/media/hiji-dining-44000950.jpg,,photo belonged to another card; no own photo found
oita/hiji,61,居酒屋やっさん,https://img.bokenjapan.com/media/hiji-dining-44007407.jpg,https://img.bokenjapan.com/media/hiji-dining-44000950.jpg,matched own listing photo
oita/hiji,62,ウエルカム イノウエ 旬の館ふれあい日出店,https://img.bokenjapan.com/media/hiji-dining-44010696.jpg,https://img.bokenjapan.com/media/hiji-dining-44007407.jpg,matched own listing photo
oita/hiji,63,輝麺 一八うどん,https://img.bokenjapan.com/media/hiji-dining-44013624.jpg,https://img.bokenjapan.com/media/hiji-dining-44010696.jpg,matched own listing photo
oita/hiji,64,寿司めいじん 日出店,https://img.bokenjapan.com/media/hiji-dining-44008888.jpg,https://img.bokenjapan.com/media/hiji-dining-44013624.jpg,matched own listing photo
oita/hiji,65,うちだ屋 日出店,https://img.bokenjapan.com/media/hiji-dining-44002064.jpg,https://img.bokenjapan.com/media/hiji-dining-44008888.jpg,matched own listing photo
oita/hiji,66,茶々丸,https://img.bokenjapan.com/media/hiji-dining-44014987.jpg,https://img.bokenjapan.com/media/hiji-dining-44002064.jpg,matched own listing photo
oita/hiji,67,なにわ屋,https://img.bokenjapan.com/media/hiji-dining-44002702.jpg,https://img.bokenjapan.com/media/hiji-dining-44014987.jpg,matched own listing photo
oita/hiji,68,POMPOMPURIN DINER,https://img.bokenjapan.com/media/hiji-dining-44015005.jpg,https://img.bokenjapan.com/media/hiji-dining-44002702.jpg,matched own listing photo
oita/hiji,69,セブンイレブン 日出インター店,https://img.bokenjapan.com/media/hiji-dining-44010680.jpg,https://img.bokenjapan.com/media/hiji-dining-44015005.jpg,matched own listing photo
oita/hiji,70,かま田け,https://img.bokenjapan.com/media/hiji-dining-44011984.jpg,https://img.bokenjapan.com/media/hiji-dining-44010680.jpg,matched own listing photo
oita/hiji,71,二の丸館,https://img.bokenjapan.com/media/hiji-dining-44014759.jpg,https://img.bokenjapan.com/media/hiji-dining-44011984.jpg,matched own listing photo
oita/hiji,72,ツワラの食卓,https://img.bokenjapan.com/media/hiji-dining-44013377.jpg,https://img.bokenjapan.com/media/hiji-dining-44014759.jpg,matched own listing photo
oita/hiji,74,マクドナルド 日出店,https://img.bokenjapan.com/media/hiji-dining-44005714.jpg,https://img.bokenjapan.com/media/hiji-dining-44013377.jpg,matched own listing photo
oita/hiji,75,ジョイフル 日出店,https://img.bokenjapan.com/media/hiji-dining-44003332.jpg,,photo belonged to another card; no own photo found
oita/hiji,76,SUMOMO BAKERY 日出店,https://img.bokenjapan.com/media/hiji-dining-44013266.jpg,https://img.bokenjapan.com/media/hiji-dining-44003332.jpg,matched own listing photo
oita/hiji,80,はんなりの香暮れ家 萌の華,https://img.bokenjapan.com/media/hiji-dining-44011331.jpg,,photo belonged to another card; no own photo found
oita/hiji,81,焼肉の駅元山,https://img.bokenjapan.com/media/hiji-dining-44001635.jpg,https://img.bokenjapan.com/media/hiji-dining-44011331.jpg,matched own listing photo
oita/hiji,82,厨,https://img.bokenjapan.com/media/hiji-dining-44009037.jpg,https://img.bokenjapan.com/media/hiji-dining-44001635.jpg,matched own listing photo
oita/hiji,84,tippu,https://img.bokenjapan.com/media/hiji-dining-44010095.jpg,https://img.bokenjapan.com/media/hiji-dining-44009037.jpg,matched own listing photo
oita/hiji,85,朝市食事処,https://img.bokenjapan.com/media/hiji-dining-44009856.jpg,https://img.bokenjapan.com/media/hiji-dining-44010095.jpg,matched own listing photo
oita/hiji,86,魚商 福住也,https://img.bokenjapan.com/media/hiji-dining-44009168.jpg,https://img.bokenjapan.com/media/hiji-dining-44009856.jpg,matched own listing photo
oita/hiji,88,農産物加工場直売所,https://img.bokenjapan.com/media/hiji-dining-44008683.jpg,https://img.bokenjapan.com/media/hiji-dining-44009168.jpg,matched own listing photo
oita/hiji,89,シーガーデンひじ,https://img.bokenjapan.com/media/hiji-dining-44009251.jpg,https://img.bokenjapan.com/media/hiji-dining-44008683.jpg,matched own listing photo
oita/hiji,90,ポッポおじさんの大分からあげ 日出店,https://img.bokenjapan.com/media/hiji-dining-44008724.jpg,https://img.bokenjapan.com/media/hiji-dining-44009251.jpg,matched own listing photo
oita/hiji,91,魚民 日出店,https://img.bokenjapan.com/media/hiji-dining-44007449.jpg,https://img.bokenjapan.com/media/hiji-dining-44008724.jpg,matched own listing photo
oita/hiji,92,グリーンカウンター,https://img.bokenjapan.com/media/hiji-dining-44007368.jpg,https://img.bokenjapan.com/media/hiji-dining-44007449.jpg,matched own listing photo
oita/hiji,93,みっちゃんからあげ 日出駅前店,https://img.bokenjapan.com/media/hiji-dining-44003727.jpg,https://img.bokenjapan.com/media/hiji-dining-44007368.jpg,matched own listing photo
oita/hiji,94,ぼん,https://img.bokenjapan.com/media/hiji-dining-44007934.jpg,https://img.bokenjapan.com/media/hiji-dining-44003727.jpg,matched own listing photo
oita/hiji,95,キャラフルマルシェ,https://img.bokenjapan.com/media/hiji-dining-44014213.jpg,https://img.bokenjapan.com/media/hiji-dining-44007934.jpg,matched own listing photo
oita/hiji,96,シャトレーゼ 大分日出店,https://img.bokenjapan.com/media/hiji-dining-44013329.jpg,https://img.bokenjapan.com/media/hiji-dining-44014213.jpg,matched own listing photo
oita/hiji,100,ほっともっと 大分日出店,https://img.bokenjapan.com/media/hiji-dining-44008517.jpg,,photo belonged to another card; no own photo found
oita/hiji,101,阿部商店 焼肉センター,https://img.bokenjapan.com/media/hiji-dining-44009442.jpg,https://img.bokenjapan.com/media/hiji-dining-44008517.jpg,matched own listing photo
oita/hiji,102,サンリオnakayokuショップ,https://img.bokenjapan.com/media/hiji-dining-44015006.jpg,https://img.bokenjapan.com/media/hiji-dining-44009442.jpg,matched own listing photo
oita/hiji,103,味彩,https://img.bokenjapan.com/media/hiji-dining-44012150.jpg,https://img.bokenjapan.com/media/hiji-dining-44015006.jpg,matched own listing photo
oita/hiji,104,アリタ商店,https://img.bokenjapan.com/media/hiji-dining-44009271.jpg,https://img.bokenjapan.com/media/hiji-dining-44012150.jpg,matched own listing photo
oita/hiji,105,ダイニング酒場 笑,https://img.bokenjapan.com/media/hiji-dining-44009053.jpg,https://img.bokenjapan.com/media/hiji-dining-44009271.jpg,matched own listing photo
oita/hiji,107,タコ平 本店,https://img.bokenjapan.com/media/hiji-dining-44014890.jpg,https://img.bokenjapan.com/media/hiji-dining-44009053.jpg,matched own listing photo
oita/hiji,108,たこ屋たつ丸,https://img.bokenjapan.com/media/hiji-dining-44009134.jpg,https://img.bokenjapan.com/media/hiji-dining-44014890.jpg,matched own listing photo
oita/kitsuki,2,キツキテラス,https://img.bokenjapan.com/media/kitsuki-dining-44011889.jpg,,photo belonged to another card; no own photo found
oita/kitsuki,3,魚市魚座,https://img.bokenjapan.com/media/kitsuki-dining-44000052.jpg,https://img.bokenjapan.com/media/kitsuki-dining-44011889.jpg,matched own listing photo
oita/kitsuki,4,若栄屋,https://img.bokenjapan.com/media/kitsuki-dining-44000248.jpg,https://img.bokenjapan.com/media/kitsuki-dining-44000052.jpg,matched own listing photo
oita/kitsuki,5,元禄うどん,https://img.bokenjapan.com/media/kitsuki-dining-44000106.jpg,https://img.bokenjapan.com/media/kitsuki-dining-44000248.jpg,matched own listing photo
oita/kitsuki,6,ラーメンショップ 山香店,https://img.bokenjapan.com/media/kitsuki-dining-44006521.jpg,https://img.bokenjapan.com/media/kitsuki-dining-44000106.jpg,matched own listing photo
oita/kitsuki,7,台の茶屋,https://img.bokenjapan.com/media/kitsuki-dining-44004956.jpg,https://img.bokenjapan.com/media/kitsuki-dining-44006521.jpg,matched own listing photo
oita/kitsuki,8,食道園 本店,https://img.bokenjapan.com/media/kitsuki-dining-44005965.jpg,https://img.bokenjapan.com/media/kitsuki-dining-44004956.jpg,matched own listing photo
oita/kitsuki,9,洋食屋　おわたり,https://img.bokenjapan.com/media/kitsuki-dining-44004357.jpg,https://img.bokenjapan.com/media/kitsuki-dining-44005965.jpg,matched own listing photo
oita/kitsuki,10,ます田や,https://img.bokenjapan.com/media/kitsuki-dining-44012189.jpg,https://img.bokenjapan.com/media/kitsuki-dining-44004357.jpg,matched own listing photo
oita/kitsuki,11,M.MIURA,https://img.bokenjapan.com/media/kitsuki-dining-44004961.jpg,https://img.bokenjapan.com/media/kitsuki-dining-44012189.jpg,matched own listing photo
oita/kitsuki,12,松山堂,https://img.bokenjapan.com/media/kitsuki-dining-44003721.jpg,https://img.bokenjapan.com/media/kitsuki-dining-44004961.jpg,matched own listing photo
oita/kitsuki,13,カフェ食堂 あおぞら,https://img.bokenjapan.com/media/kitsuki-dining-44000088.jpg,https://img.bokenjapan.com/media/kitsuki-dining-44003721.jpg,matched own listing photo
oita/kitsuki,14,森の音色,https://img.bokenjapan.com/media/kitsuki-dining-44012798.jpg,https://img.bokenjapan.com/media/kitsuki-dining-44000088.jpg,matched own listing photo
oita/kitsuki,15,9▷▷10,https://img.bokenjapan.com/media/kitsuki-dining-44013966.jpg,https://img.bokenjapan.com/media/kitsuki-dining-44012798.jpg,matched own listing photo
oita/kitsuki,16,別府ゴルフ倶楽部,https://img.bokenjapan.com/media/kitsuki-dining-44007580.jpg,https://img.bokenjapan.com/media/kitsuki-dining-44013966.jpg,matched own listing photo
oita/kitsuki,17,Oyster Restaurant 海の時間,https://img.bokenjapan.com/media/kitsuki-dining-44013826.jpg,https://img.bokenjapan.com/media/kitsuki-dining-44007580.jpg,matched own listing photo
oita/kitsuki,18,紙ふうせん,https://img.bokenjapan.com/media/kitsuki-dining-44002661.jpg,https://img.bokenjapan.com/media/kitsuki-dining-44013826.jpg,matched own listing photo
oita/kitsuki,19,中国食事処　点心嬉楽,https://img.bokenjapan.com/media/kitsuki-dining-44005114.jpg,https://img.bokenjapan.com/media/kitsuki-dining-44002661.jpg,matched own listing photo
oita/kitsuki,22,杵築ラーメン 清新亭本店,https://img.bokenjapan.com/media/kitsuki-dining-44000618.jpg,,photo belonged to another card; no own photo found
oita/kitsuki,23,暘谷亭,https://img.bokenjapan.com/media/kitsuki-dining-44001510.jpg,https://img.bokenjapan.com/media/kitsuki-dining-44000618.jpg,matched own listing photo
oita/kitsuki,24,うどん山ちゃん,https://img.bokenjapan.com/media/kitsuki-dining-44003936.jpg,https://img.bokenjapan.com/media/kitsuki-dining-44001510.jpg,matched own listing photo
oita/kitsuki,25,ネパリバンサ,https://img.bokenjapan.com/media/kitsuki-dining-44010214.jpg,https://img.bokenjapan.com/media/kitsuki-dining-44003936.jpg,matched own listing photo
oita/kitsuki,26,花実,https://img.bokenjapan.com/media/kitsuki-dining-44014339.jpg,https://img.bokenjapan.com/media/kitsuki-dining-44010214.jpg,matched own listing photo
oita/kitsuki,27,一番館,https://img.bokenjapan.com/media/kitsuki-dining-44002228.jpg,https://img.bokenjapan.com/media/kitsuki-dining-44014339.jpg,matched own listing photo
oita/kitsuki,28,ことら,https://img.bokenjapan.com/media/kitsuki-dining-44001655.jpg,https://img.bokenjapan.com/media/kitsuki-dining-44002228.jpg,matched own listing photo
oita/kitsuki,29,肉まる,https://img.bokenjapan.com/media/kitsuki-dining-44012643.jpg,https://img.bokenjapan.com/media/kitsuki-dining-44001655.jpg,matched own listing photo
oita/kitsuki,30,末廣丸,https://img.bokenjapan.com/media/kitsuki-dining-44005461.jpg,https://img.bokenjapan.com/media/kitsuki-dining-44012643.jpg,matched own listing photo
oita/kitsuki,31,そんごくう,https://img.bokenjapan.com/media/kitsuki-dining-44001179.jpg,https://img.bokenjapan.com/media/kitsuki-dining-44005461.jpg,matched own listing photo
oita/kitsuki,32,オルオル,https://img.bokenjapan.com/media/kitsuki-dining-44010531.jpg,https://img.bokenjapan.com/media/kitsuki-dining-44001179.jpg,matched own listing photo
oita/kitsuki,33,中華麺食堂 縁,https://img.bokenjapan.com/media/kitsuki-dining-44013499.jpg,https://img.bokenjapan.com/media/kitsuki-dining-44010531.jpg,matched own listing photo
oita/kitsuki,34,萬彩食堂,https://img.bokenjapan.com/media/kitsuki-dining-44014097.jpg,https://img.bokenjapan.com/media/kitsuki-dining-44013499.jpg,matched own listing photo
oita/kitsuki,35,+met.,https://img.bokenjapan.com/media/kitsuki-dining-44014436.jpg,https://img.bokenjapan.com/media/kitsuki-dining-44014097.jpg,matched own listing photo
oita/kitsuki,36,焼肉 みやべ,https://img.bokenjapan.com/media/kitsuki-dining-44013522.jpg,https://img.bokenjapan.com/media/kitsuki-dining-44014436.jpg,matched own listing photo
oita/kitsuki,37,住吉浜リゾートパーク,https://img.bokenjapan.com/media/kitsuki-dining-44005957.jpg,https://img.bokenjapan.com/media/kitsuki-dining-44013522.jpg,matched own listing photo
oita/kitsuki,38,食楽酒房 遊 ゆとり,https://img.bokenjapan.com/media/kitsuki-dining-44003835.jpg,https://img.bokenjapan.com/media/kitsuki-dining-44005957.jpg,matched own listing photo
oita/kitsuki,39,福ちゃん唐揚げ 杵築本店,https://img.bokenjapan.com/media/kitsuki-dining-44004361.jpg,https://img.bokenjapan.com/media/kitsuki-dining-44003835.jpg,matched own listing photo
oita/kitsuki,42,おうちごはん おしゃれ小屋,https://img.bokenjapan.com/media/kitsuki-dining-44011558.jpg,,photo belonged to another card; no own photo found
oita/kitsuki,43,石山食堂,https://img.bokenjapan.com/media/kitsuki-dining-44009761.jpg,https://img.bokenjapan.com/media/kitsuki-dining-44011558.jpg,matched own listing photo
oita/kitsuki,44,豊の国物産館カフェ,https://img.bokenjapan.com/media/kitsuki-dining-44013528.jpg,https://img.bokenjapan.com/media/kitsuki-dining-44009761.jpg,matched own listing photo
oita/kitsuki,45,猫丸堂ベーカリー,https://img.bokenjapan.com/media/kitsuki-dining-44009269.jpg,https://img.bokenjapan.com/media/kitsuki-dining-44013528.jpg,matched own listing photo
oita/kitsuki,46,こけこっ幸,https://img.bokenjapan.com/media/kitsuki-dining-44011160.jpg,https://img.bokenjapan.com/media/kitsuki-dining-44009269.jpg,matched own listing photo
oita/kitsuki,47,旬食喜心 芳の芽,https://img.bokenjapan.com/media/kitsuki-dining-44009795.jpg,https://img.bokenjapan.com/media/kitsuki-dining-44011160.jpg,matched own listing photo
oita/kitsuki,48,きいろいビートcoffee,https://img.bokenjapan.com/media/kitsuki-dining-44009041.jpg,https://img.bokenjapan.com/media/kitsuki-dining-44009795.jpg,matched own listing photo
oita/kitsuki,49,と々喜,https://img.bokenjapan.com/media/kitsuki-dining-44008778.jpg,https://img.bokenjapan.com/media/kitsuki-dining-44009041.jpg,matched own listing photo
oita/kitsuki,50,万来,https://img.bokenjapan.com/media/kitsuki-dining-44013042.jpg,https://img.bokenjapan.com/media/kitsuki-dining-44008778.jpg,matched own listing photo
oita/kitsuki,51,きつき漁菜館,https://img.bokenjapan.com/media/kitsuki-dining-44004900.jpg,https://img.bokenjapan.com/media/kitsuki-dining-44013042.jpg,matched own listing photo
oita/kitsuki,52,地鶏めし 大分杵築店,https://img.bokenjapan.com/media/kitsuki-dining-44014960.jpg,https://img.bokenjapan.com/media/kitsuki-dining-44004900.jpg,matched own listing photo
oita/kitsuki,53,本町備後屋,https://img.bokenjapan.com/media/kitsuki-dining-44005967.jpg,https://img.bokenjapan.com/media/kitsuki-dining-44014960.jpg,matched own listing photo
oita/kitsuki,54,フランス菓子 パピヨン,https://img.bokenjapan.com/media/kitsuki-dining-44010929.jpg,https://img.bokenjapan.com/media/kitsuki-dining-44005967.jpg,matched own listing photo
oita/kitsuki,56,食道園 支店,https://img.bokenjapan.com/media/kitsuki-dining-44003408.jpg,https://img.bokenjapan.com/media/kitsuki-dining-44010929.jpg,matched own listing photo
oita/kitsuki,57,中野酒造,https://img.bokenjapan.com/media/kitsuki-dining-44008414.jpg,https://img.bokenjapan.com/media/kitsuki-dining-44003408.jpg,matched own listing photo
oita/kitsuki,58,近藤養蜂場,https://img.bokenjapan.com/media/kitsuki-dining-44005658.jpg,https://img.bokenjapan.com/media/kitsuki-dining-44008414.jpg,matched own listing photo
oita/kitsuki,59,日向屋,https://img.bokenjapan.com/media/kitsuki-dining-44005962.jpg,https://img.bokenjapan.com/media/kitsuki-dining-44005658.jpg,matched own listing photo
oita/kitsuki,62,のみめしや 勝,https://img.bokenjapan.com/media/kitsuki-dining-44013216.jpg,,photo belonged to another card; no own photo found
oita/kitsuki,63,中央クラブ,https://img.bokenjapan.com/media/kitsuki-dining-44005966.jpg,https://img.bokenjapan.com/media/kitsuki-dining-44013216.jpg,matched own listing photo
oita/kitsuki,64,キッチンせんす,https://img.bokenjapan.com/media/kitsuki-dining-44013166.jpg,https://img.bokenjapan.com/media/kitsuki-dining-44005966.jpg,matched own listing photo
oita/kitsuki,65,インド料理レストラン アブタール 杵築店,https://img.bokenjapan.com/media/kitsuki-dining-44014993.jpg,https://img.bokenjapan.com/media/kitsuki-dining-44013166.jpg,matched own listing photo
oita/kitsuki,66,からあげやさん たろう,https://img.bokenjapan.com/media/kitsuki-dining-44013374.jpg,https://img.bokenjapan.com/media/kitsuki-dining-44014993.jpg,matched own listing photo
oita/kitsuki,67,奥丹蔵,https://img.bokenjapan.com/media/kitsuki-dining-44015056.jpg,https://img.bokenjapan.com/media/kitsuki-dining-44013374.jpg,matched own listing photo
oita/kitsuki,68,ウェルカム井上 杵築店,https://img.bokenjapan.com/media/kitsuki-dining-44014356.jpg,https://img.bokenjapan.com/media/kitsuki-dining-44015056.jpg,matched own listing photo
oita/kitsuki,69,ジョイフル 大分杵築店,https://img.bokenjapan.com/media/kitsuki-dining-44004050.jpg,,photo belonged to another card; no own photo found
oita/kitsuki,70,きつき三川食堂,https://img.bokenjapan.com/media/kitsuki-dining-44002552.jpg,https://img.bokenjapan.com/media/kitsuki-dining-44004050.jpg,matched own listing photo
oita/kitsuki,71,モスバーガー 大分杵築店,https://img.bokenjapan.com/media/kitsuki-dining-44005615.jpg,https://img.bokenjapan.com/media/kitsuki-dining-44002552.jpg,matched own listing photo
oita/kitsuki,72,大分からあげ 杵築店,https://img.bokenjapan.com/media/kitsuki-dining-44007067.jpg,https://img.bokenjapan.com/media/kitsuki-dining-44005615.jpg,matched own listing photo
oita/kitsuki,73,まめのもんや,https://img.bokenjapan.com/media/kitsuki-dining-44011426.jpg,https://img.bokenjapan.com/media/kitsuki-dining-44007067.jpg,matched own listing photo
oita/kitsuki,74,おべんとうのヒライ,https://img.bokenjapan.com/media/kitsuki-dining-44013776.jpg,https://img.bokenjapan.com/media/kitsuki-dining-44011426.jpg,matched own listing photo
oita/kitsuki,75,ベアトリーチェ,https://img.bokenjapan.com/media/kitsuki-dining-44009396.jpg,https://img.bokenjapan.com/media/kitsuki-dining-44013776.jpg,matched own listing photo
oita/kitsuki,76,峠 たていしの館,https://img.bokenjapan.com/media/kitsuki-dining-44008652.jpg,https://img.bokenjapan.com/media/kitsuki-dining-44009396.jpg,matched own listing photo
oita/kitsuki,77,和食ダイニング 大,https://img.bokenjapan.com/media/kitsuki-dining-44011499.jpg,https://img.bokenjapan.com/media/kitsuki-dining-44008652.jpg,matched own listing photo
oita/kitsuki,78,まるいち,https://img.bokenjapan.com/media/kitsuki-dining-44008694.jpg,https://img.bokenjapan.com/media/kitsuki-dining-44011499.jpg,matched own listing photo
oita/kitsuki,79,いち屋,https://img.bokenjapan.com/media/kitsuki-dining-44011278.jpg,https://img.bokenjapan.com/media/kitsuki-dining-44008694.jpg,matched own listing photo
oita/kitsuki,82,風の一丘,https://img.bokenjapan.com/media/kitsuki-dining-44011283.jpg,,photo belonged to another card; no own photo found
oita/kitsuki,83,錦寿司,https://img.bokenjapan.com/media/kitsuki-dining-44005302.jpg,https://img.bokenjapan.com/media/kitsuki-dining-44011283.jpg,matched own listing photo
oita/kitsuki,84,ふじやからあげ,https://img.bokenjapan.com/media/kitsuki-dining-44010928.jpg,,photo belonged to another card; no own photo found
oita/kitsuki,85,やっちゃん,https://img.bokenjapan.com/media/kitsuki-dining-44005964.jpg,https://img.bokenjapan.com/media/kitsuki-dining-44010928.jpg,matched own listing photo
oita/kitsuki,87,楼蘭喫茶,https://img.bokenjapan.com/media/kitsuki-dining-44002263.jpg,https://img.bokenjapan.com/media/kitsuki-dining-44005964.jpg,matched own listing photo
oita/kitsuki,88,和亭・からあげまあちゃん,https://img.bokenjapan.com/media/kitsuki-dining-44010550.jpg,https://img.bokenjapan.com/media/kitsuki-dining-44002263.jpg,matched own listing photo
oita/kitsuki,89,焼肉白頭山,https://img.bokenjapan.com/media/kitsuki-dining-44001622.jpg,https://img.bokenjapan.com/media/kitsuki-dining-44010550.jpg,matched own listing photo
oita/kitsuki,90,カフェすずめの楽校,https://img.bokenjapan.com/media/kitsuki-dining-44010029.jpg,https://img.bokenjapan.com/media/kitsuki-dining-44001622.jpg,matched own listing photo
oita/kitsuki,92,ディスカバー,https://img.bokenjapan.com/media/kitsuki-dining-44004912.jpg,https://img.bokenjapan.com/media/kitsuki-dining-44010029.jpg,matched own listing photo
oita/kitsuki,94,みろく酒造株式会社,https://img.bokenjapan.com/media/kitsuki-dining-44011813.jpg,https://img.bokenjapan.com/media/kitsuki-dining-44004912.jpg,matched own listing photo
oita/kitsuki,95,木付や,https://img.bokenjapan.com/media/kitsuki-dining-44011895.jpg,https://img.bokenjapan.com/media/kitsuki-dining-44011813.jpg,matched own listing photo
oita/kitsuki,96,パティスリー・ジーク,https://img.bokenjapan.com/media/kitsuki-dining-44009676.jpg,,photo belonged to another card; no own photo found
oita/kitsuki,97,不二家 サンリブ杵築店,https://img.bokenjapan.com/media/kitsuki-dining-44008309.jpg,https://img.bokenjapan.com/media/kitsuki-dining-44009676.jpg,matched own listing photo
oita/kitsuki,102,近藤製パン,https://img.bokenjapan.com/media/kitsuki-dining-44009172.jpg,,photo belonged to another card; no own photo found
oita/kitsuki,103,Cafe m・歩っ,https://img.bokenjapan.com/media/kitsuki-dining-44008994.jpg,https://img.bokenjapan.com/media/kitsuki-dining-44009172.jpg,matched own listing photo
oita/kitsuki,104,大分農業文化公園 ふれあい市場,https://img.bokenjapan.com/media/kitsuki-dining-44010438.jpg,https://img.bokenjapan.com/media/kitsuki-dining-44008994.jpg,matched own listing photo
oita/kitsuki,105,柳家食堂,https://img.bokenjapan.com/media/kitsuki-dining-44003200.jpg,https://img.bokenjapan.com/media/kitsuki-dining-44010438.jpg,matched own listing photo
oita/kitsuki,106,杵築ぎょうざ 小春 杵築本店,https://img.bokenjapan.com/media/kitsuki-dining-44012702.jpg,https://img.bokenjapan.com/media/kitsuki-dining-44003200.jpg,matched own listing photo
oita/kitsuki,109,京屋味かつ,https://img.bokenjapan.com/media/kitsuki-dining-44002626.jpg,https://img.bokenjapan.com/media/kitsuki-dining-44012702.jpg,matched own listing photo
oita/kitsuki,111,サンリブ 杵築,https://img.bokenjapan.com/media/kitsuki-dining-44012436.jpg,https://img.bokenjapan.com/media/kitsuki-dining-44002626.jpg,matched own listing photo
oita/kitsuki,117,ここち屋,https://img.bokenjapan.com/media/kitsuki-dining-44011100.jpg,https://img.bokenjapan.com/media/kitsuki-dining-44012436.jpg,matched own listing photo
oita/kusu,85,味千ラーメンくす,https://img.bokenjapan.com/media/kusu-dining-ta7484739.webp,https://img.bokenjapan.com/media/kusu-dining-ta7368216.webp,matched own listing photo
oita/kusu,87,あすなろ食堂,https://img.bokenjapan.com/media/kusu-dining-ta7484712.webp,https://img.bokenjapan.com/media/kusu-dining-ta7484719.webp,matched own listing photo
oita/kusu,88,山路,https://img.bokenjapan.com/media/kusu-dining-ta10012266.webp,https://img.bokenjapan.com/media/kusu-dining-ta7633678.webp,matched own listing photo
oita/kusu,93,秀屋,https://img.bokenjapan.com/media/kusu-dining-ta7484754.webp,https://img.bokenjapan.com/media/kusu-dining-ta7484719.webp,matched own listing photo
