page,card,old_url,new_url,domain,reason,new_status,new_title
oita/kusu,Mikazuki no Taki Park,https://xn--u9j140gtlqj7aq8v.com/,https://www.visit-oita.jp/spots/detail/4758,三日月の滝.com,parked: domain for sale (nicsell auction redirect),200,三日月の滝公園 | 日本一の「おんせん県」大分県の観光情報公式サイト
oita/saiki,Kunikida Doppo Kan (Kunikidadoppokan),http://saiki-kankou.com/town/2018/01/1836,https://www.visit-oita.jp/spots/detail/5971,saiki-kankou.com,expired: redirects to unrelated domain hotels-fukuoka.com,200,国木田独歩館（くにきだどっぽかん） | 日本一の「おんせん県」大分県の観光情報公式サイト
oita/saiki,Saiki Tourist Information,http://saiki-kankou.com,https://www.visit-oita.jp/spots/detail/5964,saiki-kankou.com,expired: redirects to unrelated domain hotels-fukuoka.com,200,佐伯市観光案内所 | 日本一の「おんせん県」大分県の観光情報公式サイト
oita/saiki,Bansho Kawa River Park,http://saiki-kankou.com,https://www.visit-oita.jp/spots/detail/5966,saiki-kankou.com,expired: redirects to unrelated domain hotels-fukuoka.com,200,番匠川河川公園 | 日本一の「おんせん県」大分県の観光情報公式サイト
oita/saiki,Kyu Kokoro Tei (Kyushintei),http://saiki-kankou.com/town/2017/07/5631,https://www.visit-oita.jp/spots/detail/5969,saiki-kankou.com,expired: redirects to unrelated domain hotels-fukuoka.com,200,汲心亭（きゅうしんてい） | 日本一の「おんせん県」大分県の観光情報公式サイト
oita/saiki,Toko Tera,http://saiki-kankou.com,https://www.visit-oita.jp/spots/detail/5855,saiki-kankou.com,expired: redirects to unrelated domain hotels-fukuoka.com,200,東光寺 | 日本一の「おんせん県」大分県の観光情報公式サイト
oita/saiki,Kozan Coast,http://saiki-kankou.com,https://www.visit-oita.jp/spots/detail/5860,saiki-kankou.com,expired: redirects to unrelated domain hotels-fukuoka.com,200,高山海岸 | 日本一の「おんせん県」大分県の観光情報公式サイト
oita/saiki,Sumiyoshi Goten,http://saiki-kankou.com,https://www.visit-oita.jp/spots/detail/5932,saiki-kankou.com,expired: redirects to unrelated domain hotels-fukuoka.com,200,住吉御殿 | 日本一の「おんせん県」大分県の観光情報公式サイト
oita/saiki,Umaimon Tori,http://saiki-kankou.com,https://www.visit-oita.jp/spots/detail/5956,saiki-kankou.com,expired: redirects to unrelated domain hotels-fukuoka.com,200,うまいもん通り | 日本一の「おんせん県」大分県の観光情報公式サイト
oita/usuki,Sekibutsu Kanko Center,http://sekibutukankocenter.com,https://www.visit-oita.jp/spots/detail/4860,sekibutukankocenter.com,repurposed: redirects to a different business (usarayama.com),200,石仏観光センター | 日本一の「おんせん県」大分県の観光情報公式サイト
fukuoka/kurume,Takayoshi Taisha Oku no In,http://www.kourataisya.or.jp/,https://www.crossroadfukuoka.jp/spot/13622,kourataisya.or.jp,compromised: hidden slot/judi gambling spam links,200,高良大社・奥の院 | 観光スポット | 【公式】福岡県の観光/旅行情報サイト「クロスロードふくおか」
fukuoka/kurume,Takayoshi Taisha Kento Matsuri,http://www.kourataisya.or.jp/,https://www.crossroadfukuoka.jp/spot/13323,kourataisya.or.jp,compromised: hidden slot/judi gambling spam links,200,高良大社献灯祭 | 観光スポット | 【公式】福岡県の観光/旅行情報サイト「クロスロードふくおか」
fukuoka/toho,Iwaya Park no Taiko Mago Ki,https://toho-iwayacamp.com/experience4,https://www.crossroadfukuoka.jp/spot/12099,toho-iwayacamp.com,compromised: hidden casino/betting spam links,200,岩屋公園の大公孫樹 | 観光スポット | 【公式】福岡県の観光/旅行情報サイト「クロスロードふくおか
fukuoka/fukuoka,Kawabata Zenzai Plaza,http://www.hakata.or.jp/zenzaihiroba/,https://www.crossroadfukuoka.jp/spot/10006,hakata.or.jp,hijacked: redirects to rotating spam domains (fake bot-check pages),200,川端ぜんざい広場 | 観光スポット | 【公式】福岡県の観光/旅行情報サイト「クロスロードふくおか」
fukuoka/fukuoka,Nami Ha Baths,http://www.namiha.jp/,https://www.crossroadfukuoka.jp/spot/10808,namiha.jp,dead: hosting DOMAIN ERROR page,200,波葉の湯 | 観光スポット | 【公式】福岡県の観光/旅行情報サイト「クロスロードふくおか」
miyagi/matsushima,The Museum MATSUSHIMA,http://www.t-museum.jp/,https://www.miyagi-kankou.or.jp/theme/detail.php?id=16395,t-museum.jp,"hijacked: adult dating (""パパ活"") blog",200,ザ･ミュージアムMATSUSHIMA | 特選スポット｜観光・旅行情報サイト 宮城まるごと探訪
