card_key,old,url,reason
akita/akita|Dining|405,"An offal grill in Akita, Akita.",https://tabelog.com/akita/A0501/A050101/5004980/,listing marks the place closed:移転
akita/akita|Dining|1064,"A steak restaurant in Akita, Akita.",https://tabelog.com/akita/A0501/A050101/5010305/,listing marks the place closed:移転
akita/akita|Dining|1551,"Restaurant in Akita, Akita.",https://www.tripadvisor.com/Restaurant_Review-g298239-d8448001-Reviews-Toriya_Kibe_Sannoakita_Main_Store-Akita_Akita_Prefecture_Tohoku.html,no usable facts on TripAdvisor listing beyond the name
akita/akita|Dining|1868,"A ramen shop in Akita, Akita.",https://www.tripadvisor.com/Restaurant_Review-g298239-d9615430-Reviews-Boiling_Stone_Hotpot_Ishiyaki_Ramen_Kazan_Akita-Akita_Akita_Prefecture_Tohoku.html,no usable facts on TripAdvisor listing beyond the name
akita/akita|Dining|2017,"Restaurant in Akita, Akita.",https://www.tripadvisor.com/Restaurant_Review-g298239-d13044141-Reviews-Hachimantai_Pork_Direct_Sale_Place_Hiroomote-Akita_Akita_Prefecture_Tohoku.html,no usable facts on TripAdvisor listing beyond the name
akita/akita|Dining|2192,"Restaurant in Akita, Akita.",https://www.tripadvisor.com/Restaurant_Review-g298239-d14742455-Reviews-Anmol_Akita-Akita_Akita_Prefecture_Tohoku.html,no usable facts on TripAdvisor listing beyond the name
akita/akita|Dining|2542,"Restaurant in Akita, Akita.",https://www.tripadvisor.com/Restaurant_Review-g298239-d9662989-Reviews-Creation-Akita_Akita_Prefecture_Tohoku.html,no usable facts on TripAdvisor listing beyond the name
akita/akita|Dining|2741,"Restaurant in Akita, Akita.",https://www.tripadvisor.com/Restaurant_Review-g298239-d13044335-Reviews-Mugikobo_Youpan-Akita_Akita_Prefecture_Tohoku.html,no usable facts on TripAdvisor listing beyond the name
akita/akita|Dining|2830,"Restaurant in Akita, Akita.",https://www.tripadvisor.com/Restaurant_Review-g298239-d13044143-Reviews-Hana_Dango_Shinanoya-Akita_Akita_Prefecture_Tohoku.html,no usable facts on TripAdvisor listing beyond the name
akita/akita|Dining|2853,"Restaurant in Akita, Akita.",https://www.tripadvisor.com/Restaurant_Review-g298239-d14857321-Reviews-Miyama-Akita_Akita_Prefecture_Tohoku.html,no usable facts on TripAdvisor listing beyond the name
akita/akita|Dining|2893,"Restaurant in Akita, Akita.",https://www.tripadvisor.com/Restaurant_Review-g298239-d13044073-Reviews-Chojuan-Akita_Akita_Prefecture_Tohoku.html,no usable facts on TripAdvisor listing beyond the name
akita/akita|Dining|2914,"Restaurant in Akita, Akita.",https://www.tripadvisor.com/Restaurant_Review-g298239-d14742403-Reviews-Melissa-Akita_Akita_Prefecture_Tohoku.html,no usable facts on TripAdvisor listing beyond the name
akita/daisen-05212|Dining|282,"Food spot in Daisen, Akita.",https://tabelog.com/akita/A0504/A050402/5006503/,listing marks the place closed:移転
akita/daisen-05212|Dining|438,"Restaurant in Daisen, Akita.",https://www.tripadvisor.com/Restaurant_Review-g1022315-d13044474-Reviews-Tamagonoki_Omagari-Daisen_Akita_Prefecture_Tohoku.html,no usable facts on TripAdvisor listing beyond the name
akita/daisen-05212|Dining|712,"Restaurant in Daisen, Akita.",https://www.tripadvisor.com/Restaurant_Review-g1022315-d13044347-Reviews-Natti_Bavarian_Mh-Daisen_Akita_Prefecture_Tohoku.html,no usable facts on TripAdvisor listing beyond the name
akita/kazuno|Dining|208,"Restaurant in Kazuno, Akita.",https://www.tripadvisor.com/Restaurant_Review-g1022313-d13044018-Reviews-Asari_Mochi-Kazuno_Akita_Prefecture_Tohoku.html,no usable facts on TripAdvisor listing beyond the name
akita/kazuno|Dining|264,"A cake shop in Kazuno, Akita.",https://www.tripadvisor.com/Restaurant_Review-g1022313-d13044055-Reviews-Cake_Workshop_Ashu-Kazuno_Akita_Prefecture_Tohoku.html,no usable facts on TripAdvisor listing beyond the name
akita/kazuno|Dining|279,"Restaurant in Kazuno, Akita.",https://www.tripadvisor.com/Restaurant_Review-g1022313-d7544024-Reviews-Sun_s_Drop-Kazuno_Akita_Prefecture_Tohoku.html,no usable facts on TripAdvisor listing beyond the name
akita/nikaho|Dining|292,"A ramen shop in Nikaho, Akita.",https://www.tripadvisor.com/Restaurant_Review-g1022326-d7545060-Reviews-Poem_Ramen_Corner-Nikaho_Akita_Prefecture_Tohoku.html,no usable facts on TripAdvisor listing beyond the name
akita/nikaho|Dining|299,"Restaurant in Nikaho, Akita.",https://www.tripadvisor.com/Restaurant_Review-g1022326-d13044023-Reviews-Atsumi_Pastry-Nikaho_Akita_Prefecture_Tohoku.html,no usable facts on TripAdvisor listing beyond the name
akita/nikaho|Dining|300,"Restaurant in Nikaho, Akita.",https://www.tripadvisor.com/Restaurant_Review-g1022326-d13044265-Reviews-Koike_Confectionery_Konoura-Nikaho_Akita_Prefecture_Tohoku.html,no usable facts on TripAdvisor listing beyond the name
akita/noshiro|Dining|386,"A bakery in Noshiro, Akita prefecture.",https://www.tripadvisor.com/Restaurant_Review-g1022327-d13044012-Reviews-A_One_Bakery-Noshiro_Akita_Prefecture_Tohoku.html,no usable facts on TripAdvisor listing beyond the name
akita/noshiro|Dining|400,"Restaurant in Noshiro, Akita.",https://www.tripadvisor.com/Restaurant_Review-g1022327-d7545133-Reviews-Sekito_Main_Store-Noshiro_Akita_Prefecture_Tohoku.html,no usable facts on TripAdvisor listing beyond the name
akita/noshiro|Dining|633,"Restaurant in Noshiro, Akita.",https://www.tripadvisor.com/Restaurant_Review-g1022327-d13044238-Reviews-Kasumi-Noshiro_Akita_Prefecture_Tohoku.html,no usable facts on TripAdvisor listing beyond the name
akita/odate|Dining|606,"Restaurant in Odate, Akita.",https://www.tripadvisor.com/Restaurant_Review-g1022311-d13310348-Reviews-Koransho-Odate_Akita_Prefecture_Tohoku.html,no usable facts on TripAdvisor listing beyond the name
akita/ogata|Dining|7,"Food spot in Ogata, Akita.",https://tabelog.com/akita/A0503/A050303/5003938/,listing marks the place closed:移転
akita/semboku|Dining|359,"Restaurant in Semboku, Akita.",https://www.tripadvisor.com/Restaurant_Review-g1022324-d6046263-Reviews-Ito-Semboku_Akita_Prefecture_Tohoku.html,no usable facts on TripAdvisor listing beyond the name
akita/semboku|Dining|461,"Restaurant in Semboku, Akita.",https://www.tripadvisor.com/Restaurant_Review-g1022324-d7544821-Reviews-Tanakaya-Semboku_Akita_Prefecture_Tohoku.html,no usable facts on TripAdvisor listing beyond the name
akita/yokote|Dining|767,"Restaurant in Yokote, Akita.",https://www.tripadvisor.com/Restaurant_Review-g1022325-d13257767-Reviews-Finished-Yokote_Akita_Prefecture_Tohoku.html,no usable facts on TripAdvisor listing beyond the name
akita/yokote|Dining|771,"Restaurant in Yokote, Akita.",https://www.tripadvisor.com/Restaurant_Review-g1022325-d13044201-Reviews-Ito_Painting-Yokote_Akita_Prefecture_Tohoku.html,no usable facts on TripAdvisor listing beyond the name
akita/yokote|Dining|840,"Restaurant in Yokote, Akita.",https://www.tripadvisor.com/Restaurant_Review-g1022325-d13044459-Reviews-Sweet_Sanoya-Yokote_Akita_Prefecture_Tohoku.html,no usable facts on TripAdvisor listing beyond the name
akita/yokote|Dining|844,"Restaurant in Yokote, Akita.",https://www.tripadvisor.com/Restaurant_Review-g1022325-d13044228-Reviews-Kaishindo-Yokote_Akita_Prefecture_Tohoku.html,no usable facts on TripAdvisor listing beyond the name
akita/yurihonjo|Dining|118,"A cafe in Yurihonjo, Akita prefecture.",https://tabelog.com/akita/A0506/A050601/5010426/,listing marks the place closed:移転
akita/yurihonjo|Dining|304,"Food spot in Yurihonjo, Akita.",https://tabelog.com/akita/A0506/A050601/5009681/,listing marks the place closed:閉店
akita/yurihonjo|Dining|782,"Restaurant in Yurihonjo, Akita.",https://www.tripadvisor.com/Restaurant_Review-g1022322-d13044470-Reviews-Takasho_Pastry-Yurihonjo_Akita_Prefecture_Tohoku.html,no usable facts on TripAdvisor listing beyond the name
akita/yuzawashi|Dining|64,"A noodle shop in Yuzawa, Akita.",https://tabelog.com/akita/A0505/A050502/5006026/,listing marks the place closed:移転
akita/yuzawashi|Dining|299,"A soba shop in Yuzawa, Akita.",https://www.tripadvisor.com/Restaurant_Review-g1022323-d6071328-Reviews-Soba_Restaurant_Sobee-Yuzawa_Akita_Prefecture_Tohoku.html,no usable facts on TripAdvisor listing beyond the name
fukuoka/asakura|Dining|79,"Food spot in Asakura, Fukuoka.",https://tabelog.com/fukuoka/A4008/A400802/40029167/,listing marks the place closed:移転
fukuoka/buzen|Dining|40,"Food spot in Buzen, Fukuoka.",https://tabelog.com/fukuoka/A4006/A400602/40065435/,listing marks the place closed:移転
fukuoka/chikugo|Dining|353,"Restaurant in Chikugo, Fukuoka.",https://www.tripadvisor.com/Restaurant_Review-g1022370-d13269657-Reviews-Abound-Chikugo_Fukuoka_Prefecture_Kyushu.html,no usable facts on TripAdvisor listing beyond the name
fukuoka/fukutsu|Dining|446,"Restaurant in Fukutsu, Fukuoka.",https://www.tripadvisor.com/Restaurant_Review-g1022383-d14027139-Reviews-Francois_Fukuma_Ekimae-Fukutsu_Fukuoka_Prefecture_Kyushu.html,no usable facts on TripAdvisor listing beyond the name
fukuoka/koga|Dining|470,"Restaurant in Koga, Fukuoka.",https://www.tripadvisor.com/Restaurant_Review-g298208-d19264511-Reviews-Karaoke_Snack_Sakura-Koga_Fukuoka_Prefecture_Kyushu.html,no usable facts on TripAdvisor listing beyond the name
fukuoka/ogori|Dining|335,"An udon shop in Ogori, Fukuoka.",https://www.tripadvisor.com/Restaurant_Review-g1022377-d6050180-Reviews-Marumiya_Udon-Ogori_Fukuoka_Prefecture_Kyushu.html,no usable facts on TripAdvisor listing beyond the name
fukuoka/okawashi|Dining|326,"A cafe in Okawashi, Fukuoka prefecture.",https://www.tripadvisor.com/Restaurant_Review-g1022372-d20165972-Reviews-Restaurant_Cafe_Bar_Olive-Okawa_Fukuoka_Prefecture_Kyushu.html,no usable facts on TripAdvisor listing beyond the name
fukuoka/onojo|Dining|542,"Restaurant in Onojo, Fukuoka.",https://www.tripadvisor.com/Restaurant_Review-g1022380-d14859670-Reviews-Fumii-Onojo_Fukuoka_Prefecture_Kyushu.html,no usable facts on TripAdvisor listing beyond the name
fukuoka/onojo|Dining|547,"Restaurant in Onojo, Fukuoka.",https://www.tripadvisor.com/Restaurant_Review-g1022380-d14859671-Reviews-Snack_Amur-Onojo_Fukuoka_Prefecture_Kyushu.html,no usable facts on TripAdvisor listing beyond the name
fukuoka/onojo|Dining|550,"Restaurant in Onojo, Fukuoka.",https://www.tripadvisor.com/Restaurant_Review-g1022380-d13069907-Reviews-Richmond-Onojo_Fukuoka_Prefecture_Kyushu.html,no usable facts on TripAdvisor listing beyond the name
fukuoka/onojo|Dining|552,"Restaurant in Onojo, Fukuoka.",https://www.tripadvisor.com/Restaurant_Review-g1022380-d13265032-Reviews-Love_Heart_Dininig_Room-Onojo_Fukuoka_Prefecture_Kyushu.html,no usable facts on TripAdvisor listing beyond the name
miyagi/higashimatsushima|Dining|226,"Restaurant in Higashimatsushima, Miyagi.",https://www.tripadvisor.com/Restaurant_Review-g1023416-d14741717-Reviews-Evening_Drink_Processing_Zucca-Higashimatsushima_Miyagi_Prefecture_Tohoku.html,no usable facts on TripAdvisor listing beyond the name
miyagi/ishinomaki|Dining|414,"Food spot in Ishinomaki, Miyagi.",https://tabelog.com/miyagi/A0404/A040403/4016780/,listing marks the place closed:移転
miyagi/ishinomaki|Dining|968,"Restaurant in Ishinomaki, Miyagi.",https://www.tripadvisor.com/Restaurant_Review-g1023406-d5449528-Reviews-Amimoto_Kaminoie_Ishimaki_Ekimae-Ishinomaki_Miyagi_Prefecture_Tohoku.html,no usable facts on TripAdvisor listing beyond the name
miyagi/ishinomaki|Dining|1014,"Restaurant in Ishinomaki, Miyagi.",https://www.tripadvisor.com/Restaurant_Review-g1023406-d7269073-Reviews-Shoya_Ishinomaki-Ishinomaki_Miyagi_Prefecture_Tohoku.html,no usable facts on TripAdvisor listing beyond the name
miyagi/ishinomaki|Dining|1065,"Restaurant in Ishinomaki, Miyagi.",https://www.tripadvisor.com/Restaurant_Review-g1023406-d13035013-Reviews-Endo_Pastry-Ishinomaki_Miyagi_Prefecture_Tohoku.html,no usable facts on TripAdvisor listing beyond the name
miyagi/ishinomaki|Dining|1244,"Restaurant in Ishinomaki, Miyagi.",https://www.tripadvisor.com/Restaurant_Review-g1023406-d13261851-Reviews-Hanagasa_Dininig_Room-Ishinomaki_Miyagi_Prefecture_Tohoku.html,no usable facts on TripAdvisor listing beyond the name
miyagi/ishinomaki|Dining|1336,"Restaurant in Ishinomaki, Miyagi.",https://www.tripadvisor.com/Restaurant_Review-g1023406-d20164740-Reviews-Snack_Shomonkan-Ishinomaki_Miyagi_Prefecture_Tohoku.html,no usable facts on TripAdvisor listing beyond the name
miyagi/iwanuma|Dining|268,"Restaurant in Iwanuma, Miyagi.",https://www.tripadvisor.com/Restaurant_Review-g1023412-d13270035-Reviews-Taste_Best_Ball_Uramise-Iwanuma_Miyagi_Prefecture_Tohoku.html,no usable facts on TripAdvisor listing beyond the name
miyagi/iwanuma|Dining|281,"Restaurant in Iwanuma, Miyagi.",https://www.tripadvisor.com/Restaurant_Review-g1023412-d14741970-Reviews-Foods_Garden_Tamaura_Shokusaikan-Iwanuma_Miyagi_Prefecture_Tohoku.html,no usable facts on TripAdvisor listing beyond the name
miyagi/kakuda|Dining|196,"Restaurant in Kakuda, Miyagi.",https://www.tripadvisor.com/Restaurant_Review-g1023410-d13035243-Reviews-Ikeda_Pastry-Kakuda_Miyagi_Prefecture_Tohoku.html,no usable facts on TripAdvisor listing beyond the name
miyagi/kesennuma|Dining|560,"Restaurant in Kesennuma, Miyagi.",https://www.tripadvisor.com/Restaurant_Review-g1023417-d13036024-Reviews-Utsumi_Pastry_Yokamachi-Kesennuma_Miyagi_Prefecture_Tohoku.html,no usable facts on TripAdvisor listing beyond the name
miyagi/kesennuma|Dining|563,"Restaurant in Kesennuma, Miyagi.",https://www.tripadvisor.com/Restaurant_Review-g1023417-d13259917-Reviews-Sanmori_Museum-Kesennuma_Miyagi_Prefecture_Tohoku.html,no usable facts on TripAdvisor listing beyond the name
miyagi/kurihara|Dining|480,"A bakery in Kurihara, Miyagi prefecture.",https://www.tripadvisor.com/Restaurant_Review-g1023415-d13035907-Reviews-Suzuki_Bakery-Kurihara_Miyagi_Prefecture_Tohoku.html,no usable facts on TripAdvisor listing beyond the name
miyagi/matsushima|Dining|199,"Food spot in Matsushima, Miyagi.",https://tabelog.com/miyagi/A0404/A040404/4030473/,listing gone (404)
miyagi/natori|Dining|630,"Restaurant in Natori, Miyagi.",https://www.tripadvisor.com/Restaurant_Review-g1023409-d13035939-Reviews-Takouya_Otemachi-Natori_Miyagi_Prefecture_Tohoku.html,no usable facts on TripAdvisor listing beyond the name
miyagi/natori|Dining|636,"A pub in Natori, Miyagi prefecture.",https://www.tripadvisor.com/Restaurant_Review-g1023409-d13261906-Reviews-Pub_Nite_Inn-Natori_Miyagi_Prefecture_Tohoku.html,no usable facts on TripAdvisor listing beyond the name
miyagi/natori|Dining|641,"Restaurant in Natori, Miyagi.",https://www.tripadvisor.com/Restaurant_Review-g1023409-d19263232-Reviews-Bonjour_Table-Natori_Miyagi_Prefecture_Tohoku.html,no usable facts on TripAdvisor listing beyond the name
miyagi/osakishi|Dining|829,"Restaurant in Osakishi, Miyagi.",https://www.tripadvisor.com/Restaurant_Review-g1023418-d9679564-Reviews-Sabo_krein-Osaki_Miyagi_Prefecture_Tohoku.html,no usable facts on TripAdvisor listing beyond the name
miyagi/shiogama|Dining|330,"Food spot in Shiogama, Miyagi.",https://tabelog.com/miyagi/A0404/A040404/4030274/,listing marks the place closed:移転
miyagi/shiroishishi|Dining|292,"Restaurant in Shiroishi, Miyagi.",https://www.tripadvisor.com/Restaurant_Review-g1023408-d14856313-Reviews-Mii-Shiroishi_Miyagi_Prefecture_Tohoku.html,no usable facts on TripAdvisor listing beyond the name
miyagi/tagajo|Dining|294,"By the station in Tagajo, Miyagi.",https://www.tripadvisor.com/Restaurant_Review-g1023411-d14741884-Reviews-Donk_Editi_Jr_Tagajo_Station-Tagajo_Miyagi_Prefecture_Tohoku.html,no usable facts on TripAdvisor listing beyond the name
miyagi/tome|Dining|441,"Restaurant in Tome, Miyagi.",https://www.tripadvisor.com/Restaurant_Review-g1023414-d7514622-Reviews-Hatchan_Shokudo-Tome_Miyagi_Prefecture_Tohoku.html,no usable facts on TripAdvisor listing beyond the name
miyagi/tome|Dining|596,"Restaurant in Tome, Miyagi.",https://www.tripadvisor.com/Restaurant_Review-g1023414-d13035712-Reviews-Patisserie_Monrevu-Tome_Miyagi_Prefecture_Tohoku.html,no usable facts on TripAdvisor listing beyond the name
oita/bungotakada|Dining|170,"Restaurant in Bungotakada, Oita.",https://www.tripadvisor.com/Restaurant_Review-g1023439-d9569014-Reviews-Meet_Kanaoka-Bungotakada_Oita_Prefecture_Kyushu.html,no usable facts on TripAdvisor listing beyond the name
oita/bungotakada|Dining|230,"Restaurant in Bungotakada, Oita.",https://www.tripadvisor.com/Restaurant_Review-g1023439-d14858582-Reviews-Groove_Rekoyaki-Bungotakada_Oita_Prefecture_Kyushu.html,no usable facts on TripAdvisor listing beyond the name
yamaguchi/kudamatsu|Dining|361,"Restaurant in Kudamatsu, Yamaguchi.",https://www.tripadvisor.com/Restaurant_Review-g1023685-d20165088-Reviews-Allre-Kudamatsu_Yamaguchi_Prefecture_Chugoku.html,no usable facts on TripAdvisor listing beyond the name
yamaguchi/sanyoonoda|Dining|279,"Restaurant in Sanyoonoda, Yamaguchi.",https://www.tripadvisor.com/Restaurant_Review-g1023692-d18339743-Reviews-Coco_Don-Sanyo_Onoda_Yamaguchi_Prefecture_Chugoku.html,no usable facts on TripAdvisor listing beyond the name
yamaguchi/yanai|Dining|300,"Restaurant in Yanai, Yamaguchi.",https://www.tripadvisor.com/Restaurant_Review-g1023689-d20165075-Reviews-Karaoke_Sakaba_Matsuyama-Yanai_Yamaguchi_Prefecture_Chugoku.html,no usable facts on TripAdvisor listing beyond the name
akita/akita|Dining|1380,"A cafe in Akita, Akita prefecture.",https://www.tripadvisor.com/Restaurant_Review-g298239-d7451353-Reviews-Cafe_de_Saison-Akita_Akita_Prefecture_Tohoku.html,listing gives only a genre (line too short); kept existing line
akita/akita|Dining|1441,"A coffee shop in Akita, Akita.",https://www.tripadvisor.com/Restaurant_Review-g298239-d6047644-Reviews-Nagahama_Coffee_Sanno-Akita_Akita_Prefecture_Tohoku.html,listing gives only a genre (line too short); kept existing line
akita/akita|Dining|1858,"A coffee shop in Akita, Akita.",https://www.tripadvisor.com/Restaurant_Review-g298239-d6057370-Reviews-Aladdin_Coffee_Izumi-Akita_Akita_Prefecture_Tohoku.html,listing gives only a genre (line too short); kept existing line
akita/akita|Dining|2273,"A pub in Akita, Akita prefecture.",https://www.tripadvisor.com/Restaurant_Review-g298239-d7451448-Reviews-Pub_Yasuragi_Musuko-Akita_Akita_Prefecture_Tohoku.html,listing gives only a genre (line too short); kept existing line
akita/akita|Dining|2453,"A bar in Akita, Akita prefecture.",https://www.tripadvisor.com/Restaurant_Review-g298239-d7451445-Reviews-Bar_Paddy_s-Akita_Akita_Prefecture_Tohoku.html,listing gives only a genre (line too short); kept existing line
akita/akita|Dining|2517,"Restaurant in Akita, Akita.",https://www.tripadvisor.com/Restaurant_Review-g298239-d9650906-Reviews-Obakotei-Akita_Akita_Prefecture_Tohoku.html,listing gives only a genre (line too short); kept existing line
akita/akita|Dining|2538,"Cafe in Akita, Akita.",https://www.tripadvisor.com/Restaurant_Review-g298239-d13044291-Reviews-Le_Etage-Akita_Akita_Prefecture_Tohoku.html,listing gives only a genre (line too short); kept existing line
akita/akita|Dining|2562,"Cafe in Akita, Akita.",https://www.tripadvisor.com/Restaurant_Review-g298239-d13044034-Reviews-Better_Friends-Akita_Akita_Prefecture_Tohoku.html,listing gives only a genre (line too short); kept existing line
akita/akita|Dining|2587,"Pub in Akita, Akita.",https://www.tripadvisor.com/Restaurant_Review-g298239-d7451693-Reviews-Baka_Gyutonkei-Akita_Akita_Prefecture_Tohoku.html,listing gives only a genre (line too short); kept existing line
akita/akita|Dining|2871,"Pub in Akita, Akita.",https://www.tripadvisor.com/Restaurant_Review-g298239-d13044534-Reviews-Yururitona_Murasaki_Akita_Hiromote-Akita_Akita_Prefecture_Tohoku.html,listing gives only a genre (line too short); kept existing line
akita/gojome|Dining|76,"Restaurant in Gojome, Akita.",https://www.tripadvisor.com/Restaurant_Review-g1120460-d18338834-Reviews-Shien-Gojome_machi_Minamiakita_gun_Akita_Prefecture_Tohoku.html,listing gives only a genre (line too short); kept existing line
akita/gojome|Dining|95,"Bar in Gojome, Akita.",https://www.tripadvisor.com/Restaurant_Review-g1120460-d7495519-Reviews-Tsuki_Wo_Miru_Neko-Gojome_machi_Minamiakita_gun_Akita_Prefecture_Tohoku.html,listing gives only a genre (line too short); kept existing line
akita/higashinaruse|Dining|5,"A diner in Higashinaruse, Akita prefecture.",https://tabelog.com/akita/A0505/A050502/5007617/,listing gives only a genre (line too short); kept existing line
akita/katagami|Dining|154,"An izakaya in Katagami, Akita prefecture.",https://www.tripadvisor.com/Restaurant_Review-g1022317-d13044207-Reviews-Izakaya_Fuku-Katagami_Akita_Prefecture_Tohoku.html,listing gives only a genre (line too short); kept existing line
akita/katagami|Dining|182,"A bar in Katagami, Akita prefecture.",https://www.tripadvisor.com/Restaurant_Review-g1022317-d9643477-Reviews-Bar_Eclat-Katagami_Akita_Prefecture_Tohoku.html,listing gives only a genre (line too short); kept existing line
akita/kazuno|Dining|72,"Food spot in Kazuno, Akita.",https://tabelog.com/akita/A0504/A050401/5011469/,listing gives only a genre (line too short); kept existing line
akita/kosaka|Dining|22,"An izakaya in Kosaka, Akita prefecture.",https://tabelog.com/akita/A0502/A050203/5007988/,listing gives only a genre (line too short); kept existing line
akita/kosaka|Dining|37,"A bar in Kosaka, Akita prefecture.",https://tabelog.com/akita/A0502/A050203/5011189/,listing gives only a genre (line too short); kept existing line
akita/mitane|Dining|32,"A coffee shop in Mitane, Akita.",https://tabelog.com/akita/A0503/A050302/5010541/,listing gives only a genre (line too short); kept existing line
akita/noshiro|Dining|474,"Cafe in Noshiro, Akita.",https://www.tripadvisor.com/Restaurant_Review-g1022327-d7545158-Reviews-Break-Noshiro_Akita_Prefecture_Tohoku.html,listing gives only a genre (line too short); kept existing line
akita/odate|Dining|336,"Restaurant in Odate, Akita.",https://www.tripadvisor.com/Restaurant_Review-g1022311-d9678391-Reviews-Toriyakibei_Odate-Odate_Akita_Prefecture_Tohoku.html,listing gives only a genre (line too short); kept existing line
akita/odate|Dining|386,"Cafe in Odate, Akita.",https://www.tripadvisor.com/Restaurant_Review-g1022311-d7543943-Reviews-Komaya_Meisho_Do-Odate_Akita_Prefecture_Tohoku.html,listing gives only a genre (line too short); kept existing line
akita/odate|Dining|458,"Cafe in Odate, Akita.",https://www.tripadvisor.com/Restaurant_Review-g1022311-d7543906-Reviews-Minton_House-Odate_Akita_Prefecture_Tohoku.html,listing gives only a genre (line too short); kept existing line
akita/odate|Dining|527,"Bar in Odate, Akita.",https://www.tripadvisor.com/Restaurant_Review-g1022311-d7664268-Reviews-Sloppy_Joe_s-Odate_Akita_Prefecture_Tohoku.html,listing gives only a genre (line too short); kept existing line
akita/odate|Dining|551,"Pub in Odate, Akita.",https://www.tripadvisor.com/Restaurant_Review-g1022311-d7543850-Reviews-Bull-Odate_Akita_Prefecture_Tohoku.html,listing gives only a genre (line too short); kept existing line
akita/odate|Dining|552,"Pub in Odate, Akita.",https://www.tripadvisor.com/Restaurant_Review-g1022311-d7543859-Reviews-O2_Spottara-Odate_Akita_Prefecture_Tohoku.html,listing gives only a genre (line too short); kept existing line
akita/oga|Dining|73,"A cafe in Oga, Akita prefecture.",https://tabelog.com/akita/A0503/A050303/5011031/,listing gives only a genre (line too short); kept existing line
akita/oga|Dining|122,"Food spot in Oga, Akita.",https://tabelog.com/akita/A0503/A050303/5008510/,listing gives only a genre (line too short); kept existing line
akita/oga|Dining|235,"A cafe in Oga, Akita prefecture.",https://www.tripadvisor.com/Restaurant_Review-g1022320-d21283367-Reviews-Blueberry_Garden_Cafe-Oga_Akita_Prefecture_Tohoku.html,listing gives only a genre (line too short); kept existing line
akita/semboku|Dining|202,"A cafe in Semboku, Akita prefecture.",https://tabelog.com/akita/A0504/A050401/5011319/,listing gives only a genre (line too short); kept existing line
akita/semboku|Dining|257,"Food spot in Semboku, Akita.",https://tabelog.com/akita/A0504/A050401/5009644/,listing gives only a genre (line too short); kept existing line
akita/semboku|Dining|445,"Cafe in Semboku, Akita.",https://www.tripadvisor.com/Restaurant_Review-g1022324-d13044064-Reviews-Chachaki-Semboku_Akita_Prefecture_Tohoku.html,listing gives only a genre (line too short); kept existing line
akita/semboku|Dining|502,"An izakaya in Semboku, Akita prefecture.",https://www.tripadvisor.com/Restaurant_Review-g1022324-d13044215-Reviews-Izakaya_Nozomi-Semboku_Akita_Prefecture_Tohoku.html,listing gives only a genre (line too short); kept existing line
akita/ugo|Dining|33,"Taiyaki shop in Ugo, Akita.",https://tabelog.com/akita/A0505/A050502/5007564/,listing gives only a genre (line too short); kept existing line
akita/yokote|Dining|371,"A coffee shop in Yokote, Akita.",https://tabelog.com/akita/A0505/A050501/5010982/,listing gives only a genre (line too short); kept existing line
akita/yokote|Dining|399,"Diner in Yokote, Akita.",https://tabelog.com/akita/A0505/A050501/5008575/,listing gives only a genre (line too short); kept existing line
akita/yokote|Dining|427,"Food spot in Yokote, Akita.",https://tabelog.com/akita/A0505/A050501/5011627/,listing gives only a genre (line too short); kept existing line
akita/yokote|Dining|465,"Food spot in Yokote, Akita.",https://tabelog.com/akita/A0505/A050501/5007460/,listing gives only a genre (line too short); kept existing line
akita/yokote|Dining|471,"Bento shop in Yokote, Akita.",https://tabelog.com/akita/A0505/A050501/5007138/,listing gives only a genre (line too short); kept existing line
akita/yokote|Dining|475,"Food spot in Yokote, Akita.",https://tabelog.com/akita/A0505/A050501/5008359/,listing gives only a genre (line too short); kept existing line
akita/yokote|Dining|594,"A bar in Yokote, Akita prefecture.",https://www.tripadvisor.com/Restaurant_Review-g1022325-d7544875-Reviews-Koji_Koji_Bar-Yokote_Akita_Prefecture_Tohoku.html,listing gives only a genre (line too short); kept existing line
akita/yokote|Dining|655,"Bar in Yokote, Akita.",https://www.tripadvisor.com/Restaurant_Review-g1022325-d9667450-Reviews-Potstill-Yokote_Akita_Prefecture_Tohoku.html,listing gives only a genre (line too short); kept existing line
akita/yokote|Dining|865,"Cafe in Yokote, Akita.",https://www.tripadvisor.com/Restaurant_Review-g1022325-d7544897-Reviews-Tempo-Yokote_Akita_Prefecture_Tohoku.html,listing gives only a genre (line too short); kept existing line
akita/yurihonjo|Dining|712,"A bar in Yurihonjo, Akita prefecture.",https://www.tripadvisor.com/Restaurant_Review-g1022322-d9667437-Reviews-Bar_Horizon-Yurihonjo_Akita_Prefecture_Tohoku.html,listing gives only a genre (line too short); kept existing line
akita/yuzawashi|Dining|203,"An udon shop in Yuzawa, Akita.",https://tabelog.com/akita/A0505/A050502/5007709/,listing gives only a genre (line too short); kept existing line
akita/yuzawashi|Dining|249,"Food spot in Yuzawa, Akita.",https://tabelog.com/akita/A0505/A050502/5008656/,listing gives only a genre (line too short); kept existing line
akita/yuzawashi|Dining|270,"A noodle shop in Yuzawa, Akita.",https://tabelog.com/akita/A0505/A050502/5010128/,listing gives only a genre (line too short); kept existing line
akita/yuzawashi|Dining|390,"Pub in Yuzawa, Akita.",https://www.tripadvisor.com/Restaurant_Review-g1022323-d7544735-Reviews-Shiunkaku-Yuzawa_Akita_Prefecture_Tohoku.html,listing gives only a genre (line too short); kept existing line
akita/yuzawashi|Dining|415,"A cafe in Yuzawa, Akita prefecture.",https://www.tripadvisor.com/Restaurant_Review-g1022323-d9667441-Reviews-Ayu_Cafe_Nadeshiko-Yuzawa_Akita_Prefecture_Tohoku.html,listing gives only a genre (line too short); kept existing line
fukuoka/asakura|Dining|242,"Bento shop in Asakura, Fukuoka.",https://tabelog.com/fukuoka/A4008/A400802/40071798/,listing gives only a genre (line too short); kept existing line
fukuoka/asakura|Dining|294,"The main branch in Asakura, Fukuoka.",https://tabelog.com/fukuoka/A4008/A400802/40072877/,listing gives only a genre (line too short); kept existing line
fukuoka/asakura|Dining|376,"Izakaya in Asakura, Fukuoka.",https://tabelog.com/fukuoka/A4008/A400802/40023350/,listing gives only a genre (line too short); kept existing line
fukuoka/asakura|Dining|481,"Cafe in Asakura, Fukuoka.",https://www.tripadvisor.com/Restaurant_Review-g1022387-d7549316-Reviews-Masumi-Asakura_Fukuoka_Prefecture_Kyushu.html,listing gives only a genre (line too short); kept existing line
fukuoka/asakura|Dining|484,"Cafe in Asakura, Fukuoka.",https://www.tripadvisor.com/Restaurant_Review-g1022387-d7668402-Reviews-Sankaiya-Asakura_Fukuoka_Prefecture_Kyushu.html,listing gives only a genre (line too short); kept existing line
fukuoka/asakura|Dining|494,"Cafe in Asakura, Fukuoka.",https://www.tripadvisor.com/Restaurant_Review-g1022387-d14738589-Reviews-Hana_Mizuki-Asakura_Fukuoka_Prefecture_Kyushu.html,listing gives only a genre (line too short); kept existing line
fukuoka/asakura|Dining|535,"A pub in Asakura, Fukuoka prefecture.",https://www.tripadvisor.com/Restaurant_Review-g1022387-d9902742-Reviews-Show_Pub_Joy-Asakura_Fukuoka_Prefecture_Kyushu.html,listing gives only a genre (line too short); kept existing line
fukuoka/asakura|Dining|552,"A bar in Asakura, Fukuoka prefecture.",https://www.tripadvisor.com/Restaurant_Review-g1022387-d14738588-Reviews-Stand_Bar_Ame-Asakura_Fukuoka_Prefecture_Kyushu.html,listing gives only a genre (line too short); kept existing line
fukuoka/ashiyacho|Dining|37,"Food spot in Ashiya, Fukuoka.",https://tabelog.com/fukuoka/A4006/A400603/40036716/,listing gives only a genre (line too short); kept existing line
fukuoka/ashiyacho|Dining|121,"A snack bar in Ashiya, Fukuoka.",https://tabelog.com/fukuoka/A4006/A400603/40069384/,listing gives only a genre (line too short); kept existing line
fukuoka/ashiyacho|Dining|122,"A delicatessen in Ashiya, Fukuoka prefecture.",https://tabelog.com/fukuoka/A4006/A400603/40044836/,listing gives only a genre (line too short); kept existing line
fukuoka/ashiyacho|Dining|125,"A snack bar in Ashiya, Fukuoka.",https://tabelog.com/fukuoka/A4006/A400603/40069386/,listing gives only a genre (line too short); kept existing line
fukuoka/ashiyacho|Dining|128,"A snack bar in Ashiya, Fukuoka.",https://tabelog.com/fukuoka/A4006/A400603/40069385/,listing gives only a genre (line too short); kept existing line
fukuoka/ashiyacho|Dining|133,"Bar in Ashiya, Fukuoka.",https://tabelog.com/fukuoka/A4006/A400603/40043790/,listing gives only a genre (line too short); kept existing line
fukuoka/ashiyacho|Dining|136,"A snack bar in Ashiya, Fukuoka.",https://tabelog.com/fukuoka/A4006/A400603/40069378/,listing gives only a genre (line too short); kept existing line
fukuoka/ashiyacho|Dining|139,"A snack bar in Ashiya, Fukuoka.",https://tabelog.com/fukuoka/A4006/A400603/40069376/,listing gives only a genre (line too short); kept existing line
fukuoka/fukuchi|Dining|84,"Cafe in Fukuchi, Fukuoka.",https://www.tripadvisor.com/Restaurant_Review-g1121498-d7666809-Reviews-Mariko-Fukuchi_machi_Tagawa_gun_Fukuoka_Prefecture_Kyushu.html,listing gives only a genre (line too short); kept existing line
fukuoka/fukutsu|Dining|457,"Cafe in Fukutsu, Fukuoka.",https://www.tripadvisor.com/Restaurant_Review-g1022383-d7660773-Reviews-Chip-Fukutsu_Fukuoka_Prefecture_Kyushu.html,listing gives only a genre (line too short); kept existing line
fukuoka/fukutsu|Dining|474,"Pub in Fukutsu, Fukuoka.",https://www.tripadvisor.com/Restaurant_Review-g1022383-d7631598-Reviews-Shelly-Fukutsu_Fukuoka_Prefecture_Kyushu.html,listing gives only a genre (line too short); kept existing line
fukuoka/fukutsu|Dining|476,"A bar in Fukutsu, Fukuoka prefecture.",https://www.tripadvisor.com/Restaurant_Review-g1022383-d7549106-Reviews-Bar_Norton-Fukutsu_Fukuoka_Prefecture_Kyushu.html,listing gives only a genre (line too short); kept existing line
fukuoka/hirokawa|Dining|75,"A bar in Hirokawa, Fukuoka prefecture.",https://tabelog.com/fukuoka/A4008/A400804/40023352/,listing gives only a genre (line too short); kept existing line
fukuoka/miyawaka|Dining|54,"Cafe in Miyawaka, Fukuoka.",https://tabelog.com/fukuoka/A4007/A400701/40073968/,listing gives only a genre (line too short); kept existing line
fukuoka/nakagawashi|Dining|64,"A coffee shop in Nakagawashi, Fukuoka.",https://www.tripadvisor.com/Restaurant_Review-g1121466-d14949111-Reviews-Kona_s_Coffee_Nakagawa-Nakagawa_Fukuoka_Prefecture_Kyushu.html,listing gives only a genre (line too short); kept existing line
fukuoka/nakama|Dining|247,"Cafe in Nakama, Fukuoka.",https://www.tripadvisor.com/Restaurant_Review-g1022376-d14737899-Reviews-Venecle88-Nakama_Fukuoka_Prefecture_Kyushu.html,listing gives only a genre (line too short); kept existing line
fukuoka/nakama|Dining|261,"Cafe in Nakama, Fukuoka.",https://www.tripadvisor.com/Restaurant_Review-g1022376-d7548349-Reviews-Sakuraan-Nakama_Fukuoka_Prefecture_Kyushu.html,listing gives only a genre (line too short); kept existing line
fukuoka/ogori|Dining|319,"Cafe in Ogori, Fukuoka.",https://www.tripadvisor.com/Restaurant_Review-g1022377-d13069853-Reviews-Panelcafe-Ogori_Fukuoka_Prefecture_Kyushu.html,listing gives only a genre (line too short); kept existing line
fukuoka/ogori|Dining|325,"Cafe in Ogori, Fukuoka.",https://www.tripadvisor.com/Restaurant_Review-g1022377-d7548485-Reviews-Mado-Ogori_Fukuoka_Prefecture_Kyushu.html,listing gives only a genre (line too short); kept existing line
fukuoka/ogori|Dining|336,"Bar in Ogori, Fukuoka.",https://www.tripadvisor.com/Restaurant_Review-g1022377-d6070769-Reviews-Kankokumura-Ogori_Fukuoka_Prefecture_Kyushu.html,listing gives only a genre (line too short); kept existing line
fukuoka/ogori|Dining|388,"An izakaya in Ogori, Fukuoka prefecture.",https://www.tripadvisor.com/Restaurant_Review-g1022377-d13069252-Reviews-Izakaya_Ryosuke-Ogori_Fukuoka_Prefecture_Kyushu.html,listing gives only a genre (line too short); kept existing line
fukuoka/ogori|Dining|404,"Bar in Ogori, Fukuoka.",https://www.tripadvisor.com/Restaurant_Review-g1022377-d14738591-Reviews-Nagedokoro_Cull-Ogori_Fukuoka_Prefecture_Kyushu.html,listing gives only a genre (line too short); kept existing line
fukuoka/okagaki|Dining|120,"Diner in Okagaki, Fukuoka.",https://tabelog.com/fukuoka/A4006/A400603/40073649/,listing gives only a genre (line too short); kept existing line
fukuoka/okagaki|Dining|154,"A cafe in Okagaki, Fukuoka prefecture.",https://www.tripadvisor.com/Restaurant_Review-g1121476-d14738090-Reviews-Comic_Cafe_Planet-Okagaki_machi_Onga_gun_Fukuoka_Prefecture_Kyushu.html,listing gives only a genre (line too short); kept existing line
fukuoka/okagaki|Dining|193,"Pub in Okagaki, Fukuoka.",https://www.tripadvisor.com/Restaurant_Review-g1121476-d14738084-Reviews-Mankai_Shuten-Okagaki_machi_Onga_gun_Fukuoka_Prefecture_Kyushu.html,listing gives only a genre (line too short); kept existing line
fukuoka/okawashi|Dining|141,"Food spot in Okawashi, Fukuoka.",https://tabelog.com/fukuoka/A4008/A400806/40068489/,listing gives only a genre (line too short); kept existing line
fukuoka/okawashi|Dining|142,"Izakaya in Okawashi, Fukuoka.",https://tabelog.com/fukuoka/A4008/A400806/40073808/,listing gives only a genre (line too short); kept existing line
fukuoka/okawashi|Dining|166,"A bakery in Okawashi, Fukuoka prefecture.",https://tabelog.com/fukuoka/A4008/A400806/40071980/,listing gives only a genre (line too short); kept existing line
fukuoka/okawashi|Dining|168,"A snack bar in Okawashi, Fukuoka.",https://tabelog.com/fukuoka/A4008/A400806/40049388/,listing gives only a genre (line too short); kept existing line
fukuoka/onojo|Dining|451,"A cafe in Onojo, Fukuoka prefecture.",https://www.tripadvisor.com/Restaurant_Review-g1022380-d9968385-Reviews-Cafe_Ori-Onojo_Fukuoka_Prefecture_Kyushu.html,listing gives only a genre (line too short); kept existing line
fukuoka/onojo|Dining|462,"Cafe in Onojo, Fukuoka.",https://www.tripadvisor.com/Restaurant_Review-g1022380-d7548820-Reviews-Stop-Onojo_Fukuoka_Prefecture_Kyushu.html,listing gives only a genre (line too short); kept existing line
fukuoka/sasaguri|Dining|149,"A cafe in Sasaguri, Fukuoka prefecture.",https://www.tripadvisor.com/Restaurant_Review-g1121468-d7483070-Reviews-Cafe_Berry-Sasaguri_machi_Kasuya_gun_Fukuoka_Prefecture_Kyushu.html,listing gives only a genre (line too short); kept existing line
fukuoka/sasaguri|Dining|190,"A bar in Sasaguri, Fukuoka prefecture.",https://www.tripadvisor.com/Restaurant_Review-g1121468-d14738052-Reviews-Bar_Sonora-Sasaguri_machi_Kasuya_gun_Fukuoka_Prefecture_Kyushu.html,listing gives only a genre (line too short); kept existing line
fukuoka/shime|Dining|238,"Cafe in Shime, Fukuoka.",https://www.tripadvisor.com/Restaurant_Review-g1121469-d6048051-Reviews-Honey_Button-Shime_machi_Kasuya_gun_Fukuoka_Prefecture_Kyushu.html,listing gives only a genre (line too short); kept existing line
fukuoka/shime|Dining|318,"Cafe in Shime, Fukuoka.",https://www.tripadvisor.com/Restaurant_Review-g1121469-d13068607-Reviews-Bb-Shime_machi_Kasuya_gun_Fukuoka_Prefecture_Kyushu.html,listing gives only a genre (line too short); kept existing line
fukuoka/shingucho|Dining|95,"By the station in Shingucho, Fukuoka.",https://tabelog.com/fukuoka/A4003/A400303/40073795/,listing gives only a genre (line too short); kept existing line
fukuoka/shingucho|Dining|132,"A kitchen restaurant in Shingucho, Fukuoka.",https://tabelog.com/fukuoka/A4003/A400303/40061541/,listing gives only a genre (line too short); kept existing line
fukuoka/shingucho|Dining|166,"Cafe in Shingucho, Fukuoka.",https://tabelog.com/fukuoka/A4001/A400201/40075083/,listing gives only a genre (line too short); kept existing line
fukuoka/shingucho|Dining|171,"A kitchen restaurant in Shingucho, Fukuoka.",https://tabelog.com/fukuoka/A4001/A400201/40075087/,listing gives only a genre (line too short); kept existing line
fukuoka/shingucho|Dining|190,"Cafe in Shingucho, Fukuoka.",https://www.tripadvisor.com/Restaurant_Review-g1121471-d13167622-Reviews-Ishigama_Pan_Kobo_Klee_Blatt_Shingu-Shingu_machi_Kasuya_gun_Fukuoka_Prefecture_.html,listing gives only a genre (line too short); kept existing line
fukuoka/sue|Dining|62,"Cafe in Sue, Fukuoka.",https://www.tripadvisor.com/Restaurant_Review-g1121470-d13070494-Reviews-Yusuke_France_Pastry-Sue_machi_Kasuya_gun_Fukuoka_Prefecture_Kyushu.html,listing gives only a genre (line too short); kept existing line
fukuoka/tagawa|Dining|33,"Food spot in Tagawa, Fukuoka.",https://tabelog.com/fukuoka/A4007/A400703/40060176/,listing gives only a genre (line too short); kept existing line
fukuoka/toho|Dining|16,"Food spot in Toho, Fukuoka.",https://tabelog.com/fukuoka/A4008/A400802/40048871/,listing gives only a genre (line too short); kept existing line
fukuoka/toho|Dining|17,"Food spot in Toho, Fukuoka.",https://tabelog.com/fukuoka/A4008/A400802/40060057/,listing gives only a genre (line too short); kept existing line
fukuoka/toho|Dining|23,"A restaurant in Toho, Fukuoka prefecture.",https://tabelog.com/fukuoka/A4008/A400802/40041494/,listing gives only a genre (line too short); kept existing line
fukuoka/ukiha|Dining|174,"Food spot in Ukiha, Fukuoka.",https://tabelog.com/fukuoka/A4008/A400803/40048430/,listing gives only a genre (line too short); kept existing line
fukuoka/ukiha|Dining|238,"Food spot in Ukiha, Fukuoka.",https://tabelog.com/fukuoka/A4008/A400803/40046810/,listing gives only a genre (line too short); kept existing line
fukuoka/umi|Dining|113,"Cafe in Umi, Fukuoka.",https://www.tripadvisor.com/Restaurant_Review-g1121467-d7483057-Reviews-Den_En-Umi_machi_Kasuya_gun_Fukuoka_Prefecture_Kyushu.html,listing gives only a genre (line too short); kept existing line
fukuoka/yame|Dining|24,"Food spot in Yame, Fukuoka.",https://tabelog.com/fukuoka/A4008/A400804/40057409/,listing gives only a genre (line too short); kept existing line
fukuoka/yame|Dining|29,"Taiyaki shop in Yame, Fukuoka.",https://tabelog.com/fukuoka/A4008/A400804/40030873/,listing gives only a genre (line too short); kept existing line
fukuoka/yame|Dining|31,"Bento shop in Yame, Fukuoka.",https://tabelog.com/fukuoka/A4008/A400804/40065458/,listing gives only a genre (line too short); kept existing line
fukuoka/yame|Dining|34,"Cafe in Yame, Fukuoka.",https://tabelog.com/fukuoka/A4008/A400804/40069955/,listing gives only a genre (line too short); kept existing line
fukuoka/yame|Dining|37,"Food spot in Yame, Fukuoka.",https://tabelog.com/fukuoka/A4008/A400804/40074191/,listing gives only a genre (line too short); kept existing line
fukuoka/yame|Dining|59,"Food spot in Yame, Fukuoka.",https://tabelog.com/fukuoka/A4008/A400804/40074766/,listing gives only a genre (line too short); kept existing line
miyagi/higashimatsushima|Dining|253,"Bar in Higashimatsushima, Miyagi.",https://www.tripadvisor.com/Restaurant_Review-g1023416-d13258739-Reviews-Family_Crest-Higashimatsushima_Miyagi_Prefecture_Tohoku.html,listing gives only a genre (line too short); kept existing line
miyagi/ishinomaki|Dining|134,"Diner in Ishinomaki, Miyagi.",https://tabelog.com/miyagi/A0404/A040403/4026847/,listing gives only a genre (line too short); kept existing line
miyagi/ishinomaki|Dining|267,"Cafe in Ishinomaki, Miyagi.",https://tabelog.com/miyagi/A0404/A040403/4026721/,listing gives only a genre (line too short); kept existing line
miyagi/ishinomaki|Dining|728,"Food spot in Ishinomaki, Miyagi.",https://tabelog.com/miyagi/A0404/A040402/4014865/,listing gives only a genre (line too short); kept existing line
miyagi/ishinomaki|Dining|746,"Food spot in Ishinomaki, Miyagi.",https://tabelog.com/miyagi/A0404/A040402/4020973/,listing gives only a genre (line too short); kept existing line
miyagi/ishinomaki|Dining|1205,"A cafe in Ishinomaki, Miyagi prefecture.",https://www.tripadvisor.com/Restaurant_Review-g1023406-d13034886-Reviews-Cafe_Mugi-Ishinomaki_Miyagi_Prefecture_Tohoku.html,listing gives only a genre (line too short); kept existing line
miyagi/ishinomaki|Dining|1206,"A bar in Ishinomaki, Miyagi prefecture.",https://www.tripadvisor.com/Restaurant_Review-g1023406-d9621245-Reviews-Fukko_Bar-Ishinomaki_Miyagi_Prefecture_Tohoku.html,listing gives only a genre (line too short); kept existing line
miyagi/ishinomaki|Dining|1209,"Pub in Ishinomaki, Miyagi.",https://www.tripadvisor.com/Restaurant_Review-g1023406-d7513932-Reviews-Trout-Ishinomaki_Miyagi_Prefecture_Tohoku.html,listing gives only a genre (line too short); kept existing line
miyagi/ishinomaki|Dining|1272,"An izakaya in Ishinomaki, Miyagi prefecture.",https://www.tripadvisor.com/Restaurant_Review-g1023406-d13166110-Reviews-Izakaya_Sakura-Ishinomaki_Miyagi_Prefecture_Tohoku.html,listing gives only a genre (line too short); kept existing line
miyagi/ishinomaki|Dining|1286,"An izakaya in Ishinomaki, Miyagi prefecture.",https://www.tripadvisor.com/Restaurant_Review-g1023406-d13155845-Reviews-Izakaya_Kyoko-Ishinomaki_Miyagi_Prefecture_Tohoku.html,listing gives only a genre (line too short); kept existing line
miyagi/iwanuma|Dining|228,"Bar in Iwanuma, Miyagi.",https://www.tripadvisor.com/Restaurant_Review-g1023412-d7514523-Reviews-Nomase-Iwanuma_Miyagi_Prefecture_Tohoku.html,listing gives only a genre (line too short); kept existing line
miyagi/iwanuma|Dining|240,"A cafe in Iwanuma, Miyagi prefecture.",https://www.tripadvisor.com/Restaurant_Review-g1023412-d6061981-Reviews-Snak_and_Cafe_Yomoyama-Iwanuma_Miyagi_Prefecture_Tohoku.html,listing gives only a genre (line too short); kept existing line
miyagi/iwanuma|Dining|312,"An izakaya in Iwanuma, Miyagi prefecture.",https://www.tripadvisor.com/Restaurant_Review-g1023412-d13035279-Reviews-Izakaya_Ayaya-Iwanuma_Miyagi_Prefecture_Tohoku.html,listing gives only a genre (line too short); kept existing line
miyagi/kakuda|Dining|208,"Pub in Kakuda, Miyagi.",https://www.tripadvisor.com/Restaurant_Review-g1023410-d14741753-Reviews-Ai-Kakuda_Miyagi_Prefecture_Tohoku.html,listing gives only a genre (line too short); kept existing line
miyagi/kamimachi|Dining|63,"Diner in Kami, Miyagi.",https://tabelog.com/miyagi/A0403/A040301/4030351/,listing gives only a genre (line too short); kept existing line
miyagi/kawasakicho|Dining|64,"Cafe in Kawasakicho, Miyagi.",https://tabelog.com/miyagi/A0402/A040201/4025477/,listing gives only a genre (line too short); kept existing line
miyagi/kawasakicho|Dining|71,"Food spot in Kawasakicho, Miyagi.",https://tabelog.com/miyagi/A0402/A040201/4022039/,listing gives only a genre (line too short); kept existing line
miyagi/kesennuma|Dining|486,"Cafe in Kesennuma, Miyagi.",https://www.tripadvisor.com/Restaurant_Review-g1023417-d7514886-Reviews-Belle-Kesennuma_Miyagi_Prefecture_Tohoku.html,listing gives only a genre (line too short); kept existing line
miyagi/kesennuma|Dining|496,"A cafe in Kesennuma, Miyagi prefecture.",https://www.tripadvisor.com/Restaurant_Review-g1023417-d9656775-Reviews-Cafe_Hanako-Kesennuma_Miyagi_Prefecture_Tohoku.html,listing gives only a genre (line too short); kept existing line
miyagi/kesennuma|Dining|497,"A cafe in Kesennuma, Miyagi prefecture.",https://www.tripadvisor.com/Restaurant_Review-g1023417-d9623701-Reviews-Media_Cafe_Timone-Kesennuma_Miyagi_Prefecture_Tohoku.html,listing gives only a genre (line too short); kept existing line
miyagi/kesennuma|Dining|518,"Cafe in Kesennuma, Miyagi.",https://www.tripadvisor.com/Restaurant_Review-g1023417-d7514874-Reviews-Charles-Kesennuma_Miyagi_Prefecture_Tohoku.html,listing gives only a genre (line too short); kept existing line
miyagi/kesennuma|Dining|529,"An izakaya in Kesennuma, Miyagi prefecture.",https://www.tripadvisor.com/Restaurant_Review-g1023417-d13035300-Reviews-Izakaya_Rakuhei-Kesennuma_Miyagi_Prefecture_Tohoku.html,listing gives only a genre (line too short); kept existing line
miyagi/kesennuma|Dining|566,"Restaurant in Kesennuma, Miyagi.",https://www.tripadvisor.com/Restaurant_Review-g1023417-d18441788-Reviews-Wagaya-Kesennuma_Miyagi_Prefecture_Tohoku.html,listing gives only a genre (line too short); kept existing line
miyagi/kurihara|Dining|145,"Cafe in Kurihara, Miyagi.",https://tabelog.com/miyagi/A0403/A040302/4026040/,listing gives only a genre (line too short); kept existing line
miyagi/kurihara|Dining|278,"Food spot in Kurihara, Miyagi.",https://tabelog.com/miyagi/A0403/A040302/4026133/,listing gives only a genre (line too short); kept existing line
miyagi/kurihara|Dining|301,"Izakaya in Kurihara, Miyagi.",https://tabelog.com/miyagi/A0403/A040302/4023090/,listing gives only a genre (line too short); kept existing line
miyagi/kurihara|Dining|454,"Restaurant in Kurihara, Miyagi.",https://www.tripadvisor.com/Restaurant_Review-g1023415-d18338698-Reviews-Snack_Michikusa-Kurihara_Miyagi_Prefecture_Tohoku.html,listing gives only a genre (line too short); kept existing line
miyagi/minamisanriku|Dining|72,"Food spot in Minamisanriku, Miyagi.",https://tabelog.com/miyagi/A0404/A040402/4019309/,listing gives only a genre (line too short); kept existing line
miyagi/natori|Dining|555,"A coffee shop in Natori, Miyagi.",https://www.tripadvisor.com/Restaurant_Review-g1023409-d17347766-Reviews-Komeda_Coffee_Aeon_Mall_Natori-Natori_Miyagi_Prefecture_Tohoku.html,listing gives only a genre (line too short); kept existing line
miyagi/natori|Dining|570,"A bar in Natori, Miyagi prefecture.",https://www.tripadvisor.com/Restaurant_Review-g1023409-d9668318-Reviews-Estacion_Bar_Natori-Natori_Miyagi_Prefecture_Tohoku.html,listing gives only a genre (line too short); kept existing line
miyagi/natori|Dining|626,"Pub in Natori, Miyagi.",https://www.tripadvisor.com/Restaurant_Review-g1023409-d13036015-Reviews-Uosen_Suisan_Natori_Sekinoshita-Natori_Miyagi_Prefecture_Tohoku.html,listing gives only a genre (line too short); kept existing line
miyagi/ogawara|Dining|224,"Pub in Ogawara, Miyagi.",https://www.tripadvisor.com/Restaurant_Review-g1120936-d7673283-Reviews-Chaika-Ogawara_machi_Shibata_gun_Miyagi_Prefecture_Tohoku.html,listing gives only a genre (line too short); kept existing line
miyagi/osakishi|Dining|776,"Restaurant in Osakishi, Miyagi.",https://tabelog.com/miyagi/A0403/A040301/4010152/,listing gives only a genre (line too short); kept existing line
miyagi/osakishi|Dining|871,"A cafe in Osakishi, Miyagi prefecture.",https://www.tripadvisor.com/Restaurant_Review-g1023418-d13161709-Reviews-Nico_Cafe-Osaki_Miyagi_Prefecture_Tohoku.html,listing gives only a genre (line too short); kept existing line
miyagi/osakishi|Dining|906,"A coffee shop in Osakishi, Miyagi.",https://www.tripadvisor.com/Restaurant_Review-g1023418-d13035610-Reviews-Natal_Coffee_Beans-Osaki_Miyagi_Prefecture_Tohoku.html,listing gives only a genre (line too short); kept existing line
miyagi/osakishi|Dining|999,"Pub in Osakishi, Miyagi.",https://www.tripadvisor.com/Restaurant_Review-g1023418-d7514980-Reviews-Kompa_K_K-Osaki_Miyagi_Prefecture_Tohoku.html,listing gives only a genre (line too short); kept existing line
miyagi/rifu|Dining|220,"Cafe in Rifu, Miyagi.",https://www.tripadvisor.com/Restaurant_Review-g1120945-d7496842-Reviews-Le_Ciel-Rifu_cho_Miyagi_gun_Miyagi_Prefecture_Tohoku.html,listing gives only a genre (line too short); kept existing line
miyagi/rifu|Dining|238,"Cafe in Rifu, Miyagi.",https://www.tripadvisor.com/Restaurant_Review-g1120945-d13163018-Reviews-Fruit_Juice_Shop_Karin_Aeon_Rifu-Rifu_cho_Miyagi_gun_Miyagi_Prefecture_Tohoku.html,listing gives only a genre (line too short); kept existing line
miyagi/shibatacho|Dining|242,"A pub in Shibatacho, Miyagi prefecture.",https://www.tripadvisor.com/Restaurant_Review-g1120938-d10010643-Reviews-Rest_Pub_Lazaro-Shibata_machi_Shibata_gun_Miyagi_Prefecture_Tohoku.html,listing gives only a genre (line too short); kept existing line
miyagi/shichigahama|Dining|56,"A cafe in Shichigahama, Miyagi prefecture.",https://www.tripadvisor.com/Restaurant_Review-g1120944-d10013825-Reviews-Nana_Cafe_Kirikabu-Shichigahama_machi_Miyagi_gun_Miyagi_Prefecture_Tohoku.html,listing gives only a genre (line too short); kept existing line
miyagi/shichikashuku|Dining|11,"Food spot in Shichikashuku, Miyagi.",https://tabelog.com/miyagi/A0402/A040203/4028100/,listing gives only a genre (line too short); kept existing line
miyagi/shichikashuku|Dining|18,"Food spot in Shichikashuku, Miyagi.",https://tabelog.com/miyagi/A0402/A040203/4028069/,listing gives only a genre (line too short); kept existing line
miyagi/shiroishishi|Dining|271,"Pub in Shiroishi, Miyagi.",https://www.tripadvisor.com/Restaurant_Review-g1023408-d6071038-Reviews-Tavern_Zamozzu-Shiroishi_Miyagi_Prefecture_Tohoku.html,listing gives only a genre (line too short); kept existing line
miyagi/tagajo|Dining|364,"Bar in Tagajo, Miyagi.",https://www.tripadvisor.com/Restaurant_Review-g1023411-d13787004-Reviews-ROUTE65-Tagajo_Miyagi_Prefecture_Tohoku.html,listing gives only a genre (line too short); kept existing line
miyagi/taiwa|Dining|119,"Food spot in Taiwa, Miyagi.",https://tabelog.com/miyagi/A0403/A040304/4028789/,listing gives only a genre (line too short); kept existing line
miyagi/taiwa|Dining|125,"Food spot in Taiwa, Miyagi.",https://tabelog.com/miyagi/A0403/A040304/4030145/,listing gives only a genre (line too short); kept existing line
miyagi/taiwa|Dining|130,"A Chinese restaurant in Taiwa, Miyagi.",https://tabelog.com/miyagi/A0401/A040104/4030470/,listing gives only a genre (line too short); kept existing line
miyagi/tome|Dining|152,"Cake shop in Tome, Miyagi.",https://tabelog.com/miyagi/A0403/A040303/4003953/,listing gives only a genre (line too short); kept existing line
miyagi/tome|Dining|181,"Sake bar in Tome, Miyagi.",https://tabelog.com/miyagi/A0403/A040303/4002694/,listing gives only a genre (line too short); kept existing line
miyagi/tome|Dining|247,"Bar in Tome, Miyagi.",https://tabelog.com/miyagi/A0403/A040303/4029714/,listing gives only a genre (line too short); kept existing line
miyagi/tome|Dining|360,"Dining bar in Tome, Miyagi.",https://tabelog.com/miyagi/A0403/A040303/4012482/,listing gives only a genre (line too short); kept existing line
miyagi/tome|Dining|375,"Food spot in Tome, Miyagi.",https://tabelog.com/miyagi/A0403/A040303/4027733/,listing gives only a genre (line too short); kept existing line
miyagi/tome|Dining|423,"Restaurant in Tome, Miyagi.",https://tabelog.com/miyagi/A0403/A040303/4010148/,listing gives only a genre (line too short); kept existing line
miyagi/tome|Dining|528,"A coffee shop in Tome, Miyagi.",https://www.tripadvisor.com/Restaurant_Review-g1023414-d10324017-Reviews-Coffee_Doctors-Tome_Miyagi_Prefecture_Tohoku.html,listing gives only a genre (line too short); kept existing line
miyagi/tomiya|Dining|130,"Food spot in Tomiya, Miyagi.",https://tabelog.com/miyagi/A0403/A040304/4021946/,listing gives only a genre (line too short); kept existing line
miyagi/tomiya|Dining|152,"Food spot in Tomiya, Miyagi.",https://tabelog.com/miyagi/A0403/A040304/4022812/,listing gives only a genre (line too short); kept existing line
miyagi/tomiya|Dining|170,"Izakaya in Tomiya, Miyagi.",https://tabelog.com/miyagi/A0403/A040304/4019021/,listing gives only a genre (line too short); kept existing line
miyagi/tomiya|Dining|175,"Food spot in Tomiya, Miyagi.",https://tabelog.com/miyagi/A0403/A040304/4017991/,listing gives only a genre (line too short); kept existing line
miyagi/yamamoto|Dining|65,"Cafe in Yamamoto, Miyagi.",https://www.tripadvisor.com/Restaurant_Review-g1120942-d14741958-Reviews-Tea_Yu-Yamamoto_cho_Watari_gun_Miyagi_Prefecture_Tohoku.html,listing gives only a genre (line too short); kept existing line
miyagi/yamamoto|Dining|71,"Cafe in Yamamoto, Miyagi.",https://www.tripadvisor.com/Restaurant_Review-g1120942-d7496804-Reviews-Chirorin_Mura-Yamamoto_cho_Watari_gun_Miyagi_Prefecture_Tohoku.html,listing gives only a genre (line too short); kept existing line
miyagi/zao|Dining|120,"Food spot in Zao, Miyagi.",https://tabelog.com/miyagi/A0402/A040201/4020888/,listing gives only a genre (line too short); kept existing line
miyagi/zao|Dining|158,"Food spot in Zao, Miyagi.",https://tabelog.com/miyagi/A0402/A040201/4021454/,listing gives only a genre (line too short); kept existing line
miyagi/zao|Dining|190,"A cafe in Zao, Miyagi prefecture.",https://www.tripadvisor.com/Restaurant_Review-g1104107-d6061534-Reviews-Cafe_Taiken_Kobo_Tokuukan-Zao_machi_Katta_gun_Miyagi_Prefecture_Tohoku.html,listing gives only a genre (line too short); kept existing line
oita/bungotakada|Dining|124,"Food spot in Bungotakada, Oita.",https://tabelog.com/oita/A4403/A440301/44010877/,listing gives only a genre (line too short); kept existing line
oita/bungotakada|Dining|126,"Food spot in Bungotakada, Oita.",https://tabelog.com/oita/A4403/A440302/44014020/,listing gives only a genre (line too short); kept existing line
oita/bungotakada|Dining|186,"A cafe in Bungotakada, Oita prefecture.",https://www.tripadvisor.com/Restaurant_Review-g1023439-d14739451-Reviews-Cafe_Cache_Cache-Bungotakada_Oita_Prefecture_Kyushu.html,listing gives only a genre (line too short); kept existing line
oita/hiji|Dining|152,"Cafe in Hiji, Oita.",https://www.tripadvisor.com/Restaurant_Review-g1121559-d14739478-Reviews-Sunahama_Shokudo-Hiji_machi_Hayami_gun_Oita_Prefecture_Kyushu.html,listing gives only a genre (line too short); kept existing line
oita/kitsuki|Dining|154,"A cafe in Kitsuki, Oita prefecture.",https://www.tripadvisor.com/Restaurant_Review-g1023444-d14739387-Reviews-Cafe_Shore_Walk-Kitsuki_Oita_Prefecture_Kyushu.html,listing gives only a genre (line too short); kept existing line
oita/kitsuki|Dining|169,"A cafe in Kitsuki, Oita prefecture.",https://www.tripadvisor.com/Restaurant_Review-g1023444-d7517340-Reviews-Roran_Cafe-Kitsuki_Oita_Prefecture_Kyushu.html,listing gives only a genre (line too short); kept existing line
oita/kitsuki|Dining|188,"Pub in Kitsuki, Oita.",https://www.tripadvisor.com/Restaurant_Review-g1023444-d13059157-Reviews-Mike_Room_Humming-Kitsuki_Oita_Prefecture_Kyushu.html,listing gives only a genre (line too short); kept existing line
oita/kokonoe|Dining|27,"Sweets shop in Kokonoe, Oita.",https://tabelog.com/oita/A4404/A440404/44014524/,listing gives only a genre (line too short); kept existing line
oita/kunisaki|Dining|16,"Food spot in Kunisaki, Oita.",https://tabelog.com/oita/A4403/A440302/44007207/,listing gives only a genre (line too short); kept existing line
oita/kunisaki|Dining|35,"Bakery in Kunisaki, Oita.",https://tabelog.com/oita/A4403/A440302/44012298/,listing gives only a genre (line too short); kept existing line
oita/kunisaki|Dining|40,"Sweets shop in Kunisaki, Oita.",https://tabelog.com/oita/A4403/A440302/44015031/,listing gives only a genre (line too short); kept existing line
oita/kunisaki|Dining|49,"Bakery in Kunisaki, Oita.",https://tabelog.com/oita/A4403/A440302/44015054/,listing gives only a genre (line too short); kept existing line
yamaguchi/kudamatsu|Dining|286,"A coffee shop in Kudamatsu, Yamaguchi.",https://www.tripadvisor.com/Restaurant_Review-g1023685-d7507633-Reviews-Biinzu_Coffee-Kudamatsu_Yamaguchi_Prefecture_Chugoku.html,listing gives only a genre (line too short); kept existing line
yamaguchi/kudamatsu|Dining|352,"A bar in Kudamatsu, Yamaguchi prefecture.",https://www.tripadvisor.com/Restaurant_Review-g1023685-d14736491-Reviews-Bar_TimBar-Kudamatsu_Yamaguchi_Prefecture_Chugoku.html,listing gives only a genre (line too short); kept existing line
yamaguchi/mine|Dining|208,"Cafe in Mine, Yamaguchi.",https://www.tripadvisor.com/Restaurant_Review-g1023686-d7507322-Reviews-Arboreo-Mine_Yamaguchi_Prefecture_Chugoku.html,listing gives only a genre (line too short); kept existing line
yamaguchi/sanyoonoda|Dining|310,"Cafe in Sanyoonoda, Yamaguchi.",https://www.tripadvisor.com/Restaurant_Review-g1023692-d7507996-Reviews-Hiyoko-Sanyo_Onoda_Yamaguchi_Prefecture_Chugoku.html,listing gives only a genre (line too short); kept existing line
yamaguchi/sanyoonoda|Dining|311,"Cafe in Sanyoonoda, Yamaguchi.",https://www.tripadvisor.com/Restaurant_Review-g1023692-d7663132-Reviews-Kunembo-Sanyo_Onoda_Yamaguchi_Prefecture_Chugoku.html,listing gives only a genre (line too short); kept existing line
yamaguchi/sanyoonoda|Dining|329,"Cafe in Sanyoonoda, Yamaguchi.",https://www.tripadvisor.com/Restaurant_Review-g1023692-d7665783-Reviews-Panda-Sanyo_Onoda_Yamaguchi_Prefecture_Chugoku.html,listing gives only a genre (line too short); kept existing line
yamaguchi/sanyoonoda|Dining|372,"Pub in Sanyoonoda, Yamaguchi.",https://www.tripadvisor.com/Restaurant_Review-g1023692-d9623053-Reviews-Lounge_Coco-Sanyo_Onoda_Yamaguchi_Prefecture_Chugoku.html,listing gives only a genre (line too short); kept existing line
yamaguchi/sanyoonoda|Dining|377,"Pub in Sanyoonoda, Yamaguchi.",https://www.tripadvisor.com/Restaurant_Review-g1023692-d13788841-Reviews-Lounge_Camelia-Sanyo_Onoda_Yamaguchi_Prefecture_Chugoku.html,listing gives only a genre (line too short); kept existing line
yamaguchi/suoooshima|Dining|48,"Pudding shop in Suoooshima, Yamaguchi.",https://tabelog.com/yamaguchi/A3506/A350603/35013457/,listing gives only a genre (line too short); kept existing line
yamaguchi/suoooshima|Dining|101,"Bagel shop in Suoooshima, Yamaguchi.",https://tabelog.com/yamaguchi/A3506/A350603/35014482/,listing gives only a genre (line too short); kept existing line
yamaguchi/tabuse|Dining|51,"Cafe in Tabuse, Yamaguchi.",https://www.tripadvisor.com/Restaurant_Review-g1121405-d14058147-Reviews-Caf_e_Berry_Berry-Tabuse_cho_Kumage_gun_Yamaguchi_Prefecture_Chugoku.html,listing gives only a genre (line too short); kept existing line
yamaguchi/yanai|Dining|255,"Cafe in Yanai, Yamaguchi.",https://www.tripadvisor.com/Restaurant_Review-g1023689-d7662092-Reviews-Erika-Yanai_Yamaguchi_Prefecture_Chugoku.html,listing gives only a genre (line too short); kept existing line
