page,rank,name_ja,name_en,jalan_url,tabelog_url,match,line4,photo_kind,photo_src,photo_page,r2_key
akita/semboku,31,新玉川温泉,Shin-Tamagawa Onsen,https://www.jalan.net/yad354300/,https://tabelog.com/akita/A0504/A050401/5004380/,partial name (verify),"Ryokan with free-flowing hot-spring baths and an open-air bath, 185 rooms, free parking.",jalan,https://cdn.jalan.jp/jalan/images/pictL/Y0/Y354300/Y354300763.jpg,https://www.jalan.net/yad354300/,media/semboku-stay-w5-354300.jpg
akita/semboku,32,角館温泉 花葉館,Kakunodate Onsen Kayokan,https://www.jalan.net/yad399180/,https://tabelog.com/akita/A0504/A050401/5005803/,exact name,"Ryokan with free-flowing hot-spring baths and an open-air bath, 27 rooms, free parking.",jalan,https://cdn.jalan.jp/jalan/images/pictL/Y0/Y399180/Y399180021.jpg,https://www.jalan.net/yad399180/,media/semboku-stay-w5-399180.jpg
akita/semboku,33,かくのだて温泉 町宿 ねこの鈴,Kakunodate Onsen Machiyado Neko no Suzu,https://www.jalan.net/yad314054/,https://tabelog.com/akita/A0504/A050401/5008184/,exact name,"Ryokan with free-flowing hot-spring baths, 10-minute walk from Kakunodate Station, 13 rooms, free parking.",jalan,https://cdn.jalan.jp/jalan/images/pictL/Y4/Y314054/Y314054013.jpg,https://www.jalan.net/yad314054/,media/semboku-stay-w5-314054.jpg
fukuoka/asakura,15,原鶴温泉 旅館 佐藤荘,Harazuru Onsen Ryokan Satoso,https://www.jalan.net/yad343740/,https://tabelog.com/fukuoka/A4008/A400803/40023680/,partial name (verify),"Ryokan with free-flowing hot-spring baths and an open-air bath, 8 rooms, free parking.",jalan,https://cdn.jalan.jp/jalan/images/pictL/Y0/Y343740/Y343740361.jpg,https://www.jalan.net/yad343740/,media/asakura-stay-w5-343740.jpg
miyagi/ishinomaki,13,Tabist ビジネス旅館ダック 石巻蛇田,Tabist Business Ryokan Duck Ishinomaki Hebita,https://www.jalan.net/yad323138/,https://tabelog.com/miyagi/A0404/A040403/4019317/,partial name (verify),"Ryokan, 17 Japanese-style rooms, free parking.",jalan,https://cdn.jalan.jp/jalan/images/pictL/Y8/Y323138/Y323138034.jpg,https://www.jalan.net/yad323138/,media/ishinomaki-stay-w5-323138.jpg
miyagi/kawasakicho,3,流辿別邸 観山聴月,Ryusen Bettei Kanzan Chogetsu,https://www.jalan.net/yad312522/,https://tabelog.com/miyagi/A0402/A040201/4012296/,partial name (verify),"Ryokan with free-flowing hot-spring baths and an open-air bath, 7 rooms, free parking.",jalan,https://cdn.jalan.jp/jalan/images/pictL/Y2/Y312522/Y312522011.jpg,https://www.jalan.net/yad312522/,media/kawasakicho-stay-w5-312522.jpg
miyagi/kawasakicho,4,山景の宿 流辿,Sankei no Yado Ryusen,https://www.jalan.net/yad317413/,https://tabelog.com/miyagi/A0402/A040201/4003489/,partial name (verify),"Ryokan with free-flowing hot-spring baths and an open-air bath, 16 rooms, free parking.",jalan,https://cdn.jalan.jp/jalan/images/pictL/Y3/Y317413/Y317413510.jpg,https://www.jalan.net/yad317413/,media/kawasakicho-stay-w5-317413.jpg
miyagi/kawasakicho,5,お宿 はなぶさ,Oyado Hanabusa,https://www.jalan.net/yad389391/,https://tabelog.com/miyagi/A0402/A040201/4025249/,exact name,"Ryokan with hot-spring baths and an open-air bath, 13 rooms, free parking.",jalan,https://cdn.jalan.jp/jalan/images/pictL/Y1/Y389391/Y389391226.jpg,https://www.jalan.net/yad389391/,media/kawasakicho-stay-w5-389391.jpg
miyagi/kawasakicho,6,湯元不忘閣,Yumoto Fubokaku,https://www.jalan.net/yad355965/,https://tabelog.com/miyagi/A0402/A040201/4003191/,exact name,"Ryokan with free-flowing hot-spring baths and an open-air bath, 14 Japanese-style rooms, free parking.",jalan,https://cdn.jalan.jp/jalan/images/pictL/Y5/Y355965/Y355965039.jpg,https://www.jalan.net/yad355965/,media/kawasakicho-stay-w5-355965.jpg
miyagi/kesennuma,14,民宿 沖見屋,Minshuku Okimiya,https://www.jalan.net/yad338447/,https://tabelog.com/miyagi/A0404/A040401/4014264/,partial name (verify),"Minshuku, 5 minutes by car from Hashikami Station, 6 rooms, free parking.",jalan,https://cdn.jalan.jp/jalan/images/pictL/Y7/Y338447/Y338447048.jpg,https://www.jalan.net/yad338447/,media/kesennuma-stay-w5-338447.jpg
miyagi/kesennuma,15,気仙沼大島 旅館 明海荘,Kesennuma Oshima Ryokan Akemiso,https://www.jalan.net/yad365176/,https://tabelog.com/miyagi/A0404/A040401/4026020/,partial name (verify),"Ryokan, 13 Japanese-style rooms, free parking.",jalan,https://cdn.jalan.jp/jalan/images/pictL/Y6/Y365176/Y365176185.jpg,https://www.jalan.net/yad365176/,media/kesennuma-stay-w5-365176.jpg
miyagi/kesennuma,16,気仙沼大島 旅館 亀山荘,Kesennuma Oshima Ryokan Kameyamaso,https://www.jalan.net/yad304896/,https://tabelog.com/miyagi/A0404/A040401/4026150/,partial name (verify),"Ryokan, 20 Japanese-style rooms, free parking.",jalan,https://cdn.jalan.jp/jalan/images/pictL/Y6/Y304896/Y304896002.jpg,https://www.jalan.net/yad304896/,media/kesennuma-stay-w5-304896.jpg
miyagi/kesennuma,17,民宿はまなす,Minshuku Hamanasu,https://www.jalan.net/yad330066/,https://tabelog.com/miyagi/A0404/A040401/4014335/,partial name (verify),"Minshuku, 5 Japanese-style rooms, free parking.",jalan,https://cdn.jalan.jp/jalan/images/pictL/Y6/Y330066/Y330066045.jpg,https://www.jalan.net/yad330066/,media/kesennuma-stay-w5-330066.jpg
miyagi/kesennuma,18,旅館 黒潮,Ryokan Kuroshio,https://www.jalan.net/yad379961/,https://tabelog.com/miyagi/A0404/A040401/4017944/,partial name (verify),"Ryokan, 9 Japanese-style rooms, free parking.",jalan,https://cdn.jalan.jp/jalan/images/pictL/Y1/Y379961/Y379961247.jpg,https://www.jalan.net/yad379961/,media/kesennuma-stay-w5-379961.jpg
miyagi/kesennuma,19,旅館椿荘花月,Ryokan Tsubakiso Kagetsu,https://www.jalan.net/yad303442/,https://tabelog.com/miyagi/A0404/A040401/4027189/,partial name (verify),"Ryokan, 14 Japanese-style rooms, free parking.",jalan,https://cdn.jalan.jp/jalan/images/pictL/Y2/Y303442/Y303442046.jpg,https://www.jalan.net/yad303442/,media/kesennuma-stay-w5-303442.jpg
miyagi/kesennuma,20,民宿 崎野屋,Minshuku Sakinoya,https://www.jalan.net/yad329817/,https://tabelog.com/miyagi/A0404/A040401/4013321/,partial name (verify),"Minshuku, 9 Japanese-style rooms, free parking.",jalan,https://cdn.jalan.jp/jalan/images/pictL/Y7/Y329817/Y329817094.jpg,https://www.jalan.net/yad329817/,media/kesennuma-stay-w5-329817.jpg
miyagi/kurihara,9,ハイルザーム栗駒,Heilsam Kurikoma,https://www.jalan.net/yad336928/,https://tabelog.com/miyagi/A0403/A040302/4012748/,partial name (verify),"Ryokan with hot-spring baths and an open-air bath, 28 rooms, free parking.",jalan,https://cdn.jalan.jp/jalan/images/pictL/Y8/Y336928/Y336928172.jpg,https://www.jalan.net/yad336928/,media/kurihara-stay-w5-336928.jpg
miyagi/matsushima,11,松島温泉 松島一の坊,Matsushima Onsen Matsushima Ichinobo,https://www.jalan.net/yad304322/,https://tabelog.com/miyagi/A0404/A040404/4002726/,partial name (verify),"Ryokan with hot-spring baths and an open-air bath, 81 rooms, free parking.",jalan,https://cdn.jalan.jp/jalan/images/pictL/Y2/Y304322/Y304322794.jpg,https://www.jalan.net/yad304322/,media/matsushima-stay-w5-304322.jpg
miyagi/matsushima,12,松島佐勘 松庵,Matsushima Sakan Shoan,https://www.jalan.net/yad374328/,https://tabelog.com/miyagi/A0404/A040404/4006263/,partial name (verify),"Ryokan with an open-air bath, 10 minutes by car from Takajo Station, free parking.",official,https://www.shoan-umine.com/common/img/img_ogpimage.png,https://www.shoan-umine.com,media/matsushima-stay-w5-374328.jpg
miyagi/matsushima,13,松島温泉 パレス松洲,Matsushima Onsen Palace Matsushima,https://www.jalan.net/yad398377/,https://tabelog.com/miyagi/A0404/A040404/4008298/,partial name (verify),"Ryokan with hot-spring baths, 10-minute walk from Matsushima Station, 24 rooms, free parking.",official,https://www.palace-matsushima.jp/wp-content/uploads/2019/06/palace-ogp.jpg,https://www.palace-matsushima.jp/,media/matsushima-stay-w5-398377.jpg
miyagi/minamisanriku,4,南三陸まなびの里 いりやど,Minamisanriku Manabi no Sato Iriyado,https://www.jalan.net/yad318480/,https://tabelog.com/miyagi/A0404/A040402/4019275/,exact name,"Ryokan, 30 rooms, free parking.",official,https://storage.googleapis.com/production-os-assets/assets/7e1dc635-98bc-4baa-bb29-8a978f348b5a,https://ms-iriyado.jp/,media/minamisanriku-stay-w5-318480.jpg
miyagi/minamisanriku,5,漁家民宿 やすらぎ,Gyoka Minshuku Yasuragi,https://www.jalan.net/yad381154/,https://tabelog.com/miyagi/A0404/A040402/4026301/,partial name (verify),"Minshuku, 3 minutes by car from Tsu Station, 5 Japanese-style rooms, free parking.",jalan,https://cdn.jalan.jp/jalan/images/pictL/Y4/Y381154/Y381154039.jpg,https://www.jalan.net/yad381154/,media/minamisanriku-stay-w5-381154.jpg
miyagi/osakishi,22,うなぎ湯の宿 旬樹庵 琢ひで,Unagiyu no Yado Shunjuan Takuhide,https://www.jalan.net/yad322547/,https://tabelog.com/miyagi/A0403/A040301/4002430/,partial name (verify),"Ryokan with free-flowing hot-spring baths and an open-air bath, 14 rooms, free parking.",official,https://www.takuhide.co.jp/img/ogp_home.jpg,https://www.takuhide.co.jp/,media/osakishi-stay-w5-322547.jpg
miyagi/osakishi,23,中山平温泉 鳴子やすらぎ荘,Nakayamadaira Onsen Naruko Yasuragiso,https://www.jalan.net/yad366316/,https://tabelog.com/miyagi/A0403/A040301/4012716/,partial name (verify),"Ryokan with hot-spring baths and an open-air bath, 15-minute walk from Nakayamadaira-Onsen Station.",official,https://www.sempos.or.jp/naruko/img/common/ogp.jpg,https://www.sempos.or.jp/naruko/,media/osakishi-stay-w5-366316.jpg
miyagi/osakishi,24,旅館 三之亟湯,Ryokan Sannojoyu,https://www.jalan.net/yad375215/,https://tabelog.com/miyagi/A0403/A040301/4012721/,partial name (verify),"Ryokan with free-flowing hot-spring baths, within a 5-minute walk of a station, free parking.",jalan,https://cdn.jalan.jp/jalan/images/pictL/Y5/Y375215/Y375215069.jpg,https://www.jalan.net/yad375215/,media/osakishi-stay-w5-375215.jpg
miyagi/osakishi,25,旅館なんぶ屋,Ryokan Nanbuya,https://www.jalan.net/yad395907/,https://tabelog.com/miyagi/A0403/A040301/4012712/,exact name,"Ryokan with free-flowing hot-spring baths and an open-air bath, 3-minute walk from Naruko-Gotenyu Station.",jalan,https://cdn.jalan.jp/jalan/images/pictL/Y7/Y395907/Y395907009.jpg,https://www.jalan.net/yad395907/,media/osakishi-stay-w5-395907.jpg
miyagi/osakishi,26,旅館 東多賀の湯,Ryokan Higashitaga no Yu,https://www.jalan.net/yad391225/,https://tabelog.com/miyagi/A0403/A040301/4007930/,partial name (verify),"Ryokan with free-flowing hot-spring baths, 10-minute walk from Naruko-Onsen Station, 8 Japanese-style rooms.",jalan,https://cdn.jalan.jp/jalan/images/pictL/Y5/Y391225/Y391225032.jpg,https://www.jalan.net/yad391225/,media/osakishi-stay-w5-391225.jpg
miyagi/osakishi,27,とどろき旅館,Todoroki Ryokan,https://www.jalan.net/yad312096/,https://tabelog.com/miyagi/A0403/A040301/4021441/,partial name (verify),"Ryokan with free-flowing hot-spring baths and an open-air bath, 7 Japanese-style rooms, free parking.",jalan,https://cdn.jalan.jp/jalan/images/pictL/Y6/Y312096/Y312096000.jpg,https://www.jalan.net/yad312096/,media/osakishi-stay-w5-312096.jpg
miyagi/osakishi,28,旅館 弁天閣,Ryokan Bentenkaku,https://www.jalan.net/yad339147/,https://tabelog.com/miyagi/A0403/A040301/4027624/,exact name,"Ryokan with free-flowing hot-spring baths and an open-air bath, 10-minute walk from Naruko-Gotenyu Station.",jalan,https://cdn.jalan.jp/jalan/images/pictL/Y7/Y339147/Y339147300.jpg,https://www.jalan.net/yad339147/,media/osakishi-stay-w5-339147.jpg
miyagi/osakishi,29,ペンション 森りんこ,Pension Morinko,https://www.jalan.net/yad344900/,https://tabelog.com/miyagi/A0403/A040301/4012736/,exact name,"Pension with free-flowing hot-spring baths, 7 rooms, free parking.",jalan,https://cdn.jalan.jp/jalan/images/pictL/Y0/Y344900/Y344900093.jpg,https://www.jalan.net/yad344900/,media/osakishi-stay-w5-344900.jpg
miyagi/osakishi,30,中山平温泉 あすか旅館,Nakayamadaira Onsen Asuka Ryokan,https://www.jalan.net/yad380000/,https://tabelog.com/miyagi/A0403/A040301/4012720/,partial name (verify),"Ryokan with free-flowing hot-spring baths, 14 Japanese-style rooms, free parking.",jalan,https://cdn.jalan.jp/jalan/images/pictL/Y0/Y380000/Y380000050.jpg,https://www.jalan.net/yad380000/,media/osakishi-stay-w5-380000.jpg
miyagi/zao,21,ペンション そらまめ,Pension Soramame,https://www.jalan.net/yad324996/,https://tabelog.com/miyagi/A0402/A040201/4003224/,exact name,"Pension with free-flowing hot-spring baths, 5 rooms, free parking.",jalan,https://cdn.jalan.jp/jalan/images/pictL/Y6/Y324996/Y324996022.jpg,https://www.jalan.net/yad324996/,media/zao-stay-w5-324996.jpg
miyagi/zao,22,ペンション レインボーヒルズ,Pension Rainbow Hills,https://www.jalan.net/yad335731/,https://tabelog.com/miyagi/A0402/A040201/4012738/,partial name (verify),"Pension, 13 rooms, free parking.",jalan,https://cdn.jalan.jp/jalan/images/pictL/9/00039/00039233.jpg,https://www.jalan.net/yad335731/,media/zao-stay-w5-335731.jpg
miyagi/zao,23,ペンション陽だまり,Pension Hidamari,https://www.jalan.net/yad305202/,https://tabelog.com/miyagi/A0402/A040201/4013302/,exact name,"Pension with free-flowing hot-spring baths, 8 rooms, free parking.",jalan,https://cdn.jalan.jp/jalan/images/pictL/Y2/Y305202/Y305202131.jpg,https://www.jalan.net/yad305202/,media/zao-stay-w5-305202.jpg
oita/kokonoe,21,旅館ななかまど,Ryokan Nanakamado,https://www.jalan.net/yad337728/,https://tabelog.com/oita/A4404/A440404/44014118/,name contains,"Ryokan with free-flowing hot-spring baths, 5 rooms, free parking.",jalan,https://cdn.jalan.jp/jalan/images/pictL/Y8/Y337728/Y337728093.jpg,https://www.jalan.net/yad337728/,media/kokonoe-stay-w5-337728.jpg
oita/kokonoe,22,宿房 花しのぶ,Shukubo Hanashinobu,https://www.jalan.net/yad300892/,https://tabelog.com/oita/A4404/A440404/44010449/,name contains,"Ryokan with free-flowing hot-spring baths and an open-air bath, 8 rooms, free parking.",jalan,https://cdn.jalan.jp/jalan/images/pictL/Y2/Y300892/Y300892275.jpg,https://www.jalan.net/yad300892/,media/kokonoe-stay-w5-300892.jpg
oita/kokonoe,23,大分九重久織亭,Oita Kokonoe Kuoritei,https://www.jalan.net/yad323942/,https://tabelog.com/oita/A4404/A440404/44014749/,name contains,"Ryokan with free-flowing hot-spring baths and an open-air bath, 9 rooms, free parking.",jalan,https://cdn.jalan.jp/jalan/images/pictL/Y2/Y323942/Y323942538.jpg,https://www.jalan.net/yad323942/,media/kokonoe-stay-w5-323942.jpg
oita/kokonoe,24,山の宿 霊泉 寒の地獄旅館,Yama no Yado Reisen Kannojigoku Ryokan,https://www.jalan.net/yad312794/,https://tabelog.com/oita/A4404/A440404/44004190/,all name tokens,"Ryokan with free-flowing hot-spring baths, 30 minutes by car from Bungo-Nakamura Station, free parking.",jalan,https://cdn.jalan.jp/jalan/images/pictL/Y4/Y312794/Y312794480.jpg,https://www.jalan.net/yad312794/,media/kokonoe-stay-w5-312794.jpg
oita/kokonoe,25,旅館かくおや,Ryokan Kakuoya,https://www.jalan.net/yad321921/,https://tabelog.com/oita/A4404/A440404/44012383/,name contains,"Ryokan with free-flowing hot-spring baths and an open-air bath, 5 Japanese-style rooms, free parking.",jalan,https://cdn.jalan.jp/jalan/images/pictL/Y1/Y321921/Y321921008.jpg,https://www.jalan.net/yad321921/,media/kokonoe-stay-w5-321921.jpg
oita/kokonoe,26,九重観光ホテル,Kokonoe Kanko Hotel,https://www.jalan.net/yad311885/,https://tabelog.com/oita/A4404/A440404/44010514/,name contains,"Ryokan with free-flowing hot-spring baths and an open-air bath, 23 rooms, free parking.",jalan,https://cdn.jalan.jp/jalan/images/pictL/Y5/Y311885/Y311885436.jpg,https://www.jalan.net/yad311885/,media/kokonoe-stay-w5-311885.jpg
oita/kokonoe,27,旅館 名山,Ryokan Meizan,https://www.jalan.net/yad342615/,https://tabelog.com/oita/A4404/A440404/44011265/,name contains,"Ryokan with free-flowing hot-spring baths and an open-air bath, free parking.",jalan,https://cdn.jalan.jp/jalan/images/pictL/Y5/Y342615/Y342615009.jpg,https://www.jalan.net/yad342615/,media/kokonoe-stay-w5-342615.jpg
oita/taketa,30,久住高原 銀河のやど きのこII世号,Kuju Kogen Ginga no Yado Kinoko Niseigo,https://www.jalan.net/yad305294/,https://tabelog.com/oita/A4401/A440102/44006740/,name contains,"Pension with hot-spring baths, 10 Western-style rooms, free parking.",jalan,https://cdn.jalan.jp/jalan/images/pictL/Y4/Y305294/Y305294189.jpg,https://www.jalan.net/yad305294/,media/taketa-stay-w5-305294.jpg
oita/yufu,29,由布の癒 友里,Yufu no Iyashi Yuri,https://www.jalan.net/yad382450/,https://tabelog.com/oita/A4402/A440201/44010549/,name contains,"Ryokan with free-flowing hot-spring baths and an open-air bath, 10 rooms, free parking.",jalan,https://cdn.jalan.jp/jalan/images/pictL/Y0/Y382450/Y382450184.jpg,https://www.jalan.net/yad382450/,media/yufu-stay-w5-382450.jpg
oita/yufu,30,癒しの里 観布亭,Iyashi no Sato Kanputei,https://www.jalan.net/yad321091/,https://tabelog.com/oita/A4402/A440201/44012432/,name contains,"Ryokan with free-flowing hot-spring baths and an open-air bath, 15-minute walk from Yufuin Station.",jalan,https://cdn.jalan.jp/jalan/images/pictL/Y1/Y321091/Y321091158.jpg,https://www.jalan.net/yad321091/,media/yufu-stay-w5-321091.jpg
oita/yufu,31,由布院温泉 湯富里の宿 一壷天,Yufuin Onsen Yufuri no Yado Ikkoten,https://www.jalan.net/yad333628/,https://tabelog.com/oita/A4402/A440201/44005128/,name contains,"Ryokan with free-flowing hot-spring baths, 7 minutes by car from Yufuin Station, 10 rooms.",official,https://www.ikkoten.com/common/img/img_ogpimage.png,https://www.ikkoten.com/,media/yufu-stay-w5-333628.jpg
oita/yufu,32,由布院温泉 蓮輪INN,Yufuin Onsen Hasuwa Inn,https://www.jalan.net/yad373325/,https://tabelog.com/oita/A4402/A440201/44007333/,name contains,"Minshuku with free-flowing hot-spring baths and an open-air bath, 8-minute walk from Yufuin Station.",jalan,https://cdn.jalan.jp/jalan/images/pictL/Y5/Y373325/Y373325072.jpg,https://www.jalan.net/yad373325/,media/yufu-stay-w5-373325.jpg
oita/yufu,33,湯布院らんぷの宿,Yufuin Lamp no Yado,https://www.jalan.net/yad375414/,https://tabelog.com/oita/A4402/A440201/44010780/,name contains,"Ryokan with free-flowing hot-spring baths, within a 5-minute walk of a station, 20 rooms.",jalan,https://cdn.jalan.jp/jalan/images/pictL/Y4/Y375414/Y375414281.jpg,https://www.jalan.net/yad375414/,media/yufu-stay-w5-375414.jpg
oita/yufu,34,湯布院ほてい屋,Yufuin Hoteiya,https://www.jalan.net/yad342312/,https://tabelog.com/oita/A4402/A440201/44004237/,name contains,"Ryokan with free-flowing hot-spring baths and an open-air bath, 25-minute walk from Yufuin Station.",official,https://www.hoteiya-yado.jp/wp/wp-content/uploads/2023/11/ogp.jpg,https://www.hoteiya-yado.jp/,media/yufu-stay-w5-342312.jpg
