key	referenced_by
media/chikushino-dining-40003409.jpg	fukuoka
media/chikushino-dining-40005380.jpg	fukuoka
media/chikushino-dining-40005903.jpg	fukuoka
media/chikushino-dining-40007353.jpg	fukuoka
media/chikushino-dining-40007523.jpg	fukuoka
media/chikushino-dining-40009276.jpg	fukuoka
media/chikushino-dining-40011755.jpg	fukuoka
media/chikushino-dining-40017581.jpg	fukuoka
media/chikushino-dining-40017907.jpg	fukuoka
media/chikushino-dining-40018483.jpg	fukuoka
media/chikushino-dining-40023346.jpg	fukuoka
media/chikushino-dining-40024181.jpg	fukuoka
media/chikushino-dining-40025343.jpg	fukuoka
media/chikushino-dining-40025752.jpg	fukuoka
media/chikushino-dining-40031318.jpg	fukuoka
media/chikushino-dining-40032750.jpg	fukuoka
media/chikushino-dining-40033082.jpg	fukuoka
media/chikushino-dining-40034491.jpg	fukuoka
media/chikushino-dining-40041507.jpg	fukuoka
media/chikushino-dining-40042233.jpg	fukuoka
media/chikushino-dining-40042749.jpg	fukuoka
media/chikushino-dining-40043935.jpg	fukuoka
media/chikushino-dining-40044162.jpg	fukuoka
media/chikushino-dining-40045749.jpg	fukuoka
media/chikushino-dining-40045936.jpg	fukuoka
media/chikushino-dining-40045988.jpg	fukuoka
media/chikushino-dining-40047366.jpg	fukuoka
media/chikushino-dining-40048631.jpg	fukuoka
media/chikushino-dining-40048985.jpg	fukuoka
media/chikushino-dining-40049901.jpg	fukuoka
media/chikushino-dining-40050618.jpg	fukuoka
media/chikushino-dining-40053160.jpg	fukuoka
media/chikushino-dining-40054085.jpg	fukuoka
media/chikushino-dining-40055777.jpg	fukuoka
media/chikushino-dining-40057210.jpg	fukuoka
media/chikushino-dining-40058138.jpg	fukuoka
media/chikushino-dining-40058595.jpg	fukuoka
media/chikushino-dining-40059528.jpg	fukuoka
media/chikushino-dining-40060003.jpg	fukuoka
media/chikushino-dining-40061118.jpg	fukuoka
media/chikushino-dining-40061698.jpg	fukuoka
media/chikushino-dining-40063744.jpg	fukuoka
media/chikushino-dining-40063959.jpg	fukuoka
media/chikushino-dining-40064664.jpg	fukuoka
media/chikushino-dining-40064765.jpg	fukuoka
media/chikushino-dining-40065074.jpg	fukuoka
media/chikushino-dining-40065666.jpg	fukuoka
media/chikushino-dining-40065947.jpg	fukuoka
media/chikushino-dining-40066860.jpg	fukuoka
media/chikushino-dining-40068636.jpg	fukuoka
media/chikushino-dining-40068836.jpg	fukuoka
media/chikushino-dining-40069854.jpg	fukuoka
media/chikushino-dining-40070304.jpg	fukuoka
media/chikushino-dining-40072075.jpg	fukuoka
media/chikushino-dining-40072991.jpg	fukuoka
media/chikushino-dining-40073479.jpg	fukuoka
media/chikushino-dining-40073823.jpg	fukuoka
media/chikushino-dining-40074539.jpg	fukuoka
media/chikushino-dining-40074592.jpg	fukuoka
media/chikushino-dining-40074634.jpg	fukuoka
media/chikushino-dining-ta1.jpg	fukuoka
media/chikushino-dining-ta10.jpg	fukuoka
media/chikushino-dining-ta11.jpg	fukuoka
media/chikushino-dining-ta12.jpg	fukuoka
media/chikushino-dining-ta13.jpg	fukuoka
media/chikushino-dining-ta14.jpg	fukuoka
media/chikushino-dining-ta15.jpg	fukuoka
media/chikushino-dining-ta2.jpg	fukuoka
media/chikushino-dining-ta3.jpg	fukuoka
media/chikushino-dining-ta4.jpg	fukuoka
media/chikushino-dining-ta5.jpg	fukuoka
media/chikushino-dining-ta6.jpg	fukuoka
media/chikushino-dining-ta7.jpg	fukuoka
media/chikushino-dining-ta8.jpg	fukuoka
media/chikushino-dining-ta9.jpg	fukuoka
