rank,name,old_img,new_img,note
2,塩ホルモン 炭楽,https://img.bokenjapan.com/media/daisen-05212-dining-5000442.jpg,,photo belonged to another card; no own photo found
3,そば打ち幸甚,https://img.bokenjapan.com/media/daisen-05212-dining-5000424.jpg,https://img.bokenjapan.com/media/daisen-05212-dining-5000442.jpg,matched own listing photo
4,麺屋　十郎兵衛,https://img.bokenjapan.com/media/daisen-05212-dining-5004412.jpg,https://img.bokenjapan.com/media/daisen-05212-dining-5000424.jpg,matched own listing photo
5,大仙　牛玄亭,https://img.bokenjapan.com/media/daisen-05212-dining-5006106.jpg,https://img.bokenjapan.com/media/daisen-05212-dining-5004412.jpg,matched own listing photo
6,RAMEN MOSH,https://img.bokenjapan.com/media/daisen-05212-dining-5005186.jpg,https://img.bokenjapan.com/media/daisen-05212-dining-5006106.jpg,matched own listing photo
7,中華そば de 小松,https://img.bokenjapan.com/media/daisen-05212-dining-5006569.jpg,https://img.bokenjapan.com/media/daisen-05212-dining-5005186.jpg,matched own listing photo
8,麺屋 にぼすけ 大曲駅前店,https://img.bokenjapan.com/media/daisen-05212-dining-5005682.jpg,https://img.bokenjapan.com/media/daisen-05212-dining-5006569.jpg,matched own listing photo
9,麺屋 周,https://img.bokenjapan.com/media/daisen-05212-dining-5010330.jpg,https://img.bokenjapan.com/media/daisen-05212-dining-5005682.jpg,matched own listing photo
10,鬼そば藤谷 総本店,https://img.bokenjapan.com/media/daisen-05212-dining-5011267.jpg,https://img.bokenjapan.com/media/daisen-05212-dining-5010330.jpg,matched own listing photo
11,大衆食堂 第三倉庫 一撃製麺所,https://img.bokenjapan.com/media/daisen-05212-dining-5009961.jpg,https://img.bokenjapan.com/media/daisen-05212-dining-5011267.jpg,matched own listing photo
12,鳳仙花,https://img.bokenjapan.com/media/daisen-05212-dining-5000573.jpg,https://img.bokenjapan.com/media/daisen-05212-dining-5009961.jpg,matched own listing photo
13,北野水産 大曲駅前店,https://img.bokenjapan.com/media/daisen-05212-dining-5003795.jpg,https://img.bokenjapan.com/media/daisen-05212-dining-5000573.jpg,matched own listing photo
14,洋食屋バンフィール,https://img.bokenjapan.com/media/daisen-05212-dining-5000450.jpg,https://img.bokenjapan.com/media/daisen-05212-dining-5003795.jpg,matched own listing photo
15,中華そば 今野,https://img.bokenjapan.com/media/daisen-05212-dining-5009618.jpg,https://img.bokenjapan.com/media/daisen-05212-dining-5000450.jpg,matched own listing photo
16,大曲ラーメン,https://img.bokenjapan.com/media/daisen-05212-dining-5001275.jpg,https://img.bokenjapan.com/media/daisen-05212-dining-5009618.jpg,matched own listing photo
17,拉麺 しな竹,https://img.bokenjapan.com/media/daisen-05212-dining-5005737.jpg,https://img.bokenjapan.com/media/daisen-05212-dining-5001275.jpg,matched own listing photo
18,めんこいな,https://img.bokenjapan.com/media/daisen-05212-dining-5000739.jpg,https://img.bokenjapan.com/media/daisen-05212-dining-5005737.jpg,matched own listing photo
19,石臼挽き 純手打そば​ はなび野,https://img.bokenjapan.com/media/daisen-05212-dining-5010774.jpg,https://img.bokenjapan.com/media/daisen-05212-dining-5000739.jpg,matched own listing photo
22,麺屋恋恋,https://img.bokenjapan.com/media/daisen-05212-dining-5009985.jpg,,photo belonged to another card; no own photo found
23,焼肉 大同門 大曲店,https://img.bokenjapan.com/media/daisen-05212-dining-5003568.jpg,https://img.bokenjapan.com/media/daisen-05212-dining-5009985.jpg,matched own listing photo
24,Cafe ネノリア,https://img.bokenjapan.com/media/daisen-05212-dining-5009107.jpg,https://img.bokenjapan.com/media/daisen-05212-dining-5003568.jpg,matched own listing photo
25,エリヤ神岡,https://img.bokenjapan.com/media/daisen-05212-dining-5000979.jpg,https://img.bokenjapan.com/media/daisen-05212-dining-5009107.jpg,matched own listing photo
26,横丁盛場 キンギョ,https://img.bokenjapan.com/media/daisen-05212-dining-5009199.jpg,https://img.bokenjapan.com/media/daisen-05212-dining-5000979.jpg,matched own listing photo
27,南園,https://img.bokenjapan.com/media/daisen-05212-dining-5000981.jpg,https://img.bokenjapan.com/media/daisen-05212-dining-5009199.jpg,matched own listing photo
28,プラスカフェ 大曲駅店,https://img.bokenjapan.com/media/daisen-05212-dining-5007048.jpg,https://img.bokenjapan.com/media/daisen-05212-dining-5000981.jpg,matched own listing photo
29,ゴールデンファイブヌードル,https://img.bokenjapan.com/media/daisen-05212-dining-5006789.jpg,https://img.bokenjapan.com/media/daisen-05212-dining-5007048.jpg,matched own listing photo
30,道の駅 協和 四季の森,https://img.bokenjapan.com/media/daisen-05212-dining-5005779.jpg,https://img.bokenjapan.com/media/daisen-05212-dining-5006789.jpg,matched own listing photo
31,サンドーラ,https://img.bokenjapan.com/media/daisen-05212-dining-5004854.jpg,https://img.bokenjapan.com/media/daisen-05212-dining-5005779.jpg,matched own listing photo
32,パンプキンハウス,https://img.bokenjapan.com/media/daisen-05212-dining-5000754.jpg,https://img.bokenjapan.com/media/daisen-05212-dining-5004854.jpg,matched own listing photo
33,スパイスカリーハウスDIYO,https://img.bokenjapan.com/media/daisen-05212-dining-5007899.jpg,https://img.bokenjapan.com/media/daisen-05212-dining-5000754.jpg,matched own listing photo
34,ポットスチル,https://img.bokenjapan.com/media/daisen-05212-dining-5000912.jpg,https://img.bokenjapan.com/media/daisen-05212-dining-5007899.jpg,matched own listing photo
35,大来軒,https://img.bokenjapan.com/media/daisen-05212-dining-5000833.jpg,https://img.bokenjapan.com/media/daisen-05212-dining-5000912.jpg,matched own listing photo
36,ドライブイン原宿,https://img.bokenjapan.com/media/daisen-05212-dining-5006420.jpg,https://img.bokenjapan.com/media/daisen-05212-dining-5000833.jpg,matched own listing photo
37,道の駅かみおか 茶屋っこ一里塚,https://img.bokenjapan.com/media/daisen-05212-dining-5005245.jpg,https://img.bokenjapan.com/media/daisen-05212-dining-5006420.jpg,matched own listing photo
38,としま,https://img.bokenjapan.com/media/daisen-05212-dining-5006849.jpg,https://img.bokenjapan.com/media/daisen-05212-dining-5005245.jpg,matched own listing photo
39,つじや 中通本店,https://img.bokenjapan.com/media/daisen-05212-dining-5005120.jpg,https://img.bokenjapan.com/media/daisen-05212-dining-5006849.jpg,matched own listing photo
42,エスプレッソ ワンオンス,https://img.bokenjapan.com/media/daisen-05212-dining-5008770.jpg,,photo belonged to another card; no own photo found
43,らぁ麺 まっちゃん,https://img.bokenjapan.com/media/daisen-05212-dining-5010799.jpg,https://img.bokenjapan.com/media/daisen-05212-dining-5008770.jpg,matched own listing photo
44,三日月珈琲店,https://img.bokenjapan.com/media/daisen-05212-dining-5008551.jpg,https://img.bokenjapan.com/media/daisen-05212-dining-5010799.jpg,matched own listing photo
45,ドッピオ コーヒー ファクトリー,https://img.bokenjapan.com/media/daisen-05212-dining-5007612.jpg,https://img.bokenjapan.com/media/daisen-05212-dining-5008551.jpg,matched own listing photo
46,FEIR,https://img.bokenjapan.com/media/daisen-05212-dining-5000683.jpg,https://img.bokenjapan.com/media/daisen-05212-dining-5007612.jpg,matched own listing photo
47,ちさか,https://img.bokenjapan.com/media/daisen-05212-dining-5006963.jpg,https://img.bokenjapan.com/media/daisen-05212-dining-5000683.jpg,matched own listing photo
48,酒食屋つくし,https://img.bokenjapan.com/media/daisen-05212-dining-5001931.jpg,https://img.bokenjapan.com/media/daisen-05212-dining-5006963.jpg,matched own listing photo
49,中華そば店 一しな,https://img.bokenjapan.com/media/daisen-05212-dining-5000642.jpg,https://img.bokenjapan.com/media/daisen-05212-dining-5001931.jpg,matched own listing photo
50,無弐,https://img.bokenjapan.com/media/daisen-05212-dining-5006547.jpg,https://img.bokenjapan.com/media/daisen-05212-dining-5000642.jpg,matched own listing photo
51,coco cony,https://img.bokenjapan.com/media/daisen-05212-dining-5010242.jpg,,photo belonged to another card; no own photo found
52,大曲食堂,https://img.bokenjapan.com/media/daisen-05212-dining-5008207.jpg,https://img.bokenjapan.com/media/daisen-05212-dining-5010242.jpg,matched own listing photo
53,回鮮寿司さこう,https://img.bokenjapan.com/media/daisen-05212-dining-5000515.jpg,https://img.bokenjapan.com/media/daisen-05212-dining-5008207.jpg,matched own listing photo
54,たまごの樹 大曲店,https://img.bokenjapan.com/media/daisen-05212-dining-5005840.jpg,https://img.bokenjapan.com/media/daisen-05212-dining-5000515.jpg,matched own listing photo
55,コーナー ゲート バーガー,https://img.bokenjapan.com/media/daisen-05212-dining-5009373.jpg,https://img.bokenjapan.com/media/daisen-05212-dining-5005840.jpg,matched own listing photo
56,とら吉,https://img.bokenjapan.com/media/daisen-05212-dining-5005669.jpg,https://img.bokenjapan.com/media/daisen-05212-dining-5009373.jpg,matched own listing photo
57,kirinの木,https://img.bokenjapan.com/media/daisen-05212-dining-5008732.jpg,https://img.bokenjapan.com/media/daisen-05212-dining-5005669.jpg,matched own listing photo
58,美春,https://img.bokenjapan.com/media/daisen-05212-dining-5004992.jpg,https://img.bokenjapan.com/media/daisen-05212-dining-5008732.jpg,matched own listing photo
61,丸駒食堂,https://img.bokenjapan.com/media/daisen-05212-dining-5002358.jpg,https://img.bokenjapan.com/media/daisen-05212-dining-5002358.jpg,kept (not verifiable against listing)
62,繁昌軒 本店,https://img.bokenjapan.com/media/daisen-05212-dining-5000441.jpg,,photo belonged to another card; no own photo found
63,RA-MEN HARA8,https://img.bokenjapan.com/media/daisen-05212-dining-5008495.jpg,https://img.bokenjapan.com/media/daisen-05212-dining-5000441.jpg,matched own listing photo
64,自家製麺 ラーメン玄武,https://img.bokenjapan.com/media/daisen-05212-dining-5008868.jpg,https://img.bokenjapan.com/media/daisen-05212-dining-5008495.jpg,matched own listing photo
65,いっぷくや,https://img.bokenjapan.com/media/daisen-05212-dining-5007793.jpg,https://img.bokenjapan.com/media/daisen-05212-dining-5008868.jpg,matched own listing photo
66,ブーランジェリールロン,https://img.bokenjapan.com/media/daisen-05212-dining-5008961.jpg,https://img.bokenjapan.com/media/daisen-05212-dining-5007793.jpg,matched own listing photo
67,パンヤ カトウ,https://img.bokenjapan.com/media/daisen-05212-dining-5003588.jpg,https://img.bokenjapan.com/media/daisen-05212-dining-5008961.jpg,matched own listing photo
68,崎さん家,https://img.bokenjapan.com/media/daisen-05212-dining-5002898.jpg,https://img.bokenjapan.com/media/daisen-05212-dining-5003588.jpg,matched own listing photo
69,ラーメン みちのく,https://img.bokenjapan.com/media/daisen-05212-dining-5010922.jpg,https://img.bokenjapan.com/media/daisen-05212-dining-5002898.jpg,matched own listing photo
70,らーめん 光べい,https://img.bokenjapan.com/media/daisen-05212-dining-5010767.jpg,https://img.bokenjapan.com/media/daisen-05212-dining-5010922.jpg,matched own listing photo
71,久兵衛,https://img.bokenjapan.com/media/daisen-05212-dining-5000657.jpg,https://img.bokenjapan.com/media/daisen-05212-dining-5010767.jpg,matched own listing photo
72,ゆかり堂製菓 中仙店,https://img.bokenjapan.com/media/daisen-05212-dining-5005035.jpg,,photo belonged to another card; no own photo found
73,高梨商店,https://img.bokenjapan.com/media/daisen-05212-dining-5009589.jpg,https://img.bokenjapan.com/media/daisen-05212-dining-5005035.jpg,matched own listing photo
74,創作ダイニング古休,https://img.bokenjapan.com/media/daisen-05212-dining-5003653.jpg,https://img.bokenjapan.com/media/daisen-05212-dining-5009589.jpg,matched own listing photo
75,カフェ アウル,https://img.bokenjapan.com/media/daisen-05212-dining-5008170.jpg,https://img.bokenjapan.com/media/daisen-05212-dining-5003653.jpg,matched own listing photo
76,秋田大曲 フォレストリゾート 山の手ホテル,https://img.bokenjapan.com/media/daisen-05212-dining-5011569.jpg,https://img.bokenjapan.com/media/daisen-05212-dining-5008170.jpg,matched own listing photo
77,ラーメンショップ 四ツ屋店,https://img.bokenjapan.com/media/daisen-05212-dining-5000808.jpg,https://img.bokenjapan.com/media/daisen-05212-dining-5011569.jpg,matched own listing photo
80,仙岩峠の茶屋 大曲店,https://img.bokenjapan.com/media/daisen-05212-dining-5008863.jpg,,photo belonged to another card; no own photo found
81,道の駅なかせん,https://img.bokenjapan.com/media/daisen-05212-dining-5005738.jpg,https://img.bokenjapan.com/media/daisen-05212-dining-5008863.jpg,matched own listing photo
82,麺屋 燈,https://img.bokenjapan.com/media/daisen-05212-dining-5010870.jpg,https://img.bokenjapan.com/media/daisen-05212-dining-5005738.jpg,matched own listing photo
83,パティスリードゥー,https://img.bokenjapan.com/media/daisen-05212-dining-5008974.jpg,https://img.bokenjapan.com/media/daisen-05212-dining-5010870.jpg,matched own listing photo
84,FOG coffee,https://img.bokenjapan.com/media/daisen-05212-dining-5007171.jpg,https://img.bokenjapan.com/media/daisen-05212-dining-5008974.jpg,matched own listing photo
85,じゅがーる,https://img.bokenjapan.com/media/daisen-05212-dining-5000581.jpg,https://img.bokenjapan.com/media/daisen-05212-dining-5007171.jpg,matched own listing photo
86,CRAFT KITCHEN KYM'S,https://img.bokenjapan.com/media/daisen-05212-dining-5011305.jpg,https://img.bokenjapan.com/media/daisen-05212-dining-5000581.jpg,matched own listing photo
87,じだい屋 本店,https://img.bokenjapan.com/media/daisen-05212-dining-5010650.jpg,https://img.bokenjapan.com/media/daisen-05212-dining-5011305.jpg,matched own listing photo
88,繁昌軒 支店,https://img.bokenjapan.com/media/daisen-05212-dining-5001711.jpg,https://img.bokenjapan.com/media/daisen-05212-dining-5010650.jpg,matched own listing photo
89,味楽食堂,https://img.bokenjapan.com/media/daisen-05212-dining-5002053.jpg,https://img.bokenjapan.com/media/daisen-05212-dining-5001711.jpg,matched own listing photo
90,和台所 花,https://img.bokenjapan.com/media/daisen-05212-dining-5000372.jpg,https://img.bokenjapan.com/media/daisen-05212-dining-5002053.jpg,matched own listing photo
91,田中屋本店,https://img.bokenjapan.com/media/daisen-05212-dining-5000662.jpg,https://img.bokenjapan.com/media/daisen-05212-dining-5000372.jpg,matched own listing photo
92,斎藤精肉店,https://img.bokenjapan.com/media/daisen-05212-dining-5005184.jpg,https://img.bokenjapan.com/media/daisen-05212-dining-5000662.jpg,matched own listing photo
93,焼肉 ほむら家 大仙店,https://img.bokenjapan.com/media/daisen-05212-dining-5001355.jpg,https://img.bokenjapan.com/media/daisen-05212-dining-5005184.jpg,matched own listing photo
94,ばん酌家 まんまる,https://img.bokenjapan.com/media/daisen-05212-dining-5009687.jpg,https://img.bokenjapan.com/media/daisen-05212-dining-5001355.jpg,matched own listing photo
95,小勝田,https://img.bokenjapan.com/media/daisen-05212-dining-5008972.jpg,https://img.bokenjapan.com/media/daisen-05212-dining-5009687.jpg,matched own listing photo
96,とんもと,https://img.bokenjapan.com/media/daisen-05212-dining-5002690.jpg,https://img.bokenjapan.com/media/daisen-05212-dining-5008972.jpg,matched own listing photo
97,福家,https://img.bokenjapan.com/media/daisen-05212-dining-5009281.jpg,https://img.bokenjapan.com/media/daisen-05212-dining-5002690.jpg,matched own listing photo
99,彩光らーめん,https://img.bokenjapan.com/media/daisen-05212-dining-5004997.jpg,,photo belonged to another card; no own photo found
100,台湾料理 六順園,https://img.bokenjapan.com/media/daisen-05212-dining-5006360.jpg,https://img.bokenjapan.com/media/daisen-05212-dining-5004997.jpg,matched own listing photo
101,大ちゃんラーメン,https://img.bokenjapan.com/media/daisen-05212-dining-5000655.jpg,https://img.bokenjapan.com/media/daisen-05212-dining-5006360.jpg,matched own listing photo
102,レストラン・ティファニー,https://img.bokenjapan.com/media/daisen-05212-dining-5003348.jpg,https://img.bokenjapan.com/media/daisen-05212-dining-5000655.jpg,matched own listing photo
103,博多豚骨 門濱屋,https://img.bokenjapan.com/media/daisen-05212-dining-5010991.jpg,https://img.bokenjapan.com/media/daisen-05212-dining-5003348.jpg,matched own listing photo
104,ら〜めん 仁喜,https://img.bokenjapan.com/media/daisen-05212-dining-5010453.jpg,https://img.bokenjapan.com/media/daisen-05212-dining-5010991.jpg,matched own listing photo
105,二十番食堂,https://img.bokenjapan.com/media/daisen-05212-dining-5009036.jpg,https://img.bokenjapan.com/media/daisen-05212-dining-5010453.jpg,matched own listing photo
106,ナベイク,https://img.bokenjapan.com/media/daisen-05212-dining-5009200.jpg,https://img.bokenjapan.com/media/daisen-05212-dining-5009036.jpg,matched own listing photo
107,焼きたてパン ポッポ,https://img.bokenjapan.com/media/daisen-05212-dining-5008941.jpg,https://img.bokenjapan.com/media/daisen-05212-dining-5009200.jpg,matched own listing photo
108,お宿 Onn 大曲の花火,https://img.bokenjapan.com/media/daisen-05212-dining-5011285.jpg,https://img.bokenjapan.com/media/daisen-05212-dining-5008941.jpg,matched own listing photo
109,ホテル富士,https://img.bokenjapan.com/media/daisen-05212-dining-5007600.jpg,https://img.bokenjapan.com/media/daisen-05212-dining-5011285.jpg,matched own listing photo
110,しゅしゅえっと まるしぇ,https://img.bokenjapan.com/media/daisen-05212-dining-5009137.jpg,https://img.bokenjapan.com/media/daisen-05212-dining-5007600.jpg,matched own listing photo
111,麺屋 風よおしえて,https://img.bokenjapan.com/media/daisen-05212-dining-5008234.jpg,https://img.bokenjapan.com/media/daisen-05212-dining-5009137.jpg,matched own listing photo
112,うまい一丸鮨 大曲店,https://img.bokenjapan.com/media/daisen-05212-dining-5004076.jpg,,photo belonged to another card; no own photo found
113,一福そば,https://img.bokenjapan.com/media/daisen-05212-dining-5001384.jpg,https://img.bokenjapan.com/media/daisen-05212-dining-5004076.jpg,matched own listing photo
114,かたつむり,https://img.bokenjapan.com/media/daisen-05212-dining-5001829.jpg,https://img.bokenjapan.com/media/daisen-05212-dining-5001384.jpg,matched own listing photo
115,弁天,https://img.bokenjapan.com/media/daisen-05212-dining-5003232.jpg,https://img.bokenjapan.com/media/daisen-05212-dining-5001829.jpg,matched own listing photo
118,田村商店,https://img.bokenjapan.com/media/daisen-05212-dining-5007705.jpg,,photo belonged to another card; no own photo found
119,ここる,https://img.bokenjapan.com/media/daisen-05212-dining-5008153.jpg,https://img.bokenjapan.com/media/daisen-05212-dining-5007705.jpg,matched own listing photo
120,クレピース,https://img.bokenjapan.com/media/daisen-05212-dining-5011323.jpg,https://img.bokenjapan.com/media/daisen-05212-dining-5008153.jpg,matched own listing photo
121,ラーメン 三刀流,https://img.bokenjapan.com/media/daisen-05212-dining-5010994.jpg,,photo belonged to another card; no own photo found
122,ら～めん笑,https://img.bokenjapan.com/media/daisen-05212-dining-5008197.jpg,https://img.bokenjapan.com/media/daisen-05212-dining-5010994.jpg,matched own listing photo
123,カツから家,https://img.bokenjapan.com/media/daisen-05212-dining-5008123.jpg,https://img.bokenjapan.com/media/daisen-05212-dining-5008197.jpg,matched own listing photo
124,ら・ぐう,https://img.bokenjapan.com/media/daisen-05212-dining-5001356.jpg,https://img.bokenjapan.com/media/daisen-05212-dining-5008123.jpg,matched own listing photo
125,ロイヤルセンチュリーゴルフ倶楽部,https://img.bokenjapan.com/media/daisen-05212-dining-5006070.jpg,https://img.bokenjapan.com/media/daisen-05212-dining-5001356.jpg,matched own listing photo
126,カフェ ビーコロ,https://img.bokenjapan.com/media/daisen-05212-dining-5008215.jpg,https://img.bokenjapan.com/media/daisen-05212-dining-5006070.jpg,matched own listing photo
127,かみおか屋台市場,https://img.bokenjapan.com/media/daisen-05212-dining-5010503.jpg,https://img.bokenjapan.com/media/daisen-05212-dining-5008215.jpg,matched own listing photo
128,山の手ホテルダイニングルーム,https://img.bokenjapan.com/media/daisen-05212-dining-5000297.jpg,https://img.bokenjapan.com/media/daisen-05212-dining-5010503.jpg,matched own listing photo
129,TOMOカフェ,https://img.bokenjapan.com/media/daisen-05212-dining-5007657.jpg,https://img.bokenjapan.com/media/daisen-05212-dining-5000297.jpg,matched own listing photo
130,肉のさとう,https://img.bokenjapan.com/media/daisen-05212-dining-5006502.jpg,https://img.bokenjapan.com/media/daisen-05212-dining-5007657.jpg,matched own listing photo
131,いこいカフェ,https://img.bokenjapan.com/media/daisen-05212-dining-5008154.jpg,https://img.bokenjapan.com/media/daisen-05212-dining-5006502.jpg,matched own listing photo
132,いたりあんはうす,https://img.bokenjapan.com/media/daisen-05212-dining-5002570.jpg,https://img.bokenjapan.com/media/daisen-05212-dining-5008154.jpg,matched own listing photo
133,レストラン 嶽,https://img.bokenjapan.com/media/daisen-05212-dining-5005016.jpg,https://img.bokenjapan.com/media/daisen-05212-dining-5002570.jpg,matched own listing photo
134,ほたる,https://img.bokenjapan.com/media/daisen-05212-dining-5002255.jpg,https://img.bokenjapan.com/media/daisen-05212-dining-5005016.jpg,matched own listing photo
137,四季料理居酒屋 くろいわ,https://img.bokenjapan.com/media/daisen-05212-dining-5010056.jpg,,photo belonged to another card; no own photo found
138,作助,https://img.bokenjapan.com/media/daisen-05212-dining-5006773.jpg,https://img.bokenjapan.com/media/daisen-05212-dining-5010056.jpg,matched own listing photo
139,伊藤菓子店,https://img.bokenjapan.com/media/daisen-05212-dining-5008432.jpg,https://img.bokenjapan.com/media/daisen-05212-dining-5006773.jpg,matched own listing photo
140,AZ DINER,https://img.bokenjapan.com/media/daisen-05212-dining-5010724.jpg,https://img.bokenjapan.com/media/daisen-05212-dining-5008432.jpg,matched own listing photo
141,ポルミート,https://img.bokenjapan.com/media/daisen-05212-dining-5011240.jpg,,photo belonged to another card; no own photo found
142,Aji-Q 協和店,https://img.bokenjapan.com/media/daisen-05212-dining-5006244.jpg,https://img.bokenjapan.com/media/daisen-05212-dining-5011240.jpg,matched own listing photo
143,麺屋あり坂,https://img.bokenjapan.com/media/daisen-05212-dining-5000375.jpg,https://img.bokenjapan.com/media/daisen-05212-dining-5006244.jpg,matched own listing photo
144,ラーメンショップ105,https://img.bokenjapan.com/media/daisen-05212-dining-5003411.jpg,https://img.bokenjapan.com/media/daisen-05212-dining-5000375.jpg,matched own listing photo
145,大昌苑,https://img.bokenjapan.com/media/daisen-05212-dining-5000887.jpg,https://img.bokenjapan.com/media/daisen-05212-dining-5003411.jpg,matched own listing photo
146,ショウコウドウ,https://img.bokenjapan.com/media/daisen-05212-dining-5003452.jpg,https://img.bokenjapan.com/media/daisen-05212-dining-5000887.jpg,matched own listing photo
147,大曲エンパイヤホテル レストラン・ネージュ,https://img.bokenjapan.com/media/daisen-05212-dining-5005064.jpg,https://img.bokenjapan.com/media/daisen-05212-dining-5003452.jpg,matched own listing photo
148,ラーメンハウス協和,https://img.bokenjapan.com/media/daisen-05212-dining-5007198.jpg,https://img.bokenjapan.com/media/daisen-05212-dining-5005064.jpg,matched own listing photo
149,大仙市観光情報センター グランポール,https://img.bokenjapan.com/media/daisen-05212-dining-5008198.jpg,https://img.bokenjapan.com/media/daisen-05212-dining-5007198.jpg,matched own listing photo
150,オレンジオーブン,https://img.bokenjapan.com/media/daisen-05212-dining-5000566.jpg,https://img.bokenjapan.com/media/daisen-05212-dining-5008198.jpg,matched own listing photo
151,和ダイニング ふじ,https://img.bokenjapan.com/media/daisen-05212-dining-5004891.jpg,https://img.bokenjapan.com/media/daisen-05212-dining-5000566.jpg,matched own listing photo
152,丹波光実食堂,https://img.bokenjapan.com/media/daisen-05212-dining-5001991.jpg,https://img.bokenjapan.com/media/daisen-05212-dining-5004891.jpg,matched own listing photo
155,居酒屋 大綱,https://img.bokenjapan.com/media/daisen-05212-dining-5004870.jpg,,photo belonged to another card; no own photo found
156,inabar,https://img.bokenjapan.com/media/daisen-05212-dining-5007964.jpg,https://img.bokenjapan.com/media/daisen-05212-dining-5004870.jpg,matched own listing photo
157,とがし,https://img.bokenjapan.com/media/daisen-05212-dining-5003647.jpg,https://img.bokenjapan.com/media/daisen-05212-dining-5007964.jpg,matched own listing photo
158,ねこピザ,https://img.bokenjapan.com/media/daisen-05212-dining-5010140.jpg,https://img.bokenjapan.com/media/daisen-05212-dining-5003647.jpg,matched own listing photo
159,ばっきゃ,https://img.bokenjapan.com/media/daisen-05212-dining-5002234.jpg,https://img.bokenjapan.com/media/daisen-05212-dining-5010140.jpg,matched own listing photo
160,寿し半,https://img.bokenjapan.com/media/daisen-05212-dining-5001550.jpg,https://img.bokenjapan.com/media/daisen-05212-dining-5002234.jpg,matched own listing photo
161,たむら屋,https://img.bokenjapan.com/media/daisen-05212-dining-5010355.jpg,https://img.bokenjapan.com/media/daisen-05212-dining-5001550.jpg,matched own listing photo
162,ちゃんす長野屋,https://img.bokenjapan.com/media/daisen-05212-dining-5002196.jpg,https://img.bokenjapan.com/media/daisen-05212-dining-5010355.jpg,matched own listing photo
163,大納川珈琲,https://img.bokenjapan.com/media/daisen-05212-dining-5011054.jpg,https://img.bokenjapan.com/media/daisen-05212-dining-5002196.jpg,matched own listing photo
164,堂本商店,https://img.bokenjapan.com/media/daisen-05212-dining-5000766.jpg,https://img.bokenjapan.com/media/daisen-05212-dining-5011054.jpg,matched own listing photo
165,あんてぃーく,https://img.bokenjapan.com/media/daisen-05212-dining-5005185.jpg,https://img.bokenjapan.com/media/daisen-05212-dining-5000766.jpg,matched own listing photo
166,リンガーハット イオンモール大曲店,https://img.bokenjapan.com/media/daisen-05212-dining-5005125.jpg,https://img.bokenjapan.com/media/daisen-05212-dining-5005185.jpg,matched own listing photo
167,ラーメンショップ 105 中仙店,https://img.bokenjapan.com/media/daisen-05212-dining-5006654.jpg,https://img.bokenjapan.com/media/daisen-05212-dining-5005125.jpg,matched own listing photo
168,十郎兵衛Labo,https://img.bokenjapan.com/media/daisen-05212-dining-5011599.jpg,https://img.bokenjapan.com/media/daisen-05212-dining-5006654.jpg,matched own listing photo
169,大曲エンパイヤホテル 和食・花菜野,https://img.bokenjapan.com/media/daisen-05212-dining-5005063.jpg,https://img.bokenjapan.com/media/daisen-05212-dining-5011599.jpg,matched own listing photo
170,まちかど酒場 つるかめ屋,https://img.bokenjapan.com/media/daisen-05212-dining-5011024.jpg,https://img.bokenjapan.com/media/daisen-05212-dining-5005063.jpg,matched own listing photo
171,鮨吉,https://img.bokenjapan.com/media/daisen-05212-dining-5003652.jpg,https://img.bokenjapan.com/media/daisen-05212-dining-5011024.jpg,matched own listing photo
172,鳥八,https://img.bokenjapan.com/media/daisen-05212-dining-5001150.jpg,https://img.bokenjapan.com/media/daisen-05212-dining-5003652.jpg,matched own listing photo
175,ファミリーマート 西仙北SA店,https://img.bokenjapan.com/media/daisen-05212-dining-5007723.jpg,,photo belonged to another card; no own photo found
176,割烹 大和,https://img.bokenjapan.com/media/daisen-05212-dining-5003946.jpg,https://img.bokenjapan.com/media/daisen-05212-dining-5007723.jpg,matched own listing photo
177,G食堂 大曲店,https://img.bokenjapan.com/media/daisen-05212-dining-5008168.jpg,https://img.bokenjapan.com/media/daisen-05212-dining-5003946.jpg,matched own listing photo
178,れんたろう,https://img.bokenjapan.com/media/daisen-05212-dining-5000804.jpg,https://img.bokenjapan.com/media/daisen-05212-dining-5008168.jpg,matched own listing photo
179,かがりび,https://img.bokenjapan.com/media/daisen-05212-dining-5007202.jpg,https://img.bokenjapan.com/media/daisen-05212-dining-5000804.jpg,matched own listing photo
180,ふじ村,https://img.bokenjapan.com/media/daisen-05212-dining-5002473.jpg,https://img.bokenjapan.com/media/daisen-05212-dining-5007202.jpg,matched own listing photo
181,居酒屋 デメキン,https://img.bokenjapan.com/media/daisen-05212-dining-5009661.jpg,https://img.bokenjapan.com/media/daisen-05212-dining-5002473.jpg,matched own listing photo
182,レストラン ひかり,https://img.bokenjapan.com/media/daisen-05212-dining-5009163.jpg,https://img.bokenjapan.com/media/daisen-05212-dining-5009661.jpg,matched own listing photo
183,発明料理 げんや,https://img.bokenjapan.com/media/daisen-05212-dining-5008070.jpg,https://img.bokenjapan.com/media/daisen-05212-dining-5009163.jpg,matched own listing photo
184,バザール 大曲店,https://img.bokenjapan.com/media/daisen-05212-dining-5008723.jpg,https://img.bokenjapan.com/media/daisen-05212-dining-5008070.jpg,matched own listing photo
185,ひのや,https://img.bokenjapan.com/media/daisen-05212-dining-5004228.jpg,https://img.bokenjapan.com/media/daisen-05212-dining-5008723.jpg,matched own listing photo
186,海老らっぴん,https://img.bokenjapan.com/media/daisen-05212-dining-5011600.jpg,https://img.bokenjapan.com/media/daisen-05212-dining-5004228.jpg,matched own listing photo
187,のもか,https://img.bokenjapan.com/media/daisen-05212-dining-5011158.jpg,https://img.bokenjapan.com/media/daisen-05212-dining-5011600.jpg,matched own listing photo
188,余目 そば処,https://img.bokenjapan.com/media/daisen-05212-dining-5009891.jpg,https://img.bokenjapan.com/media/daisen-05212-dining-5011158.jpg,matched own listing photo
189,HARRY,https://img.bokenjapan.com/media/daisen-05212-dining-5002470.jpg,https://img.bokenjapan.com/media/daisen-05212-dining-5009891.jpg,matched own listing photo
190,亥,https://img.bokenjapan.com/media/daisen-05212-dining-5011325.jpg,https://img.bokenjapan.com/media/daisen-05212-dining-5002470.jpg,matched own listing photo
191,やかた,https://img.bokenjapan.com/media/daisen-05212-dining-5003620.jpg,https://img.bokenjapan.com/media/daisen-05212-dining-5011325.jpg,matched own listing photo
192,はんあり,https://img.bokenjapan.com/media/daisen-05212-dining-5011553.jpg,https://img.bokenjapan.com/media/daisen-05212-dining-5003620.jpg,matched own listing photo
195,スターバックス・コーヒー イオンモール大曲店,https://img.bokenjapan.com/media/daisen-05212-dining-5000726.jpg,,photo belonged to another card; no own photo found
196,トレンタ 大曲本店,https://img.bokenjapan.com/media/daisen-05212-dining-5004859.jpg,https://img.bokenjapan.com/media/daisen-05212-dining-5000726.jpg,matched own listing photo
197,サイゼリヤ イオンモール大曲店,https://img.bokenjapan.com/media/daisen-05212-dining-5010181.jpg,https://img.bokenjapan.com/media/daisen-05212-dining-5004859.jpg,matched own listing photo
198,はなまるうどん イオンモール大曲店,https://img.bokenjapan.com/media/daisen-05212-dining-5004072.jpg,https://img.bokenjapan.com/media/daisen-05212-dining-5010181.jpg,matched own listing photo
199,お茶の井ヶ田 喜久水庵 イオンモール大曲店,https://img.bokenjapan.com/media/daisen-05212-dining-5004450.jpg,https://img.bokenjapan.com/media/daisen-05212-dining-5004072.jpg,matched own listing photo
200,南部家敷 大曲店,https://img.bokenjapan.com/media/daisen-05212-dining-5005890.jpg,https://img.bokenjapan.com/media/daisen-05212-dining-5004450.jpg,matched own listing photo
201,マクドナルド イオンモール大曲店,https://img.bokenjapan.com/media/daisen-05212-dining-5003840.jpg,https://img.bokenjapan.com/media/daisen-05212-dining-5005890.jpg,matched own listing photo
202,からあげ専門 まつむら商店 イオンモール大曲店,https://img.bokenjapan.com/media/daisen-05212-dining-5009542.jpg,https://img.bokenjapan.com/media/daisen-05212-dining-5003840.jpg,matched own listing photo
203,爺森,https://img.bokenjapan.com/media/daisen-05212-dining-5005012.jpg,https://img.bokenjapan.com/media/daisen-05212-dining-5009542.jpg,matched own listing photo
204,日本料理 花よし,https://img.bokenjapan.com/media/daisen-05212-dining-5000330.jpg,https://img.bokenjapan.com/media/daisen-05212-dining-5005012.jpg,matched own listing photo
205,デイリーヤマザキ 大曲西店,https://img.bokenjapan.com/media/daisen-05212-dining-5008258.jpg,https://img.bokenjapan.com/media/daisen-05212-dining-5000330.jpg,matched own listing photo
206,レストラン リヴィエール,https://img.bokenjapan.com/media/daisen-05212-dining-5008329.jpg,https://img.bokenjapan.com/media/daisen-05212-dining-5008258.jpg,matched own listing photo
207,おやつの店 さぬき,https://img.bokenjapan.com/media/daisen-05212-dining-5008325.jpg,https://img.bokenjapan.com/media/daisen-05212-dining-5008329.jpg,matched own listing photo
208,秋田清酒株式会社,https://img.bokenjapan.com/media/daisen-05212-dining-5008094.jpg,https://img.bokenjapan.com/media/daisen-05212-dining-5008325.jpg,matched own listing photo
209,NewDays KIOSK 大曲駅待合室店,https://img.bokenjapan.com/media/daisen-05212-dining-5010953.jpg,https://img.bokenjapan.com/media/daisen-05212-dining-5008094.jpg,matched own listing photo
210,やきとりおんどり,https://img.bokenjapan.com/media/daisen-05212-dining-5003531.jpg,,photo belonged to another card; no own photo found
211,ママキッチン シレーヌ,https://img.bokenjapan.com/media/daisen-05212-dining-5004613.jpg,https://img.bokenjapan.com/media/daisen-05212-dining-5003531.jpg,matched own listing photo
214,fan,https://img.bokenjapan.com/media/daisen-05212-dining-5006929.jpg,,photo belonged to another card; no own photo found
215,酒楽ダイニング 陣,https://img.bokenjapan.com/media/daisen-05212-dining-5008875.jpg,https://img.bokenjapan.com/media/daisen-05212-dining-5006929.jpg,matched own listing photo
216,田中屋 支店,https://img.bokenjapan.com/media/daisen-05212-dining-5003228.jpg,https://img.bokenjapan.com/media/daisen-05212-dining-5008875.jpg,matched own listing photo
217,オリジナルケーキおぐに,https://img.bokenjapan.com/media/daisen-05212-dining-5004777.jpg,https://img.bokenjapan.com/media/daisen-05212-dining-5003228.jpg,matched own listing photo
218,Bar JAPAN,https://img.bokenjapan.com/media/daisen-05212-dining-5011584.jpg,https://img.bokenjapan.com/media/daisen-05212-dining-5004777.jpg,matched own listing photo
219,福芳,https://img.bokenjapan.com/media/daisen-05212-dining-5003046.jpg,https://img.bokenjapan.com/media/daisen-05212-dining-5011584.jpg,matched own listing photo
220,ごんぐ,https://img.bokenjapan.com/media/daisen-05212-dining-5002448.jpg,https://img.bokenjapan.com/media/daisen-05212-dining-5003046.jpg,matched own listing photo
221,町家Caffe ぱらんせ,https://img.bokenjapan.com/media/daisen-05212-dining-5010720.jpg,https://img.bokenjapan.com/media/daisen-05212-dining-5002448.jpg,matched own listing photo
222,総本家しなとら 戸蒔店,https://img.bokenjapan.com/media/daisen-05212-dining-5004061.jpg,https://img.bokenjapan.com/media/daisen-05212-dining-5010720.jpg,matched own listing photo
223,くるまやラーメン 大曲店,https://img.bokenjapan.com/media/daisen-05212-dining-5004055.jpg,https://img.bokenjapan.com/media/daisen-05212-dining-5004061.jpg,matched own listing photo
224,Aji-Q 神岡店,https://img.bokenjapan.com/media/daisen-05212-dining-5007365.jpg,https://img.bokenjapan.com/media/daisen-05212-dining-5004055.jpg,matched own listing photo
225,かつさと 大曲店,https://img.bokenjapan.com/media/daisen-05212-dining-5011039.jpg,https://img.bokenjapan.com/media/daisen-05212-dining-5007365.jpg,matched own listing photo
226,すき家 105号大仙北長野店,https://img.bokenjapan.com/media/daisen-05212-dining-5007128.jpg,https://img.bokenjapan.com/media/daisen-05212-dining-5011039.jpg,matched own listing photo
227,ケンタッキーフライドチキン イオンモール大曲店,https://img.bokenjapan.com/media/daisen-05212-dining-5004708.jpg,https://img.bokenjapan.com/media/daisen-05212-dining-5007128.jpg,matched own listing photo
228,鈴木酒造店,https://img.bokenjapan.com/media/daisen-05212-dining-5007607.jpg,https://img.bokenjapan.com/media/daisen-05212-dining-5004708.jpg,matched own listing photo
229,拉麺 ゆうき,https://img.bokenjapan.com/media/daisen-05212-dining-5006063.jpg,https://img.bokenjapan.com/media/daisen-05212-dining-5007607.jpg,matched own listing photo
230,協和の枝豆屋　ソウヘイ,https://img.bokenjapan.com/media/daisen-05212-dining-5008262.jpg,https://img.bokenjapan.com/media/daisen-05212-dining-5006063.jpg,matched own listing photo
231,ひだまり食堂,https://img.bokenjapan.com/media/daisen-05212-dining-5011093.jpg,https://img.bokenjapan.com/media/daisen-05212-dining-5008262.jpg,matched own listing photo
234,呑龍,https://img.bokenjapan.com/media/daisen-05212-dining-5001276.jpg,,photo belonged to another card; no own photo found
235,魚魚,https://img.bokenjapan.com/media/daisen-05212-dining-5006472.jpg,https://img.bokenjapan.com/media/daisen-05212-dining-5001276.jpg,matched own listing photo
236,番屋  大曲駅前店,https://img.bokenjapan.com/media/daisen-05212-dining-5011669.jpg,https://img.bokenjapan.com/media/daisen-05212-dining-5006472.jpg,matched own listing photo
237,だいこく,https://img.bokenjapan.com/media/daisen-05212-dining-5002457.jpg,https://img.bokenjapan.com/media/daisen-05212-dining-5011669.jpg,matched own listing photo
238,ゴルフレストラン,https://img.bokenjapan.com/media/daisen-05212-dining-5011434.jpg,https://img.bokenjapan.com/media/daisen-05212-dining-5002457.jpg,matched own listing photo
239,chan_pon,https://img.bokenjapan.com/media/daisen-05212-dining-5011581.jpg,https://img.bokenjapan.com/media/daisen-05212-dining-5011434.jpg,matched own listing photo
240,ホルモン家てつ,https://img.bokenjapan.com/media/daisen-05212-dining-5003576.jpg,https://img.bokenjapan.com/media/daisen-05212-dining-5011581.jpg,matched own listing photo
241,RUSH‐BAR,https://img.bokenjapan.com/media/daisen-05212-dining-5004109.jpg,https://img.bokenjapan.com/media/daisen-05212-dining-5003576.jpg,matched own listing photo
242,野食居酒屋 いずみ,https://img.bokenjapan.com/media/daisen-05212-dining-5011811.jpg,https://img.bokenjapan.com/media/daisen-05212-dining-5004109.jpg,matched own listing photo
243,旬,https://img.bokenjapan.com/media/daisen-05212-dining-5001149.jpg,https://img.bokenjapan.com/media/daisen-05212-dining-5011811.jpg,matched own listing photo
244,ふれあい食堂,https://img.bokenjapan.com/media/daisen-05212-dining-5011034.jpg,https://img.bokenjapan.com/media/daisen-05212-dining-5001149.jpg,matched own listing photo
245,野ぎく,https://img.bokenjapan.com/media/daisen-05212-dining-5003067.jpg,https://img.bokenjapan.com/media/daisen-05212-dining-5011034.jpg,matched own listing photo
246,こみっと,https://img.bokenjapan.com/media/daisen-05212-dining-5010877.jpg,https://img.bokenjapan.com/media/daisen-05212-dining-5003067.jpg,matched own listing photo
247,築地銀だこ イオンモール大曲店,https://img.bokenjapan.com/media/daisen-05212-dining-5002421.jpg,https://img.bokenjapan.com/media/daisen-05212-dining-5010877.jpg,matched own listing photo
248,CoCo壱番屋 大曲東川店,https://img.bokenjapan.com/media/daisen-05212-dining-5003183.jpg,https://img.bokenjapan.com/media/daisen-05212-dining-5002421.jpg,matched own listing photo
249,幸楽苑 大曲店,https://img.bokenjapan.com/media/daisen-05212-dining-5006846.jpg,https://img.bokenjapan.com/media/daisen-05212-dining-5003183.jpg,matched own listing photo
250,かっぱ寿司 大仙店,https://img.bokenjapan.com/media/daisen-05212-dining-5004370.jpg,https://img.bokenjapan.com/media/daisen-05212-dining-5006846.jpg,matched own listing photo
251,果汁工房 果琳 イオンモール大曲店,https://img.bokenjapan.com/media/daisen-05212-dining-5005747.jpg,https://img.bokenjapan.com/media/daisen-05212-dining-5004370.jpg,matched own listing photo
254,いろはにほへと 大曲駅前店,https://img.bokenjapan.com/media/daisen-05212-dining-5010679.jpg,,photo belonged to another card; no own photo found
255,ガスト 大曲店,https://img.bokenjapan.com/media/daisen-05212-dining-5007134.jpg,https://img.bokenjapan.com/media/daisen-05212-dining-5010679.jpg,matched own listing photo
256,おひつごはん 四六時中 大曲店,https://img.bokenjapan.com/media/daisen-05212-dining-5005746.jpg,https://img.bokenjapan.com/media/daisen-05212-dining-5007134.jpg,matched own listing photo
257,ペッパーランチ イオンモール大曲店,https://img.bokenjapan.com/media/daisen-05212-dining-5008866.jpg,https://img.bokenjapan.com/media/daisen-05212-dining-5005746.jpg,matched own listing photo
258,ナガハマコーヒー 大曲店,https://img.bokenjapan.com/media/daisen-05212-dining-5002216.jpg,https://img.bokenjapan.com/media/daisen-05212-dining-5008866.jpg,matched own listing photo
259,マクドナルド イオン中仙店,https://img.bokenjapan.com/media/daisen-05212-dining-5003841.jpg,https://img.bokenjapan.com/media/daisen-05212-dining-5002216.jpg,matched own listing photo
260,ミスタードーナツ 大曲ショップ,https://img.bokenjapan.com/media/daisen-05212-dining-5004628.jpg,https://img.bokenjapan.com/media/daisen-05212-dining-5003841.jpg,matched own listing photo
261,桜食品農事組合法人,https://img.bokenjapan.com/media/daisen-05212-dining-5008632.jpg,https://img.bokenjapan.com/media/daisen-05212-dining-5004628.jpg,matched own listing photo
262,和風レストランまるまつ 大曲店,https://img.bokenjapan.com/media/daisen-05212-dining-5003211.jpg,https://img.bokenjapan.com/media/daisen-05212-dining-5008632.jpg,matched own listing photo
263,白木屋 大曲西口駅前店,https://img.bokenjapan.com/media/daisen-05212-dining-5003894.jpg,https://img.bokenjapan.com/media/daisen-05212-dining-5003211.jpg,matched own listing photo
264,ココス 大仙店,https://img.bokenjapan.com/media/daisen-05212-dining-5003912.jpg,https://img.bokenjapan.com/media/daisen-05212-dining-5003894.jpg,matched own listing photo
265,牛角 大曲店,https://img.bokenjapan.com/media/daisen-05212-dining-5010533.jpg,https://img.bokenjapan.com/media/daisen-05212-dining-5003912.jpg,matched own listing photo
266,はま寿司 大仙大曲店,https://img.bokenjapan.com/media/daisen-05212-dining-5010725.jpg,https://img.bokenjapan.com/media/daisen-05212-dining-5010533.jpg,matched own listing photo
267,串カツ田中 大曲駅前店,https://img.bokenjapan.com/media/daisen-05212-dining-5011510.jpg,https://img.bokenjapan.com/media/daisen-05212-dining-5010725.jpg,matched own listing photo
268,サーティワンアイスクリーム イオンモール大曲店,https://img.bokenjapan.com/media/daisen-05212-dining-5004665.jpg,https://img.bokenjapan.com/media/daisen-05212-dining-5011510.jpg,matched own listing photo
269,農産物直売所おひさまマルシェ,https://img.bokenjapan.com/media/daisen-05212-dining-5008152.jpg,https://img.bokenjapan.com/media/daisen-05212-dining-5004665.jpg,matched own listing photo
270,食事処 いおり,https://img.bokenjapan.com/media/daisen-05212-dining-5009235.jpg,https://img.bokenjapan.com/media/daisen-05212-dining-5008152.jpg,matched own listing photo
271,不二家 イオン大曲店,https://img.bokenjapan.com/media/daisen-05212-dining-5004736.jpg,https://img.bokenjapan.com/media/daisen-05212-dining-5009235.jpg,matched own listing photo
274,福乃友,https://img.bokenjapan.com/media/daisen-05212-dining-5007077.jpg,,photo belonged to another card; no own photo found
275,肉のわかば 大曲店,https://img.bokenjapan.com/media/daisen-05212-dining-5006503.jpg,https://img.bokenjapan.com/media/daisen-05212-dining-5007077.jpg,matched own listing photo
276,エッテ ケーキショップ,https://img.bokenjapan.com/media/daisen-05212-dining-5009225.jpg,https://img.bokenjapan.com/media/daisen-05212-dining-5006503.jpg,matched own listing photo
277,毎日大曲,https://img.bokenjapan.com/media/daisen-05212-dining-5007483.jpg,https://img.bokenjapan.com/media/daisen-05212-dining-5009225.jpg,matched own listing photo
278,シャトレーゼ 大曲店,https://img.bokenjapan.com/media/daisen-05212-dining-5010586.jpg,https://img.bokenjapan.com/media/daisen-05212-dining-5007483.jpg,matched own listing photo
279,あじまん本舗 コメリ大曲店,https://img.bokenjapan.com/media/daisen-05212-dining-5007191.jpg,https://img.bokenjapan.com/media/daisen-05212-dining-5010586.jpg,matched own listing photo
280,きっかわ,https://img.bokenjapan.com/media/daisen-05212-dining-5005168.jpg,https://img.bokenjapan.com/media/daisen-05212-dining-5007191.jpg,matched own listing photo
281,伊万里,https://img.bokenjapan.com/media/daisen-05212-dining-5004672.jpg,,photo belonged to another card; no own photo found
282,風扇,https://img.bokenjapan.com/media/daisen-05212-dining-5009755.jpg,https://img.bokenjapan.com/media/daisen-05212-dining-5004672.jpg,matched own listing photo
283,たぢはん 長野店,https://img.bokenjapan.com/media/daisen-05212-dining-5002427.jpg,https://img.bokenjapan.com/media/daisen-05212-dining-5009755.jpg,matched own listing photo
284,カネトク酒市場,https://img.bokenjapan.com/media/daisen-05212-dining-5009136.jpg,https://img.bokenjapan.com/media/daisen-05212-dining-5002427.jpg,matched own listing photo
286,和食庵 東兵衛屋敷,https://img.bokenjapan.com/media/daisen-05212-dining-5003657.jpg,https://img.bokenjapan.com/media/daisen-05212-dining-5009136.jpg,matched own listing photo
287,まる八食堂,https://img.bokenjapan.com/media/daisen-05212-dining-5003160.jpg,https://img.bokenjapan.com/media/daisen-05212-dining-5003657.jpg,matched own listing photo
288,やをら,https://img.bokenjapan.com/media/daisen-05212-dining-5010150.jpg,https://img.bokenjapan.com/media/daisen-05212-dining-5003160.jpg,matched own listing photo
289,和栄堂,https://img.bokenjapan.com/media/daisen-05212-dining-5009167.jpg,https://img.bokenjapan.com/media/daisen-05212-dining-5010150.jpg,matched own listing photo
290,丸徳商店,https://img.bokenjapan.com/media/daisen-05212-dining-5006235.jpg,https://img.bokenjapan.com/media/daisen-05212-dining-5009167.jpg,matched own listing photo
291,クロスステージ,https://img.bokenjapan.com/media/daisen-05212-dining-5007482.jpg,https://img.bokenjapan.com/media/daisen-05212-dining-5006235.jpg,matched own listing photo
294,おおくぼ,https://img.bokenjapan.com/media/daisen-05212-dining-5009332.jpg,,photo belonged to another card; no own photo found
295,神岡物産館,https://img.bokenjapan.com/media/daisen-05212-dining-5010504.jpg,https://img.bokenjapan.com/media/daisen-05212-dining-5009332.jpg,matched own listing photo
296,中仙堂,https://img.bokenjapan.com/media/daisen-05212-dining-5004973.jpg,https://img.bokenjapan.com/media/daisen-05212-dining-5010504.jpg,matched own listing photo
297,LAWSON 大仙協和上淀川店,https://img.bokenjapan.com/media/daisen-05212-dining-5008706.jpg,https://img.bokenjapan.com/media/daisen-05212-dining-5004973.jpg,matched own listing photo
298,雪月花,https://img.bokenjapan.com/media/daisen-05212-dining-5006376.jpg,https://img.bokenjapan.com/media/daisen-05212-dining-5008706.jpg,matched own listing photo
299,福丸,https://img.bokenjapan.com/media/daisen-05212-dining-5011072.jpg,https://img.bokenjapan.com/media/daisen-05212-dining-5006376.jpg,matched own listing photo
300,めん太郎 秋田中仙店,https://img.bokenjapan.com/media/daisen-05212-dining-5007211.jpg,https://img.bokenjapan.com/media/daisen-05212-dining-5008369.jpg,matched own listing photo
301,ピザＪＰ 大曲店,https://img.bokenjapan.com/media/daisen-05212-dining-5001646.jpg,https://img.bokenjapan.com/media/daisen-05212-dining-5007211.jpg,matched own listing photo
302,奥田酒造店,https://img.bokenjapan.com/media/daisen-05212-dining-5009073.jpg,https://img.bokenjapan.com/media/daisen-05212-dining-5001646.jpg,matched own listing photo
303,お菓子のくらた イーストモール店,https://img.bokenjapan.com/media/daisen-05212-dining-5008948.jpg,https://img.bokenjapan.com/media/daisen-05212-dining-5009073.jpg,matched own listing photo
304,手作りハウス ふらっと,https://img.bokenjapan.com/media/daisen-05212-dining-5009747.jpg,https://img.bokenjapan.com/media/daisen-05212-dining-5008948.jpg,matched own listing photo
305,FOOD FREAK,https://img.bokenjapan.com/media/daisen-05212-dining-5010397.jpg,https://img.bokenjapan.com/media/daisen-05212-dining-5009747.jpg,matched own listing photo
306,I'm HAPPY,https://img.bokenjapan.com/media/daisen-05212-dining-5010753.jpg,https://img.bokenjapan.com/media/daisen-05212-dining-5010397.jpg,matched own listing photo
307,セブンイレブン 大仙福田町店,https://img.bokenjapan.com/media/daisen-05212-dining-5007883.jpg,https://img.bokenjapan.com/media/daisen-05212-dining-5010753.jpg,matched own listing photo
308,お菓子処 花咲,https://img.bokenjapan.com/media/daisen-05212-dining-5003765.jpg,https://img.bokenjapan.com/media/daisen-05212-dining-5007883.jpg,matched own listing photo
309,BERNARD イーストモール店,https://img.bokenjapan.com/media/daisen-05212-dining-5010854.jpg,https://img.bokenjapan.com/media/daisen-05212-dining-5003765.jpg,matched own listing photo
310,グレン,https://img.bokenjapan.com/media/daisen-05212-dining-5003771.jpg,https://img.bokenjapan.com/media/daisen-05212-dining-5010854.jpg,matched own listing photo
311,お菓子の家ふじた,https://img.bokenjapan.com/media/daisen-05212-dining-5005639.jpg,https://img.bokenjapan.com/media/daisen-05212-dining-5003771.jpg,matched own listing photo
314,ベルナール グランマート飯田店,https://img.bokenjapan.com/media/daisen-05212-dining-5010927.jpg,,photo belonged to another card; no own photo found
315,南外ふるさと館,https://img.bokenjapan.com/media/daisen-05212-dining-5010739.jpg,https://img.bokenjapan.com/media/daisen-05212-dining-5010927.jpg,matched own listing photo
316,LAWSON 大仙角間川町店,https://img.bokenjapan.com/media/daisen-05212-dining-5005769.jpg,https://img.bokenjapan.com/media/daisen-05212-dining-5010739.jpg,matched own listing photo
317,na.bitte,https://img.bokenjapan.com/media/daisen-05212-dining-5011213.jpg,https://img.bokenjapan.com/media/daisen-05212-dining-5005769.jpg,matched own listing photo
318,千寿し,https://img.bokenjapan.com/media/daisen-05212-dining-5003637.jpg,https://img.bokenjapan.com/media/daisen-05212-dining-5011213.jpg,matched own listing photo
319,イオンドリップカフェ イオンモール大曲店,https://img.bokenjapan.com/media/daisen-05212-dining-5010908.jpg,https://img.bokenjapan.com/media/daisen-05212-dining-5003637.jpg,matched own listing photo
320,宅配 仕出し お弁当 テイクアウト専門 河ドラ 協和店,https://img.bokenjapan.com/media/daisen-05212-dining-5009878.jpg,https://img.bokenjapan.com/media/daisen-05212-dining-5010908.jpg,matched own listing photo
321,よりみち,https://img.bokenjapan.com/media/daisen-05212-dining-5011085.jpg,https://img.bokenjapan.com/media/daisen-05212-dining-5009878.jpg,matched own listing photo
323,ベルナール,https://img.bokenjapan.com/media/daisen-05212-dining-5011815.jpg,https://img.bokenjapan.com/media/daisen-05212-dining-5011085.jpg,matched own listing photo
324,サンロード よねや大曲中央店,https://img.bokenjapan.com/media/daisen-05212-dining-5010926.jpg,https://img.bokenjapan.com/media/daisen-05212-dining-5011815.jpg,matched own listing photo
325,たろすけガーデンぱん,https://img.bokenjapan.com/media/daisen-05212-dining-5010849.jpg,https://img.bokenjapan.com/media/daisen-05212-dining-5010926.jpg,matched own listing photo
326,SUNROAD よねやとまき店,https://img.bokenjapan.com/media/daisen-05212-dining-5010853.jpg,https://img.bokenjapan.com/media/daisen-05212-dining-5010849.jpg,matched own listing photo
327,パン工場 イオン中仙店,https://img.bokenjapan.com/media/daisen-05212-dining-5011322.jpg,https://img.bokenjapan.com/media/daisen-05212-dining-5010853.jpg,matched own listing photo
328,TOMATO,https://img.bokenjapan.com/media/daisen-05212-dining-5011135.jpg,https://img.bokenjapan.com/media/daisen-05212-dining-5011322.jpg,matched own listing photo
329,やきとり シバタ 大曲店,https://img.bokenjapan.com/media/daisen-05212-dining-5010314.jpg,https://img.bokenjapan.com/media/daisen-05212-dining-5011135.jpg,matched own listing photo
330,NewDays 大曲,https://img.bokenjapan.com/media/daisen-05212-dining-5010919.jpg,https://img.bokenjapan.com/media/daisen-05212-dining-5010314.jpg,matched own listing photo
331,大綱食品,https://img.bokenjapan.com/media/daisen-05212-dining-5011000.jpg,https://img.bokenjapan.com/media/daisen-05212-dining-5010919.jpg,matched own listing photo
334,ファミリーマート 大曲上栄町店,https://img.bokenjapan.com/media/daisen-05212-dining-5008573.jpg,,photo belonged to another card; no own photo found
335,金紋秋田酒造,https://img.bokenjapan.com/media/daisen-05212-dining-5008350.jpg,https://img.bokenjapan.com/media/daisen-05212-dining-5008573.jpg,matched own listing photo
336,ファミリーマート 大仙かみおか店,https://img.bokenjapan.com/media/daisen-05212-dining-5009561.jpg,https://img.bokenjapan.com/media/daisen-05212-dining-5008350.jpg,matched own listing photo
337,銀座コージーコーナー イオン中仙店,https://img.bokenjapan.com/media/daisen-05212-dining-5004571.jpg,https://img.bokenjapan.com/media/daisen-05212-dining-5009561.jpg,matched own listing photo
338,ほっぺ,https://img.bokenjapan.com/media/daisen-05212-dining-5009481.jpg,https://img.bokenjapan.com/media/daisen-05212-dining-5004571.jpg,matched own listing photo
339,イーストモール,https://img.bokenjapan.com/media/daisen-05212-dining-5008498.jpg,https://img.bokenjapan.com/media/daisen-05212-dining-5009481.jpg,matched own listing photo
340,うさぎのしっぽ,https://img.bokenjapan.com/media/daisen-05212-dining-5001827.jpg,https://img.bokenjapan.com/media/daisen-05212-dining-5008498.jpg,matched own listing photo
341,おこめのさわた,https://img.bokenjapan.com/media/daisen-05212-dining-5010567.jpg,https://img.bokenjapan.com/media/daisen-05212-dining-5001827.jpg,matched own listing photo
342,イオンシネマ 大曲店,https://img.bokenjapan.com/media/daisen-05212-dining-5011160.jpg,https://img.bokenjapan.com/media/daisen-05212-dining-5010567.jpg,matched own listing photo
343,協和スキー場 レストラン,https://img.bokenjapan.com/media/daisen-05212-dining-5009819.jpg,https://img.bokenjapan.com/media/daisen-05212-dining-5011160.jpg,matched own listing photo
344,原料館,https://img.bokenjapan.com/media/daisen-05212-dining-5009457.jpg,https://img.bokenjapan.com/media/daisen-05212-dining-5009819.jpg,matched own listing photo
345,こめこめプラザ売店,https://img.bokenjapan.com/media/daisen-05212-dining-5010398.jpg,https://img.bokenjapan.com/media/daisen-05212-dining-5009457.jpg,matched own listing photo
346,お台所 mau,https://img.bokenjapan.com/media/daisen-05212-dining-5011683.jpg,https://img.bokenjapan.com/media/daisen-05212-dining-5010398.jpg,matched own listing photo
347,古巣菓子店,https://img.bokenjapan.com/media/daisen-05212-dining-5009334.jpg,https://img.bokenjapan.com/media/daisen-05212-dining-5011683.jpg,matched own listing photo
348,東北醤油,https://img.bokenjapan.com/media/daisen-05212-dining-5011407.jpg,https://img.bokenjapan.com/media/daisen-05212-dining-5009334.jpg,matched own listing photo
349,グリーンパレス 竹馬,https://img.bokenjapan.com/media/daisen-05212-dining-5009458.jpg,https://img.bokenjapan.com/media/daisen-05212-dining-5011407.jpg,matched own listing photo
350,大曲プラザ たつみ,https://img.bokenjapan.com/media/daisen-05212-dining-5009460.jpg,https://img.bokenjapan.com/media/daisen-05212-dining-5009458.jpg,matched own listing photo
354,ほっともっと 大曲田町店,https://img.bokenjapan.com/media/daisen-05212-dining-5008270.jpg,,photo belonged to another card; no own photo found
355,栗林精肉店,https://img.bokenjapan.com/media/daisen-05212-dining-5011548.jpg,https://img.bokenjapan.com/media/daisen-05212-dining-5008270.jpg,matched own listing photo
359,まる,https://img.bokenjapan.com/media/daisen-05212-dining-5002264.jpg,https://img.bokenjapan.com/media/daisen-05212-dining-5011548.jpg,matched own listing photo
360,居酒屋暖,https://img.bokenjapan.com/media/daisen-05212-dining-5001151.jpg,,photo belonged to another card; no own photo found
363,ふらっと,https://img.bokenjapan.com/media/daisen-05212-dining-5006340.jpg,https://img.bokenjapan.com/media/daisen-05212-dining-5001151.jpg,matched own listing photo
365,酔呼伝,https://img.bokenjapan.com/media/daisen-05212-dining-5001960.jpg,https://img.bokenjapan.com/media/daisen-05212-dining-5006340.jpg,matched own listing photo
367,つなぐ珈琲 1号店,https://img.bokenjapan.com/media/daisen-05212-dining-5011279.jpg,https://img.bokenjapan.com/media/daisen-05212-dining-5001960.jpg,matched own listing photo
369,昴,https://img.bokenjapan.com/media/daisen-05212-dining-5003087.jpg,https://img.bokenjapan.com/media/daisen-05212-dining-5011279.jpg,matched own listing photo
372,ローズメイ秋田工場,https://img.bokenjapan.com/media/daisen-05212-dining-5009409.jpg,,photo belonged to another card; no own photo found
373,ムーン・ライト,https://img.bokenjapan.com/media/daisen-05212-dining-5002766.jpg,https://img.bokenjapan.com/media/daisen-05212-dining-5009409.jpg,matched own listing photo
375,酒菜和,https://img.bokenjapan.com/media/daisen-05212-dining-5001928.jpg,https://img.bokenjapan.com/media/daisen-05212-dining-5002766.jpg,matched own listing photo
376,業務スーパー 大曲店,https://img.bokenjapan.com/media/daisen-05212-dining-5011783-p.webp,https://img.bokenjapan.com/media/daisen-05212-dining-5011783-p.webp,kept (not verifiable against listing)
378,居酒屋厨房 みっつん家,https://img.bokenjapan.com/media/daisen-05212-dining-5011131.jpg,https://img.bokenjapan.com/media/daisen-05212-dining-5001928.jpg,matched own listing photo
379,すづひろ,https://img.bokenjapan.com/media/daisen-05212-dining-5001421.jpg,https://img.bokenjapan.com/media/daisen-05212-dining-5011131.jpg,matched own listing photo
381,UNITED GRILL,https://img.bokenjapan.com/media/daisen-05212-dining-5011560.jpg,,photo belonged to another card; no own photo found
383,ピザハット 大曲店,https://img.bokenjapan.com/media/daisen-05212-dining-5011055.jpg,https://img.bokenjapan.com/media/daisen-05212-dining-5011560.jpg,matched own listing photo
384,LAWSON 大仙協和船岡店,https://img.bokenjapan.com/media/daisen-05212-dining-5010325.jpg,https://img.bokenjapan.com/media/daisen-05212-dining-5011055.jpg,matched own listing photo
385,焼き鳥 ゆうちゃん 大仙神岡店,https://img.bokenjapan.com/media/daisen-05212-dining-5010910.jpg,https://img.bokenjapan.com/media/daisen-05212-dining-5010325.jpg,matched own listing photo
386,神宮寺観光果樹園,https://img.bokenjapan.com/media/daisen-05212-dining-5011673.jpg,https://img.bokenjapan.com/media/daisen-05212-dining-5010910.jpg,matched own listing photo
388,じぱんぐ亭,https://img.bokenjapan.com/media/daisen-05212-dining-5007514.jpg,https://img.bokenjapan.com/media/daisen-05212-dining-5007514.jpg,kept (not verifiable against listing)
391,ファミリーマート 大仙協和店,https://img.bokenjapan.com/media/daisen-05212-dining-5008584.jpg,https://img.bokenjapan.com/media/daisen-05212-dining-5008584.jpg,kept (not verifiable against listing)
469,高幸食堂,https://img.bokenjapan.com/media/daisen-05212-dining-ta7544257-p.webp,https://img.bokenjapan.com/media/daisen-05212-dining-ta7544257-p.webp,kept (not verifiable against listing)
497,くらた 大曲店,https://img.bokenjapan.com/media/daisen-05212-dining-ta13044285-p.webp,https://img.bokenjapan.com/media/daisen-05212-dining-ta23.jpg,matched own listing photo
504,ふじまさ,https://img.bokenjapan.com/media/daisen-05212-dining-ta7633665-p.webp,https://img.bokenjapan.com/media/daisen-05212-dining-ta7633665-p.webp,kept (not verifiable against listing)
505,縁側カフェ作助,https://img.bokenjapan.com/media/daisen-05212-dining-ta13944172.webp,https://img.bokenjapan.com/media/daisen-05212-dining-ta60.jpg,matched own listing photo
525,食菜館　ひだまり,https://img.bokenjapan.com/media/daisen-05212-dining-ta7544259-p.webp,https://img.bokenjapan.com/media/daisen-05212-dining-ta7544259-p.webp,kept (not verifiable against listing)
528,天狗屋,https://img.bokenjapan.com/media/daisen-05212-dining-ta7544198-p.webp,https://img.bokenjapan.com/media/daisen-05212-dining-ta7544198-p.webp,kept (not verifiable against listing)
539,小田嶋商店,https://img.bokenjapan.com/media/daisen-05212-dining-ta13203304-p.webp,https://img.bokenjapan.com/media/daisen-05212-dining-ta13203304-p.webp,kept (not verifiable against listing)
547,京や,https://img.bokenjapan.com/media/daisen-05212-dining-ta7544166-p.webp,https://img.bokenjapan.com/media/daisen-05212-dining-ta7544166-p.webp,kept (not verifiable against listing)
550,珍呑,https://img.bokenjapan.com/media/daisen-05212-dining-ta7544228-p.webp,https://img.bokenjapan.com/media/daisen-05212-dining-ta7544228-p.webp,kept (not verifiable against listing)
605,カラオケ時遊館 大曲駅前店,https://img.bokenjapan.com/media/daisen-05212-dining-ta13255468-p.webp,https://img.bokenjapan.com/media/daisen-05212-dining-ta13255468-p.webp,kept (not verifiable against listing)
661,ホルモン道場,https://img.bokenjapan.com/media/daisen-05212-dining-ta7544127-p.webp,https://img.bokenjapan.com/media/daisen-05212-dining-ta14.jpg,matched own listing photo
679,居酒屋えびす,https://img.bokenjapan.com/media/daisen-05212-dining-ta7544209-p.webp,https://img.bokenjapan.com/media/daisen-05212-dining-ta7544209-p.webp,kept (not verifiable against listing)
