page,name,tabelog_url,tabelog_genre,jalan_url,jalan_name,jalan_checked,in_stay,jalan_match
akita/semboku,新玉川温泉,https://tabelog.com/akita/A0504/A050401/5004380/,旅館・民宿,https://www.jalan.net/yad354300/,日本の山岳温泉リゾート　新玉川温泉,yes,no,partial name (verify)
akita/semboku,玉川温泉,https://tabelog.com/akita/A0504/A050401/5005879/,旅館・民宿,https://www.jalan.net/yad354300/,日本の山岳温泉リゾート　新玉川温泉,yes,no,partial name (verify)
akita/semboku,かくのだて温泉 町宿 ねこの鈴,https://tabelog.com/akita/A0504/A050401/5008184/,旅館・民宿,https://www.jalan.net/yad314054/,かくのだて温泉　町宿　ねこの鈴,yes,no,exact name
akita/semboku,角館温泉 花葉館,https://tabelog.com/akita/A0504/A050401/5005803/,料理旅館,https://www.jalan.net/yad399180/,角館温泉　花葉館,yes,no,exact name
fukuoka/asakura,佐藤荘,https://tabelog.com/fukuoka/A4008/A400803/40023680/,旅館・民宿,https://www.jalan.net/yad343740/,原鶴温泉　旅館　佐藤荘,yes,no,partial name (verify)
miyagi/ishinomaki,ビジネス旅館ダック,https://tabelog.com/miyagi/A0404/A040403/4019317/,旅館・民宿,https://www.jalan.net/yad323138/,Tabist ビジネス旅館ダック 石巻蛇田,yes,no,partial name (verify)
miyagi/kawasakicho,湯元　不忘閣,https://tabelog.com/miyagi/A0402/A040201/4003191/,旅館・民宿,https://www.jalan.net/yad355965/,湯元不忘閣,yes,no,exact name
miyagi/kawasakicho,山景の宿 流辿,https://tabelog.com/miyagi/A0402/A040201/4003489/,料理旅館,https://www.jalan.net/yad317413/,山景の宿　流辿（りゅうせん）,yes,no,partial name (verify)
miyagi/kawasakicho,お宿 はなぶさ,https://tabelog.com/miyagi/A0402/A040201/4025249/,旅館・民宿,https://www.jalan.net/yad389391/,お宿　はなぶさ,yes,no,exact name
miyagi/kawasakicho,観山聴月,https://tabelog.com/miyagi/A0402/A040201/4012296/,料理旅館、日本料理,https://www.jalan.net/yad312522/,流辿別邸　観山聴月（かんざんちょうげつ）　,yes,no,partial name (verify)
miyagi/kesennuma,沖見屋,https://tabelog.com/miyagi/A0404/A040401/4014264/,旅館・民宿,https://www.jalan.net/yad338447/,民宿　旅館　沖見屋,yes,no,partial name (verify)
miyagi/kesennuma,旅館 明海荘,https://tabelog.com/miyagi/A0404/A040401/4026020/,旅館・民宿、海鮮,https://www.jalan.net/yad365176/,気仙沼大島　旅館　明海荘,yes,no,partial name (verify)
miyagi/kesennuma,黒潮,https://tabelog.com/miyagi/A0404/A040401/4017944/,旅館・民宿,https://www.jalan.net/yad379961/,気仙沼グルメとマグロ料理の宿　旅館　黒潮,yes,no,partial name (verify)
miyagi/kesennuma,崎野屋,https://tabelog.com/miyagi/A0404/A040401/4013321/,旅館・民宿,https://www.jalan.net/yad329817/,磯料理の宿　民宿　崎野屋,yes,no,partial name (verify)
miyagi/kesennuma,はまなす,https://tabelog.com/miyagi/A0404/A040401/4014335/,旅館・民宿,https://www.jalan.net/yad330066/,民宿はまなす,yes,no,partial name (verify)
miyagi/kesennuma,亀山荘,https://tabelog.com/miyagi/A0404/A040401/4026150/,旅館・民宿,https://www.jalan.net/yad304896/,気仙沼大島 旅館 亀山荘,yes,no,partial name (verify)
miyagi/kesennuma,椿荘 花月,https://tabelog.com/miyagi/A0404/A040401/4027189/,料理旅館,https://www.jalan.net/yad303442/,旅館椿荘花月,yes,no,partial name (verify)
miyagi/kurihara,ハイルザーム栗駒,https://tabelog.com/miyagi/A0403/A040302/4012748/,旅館・民宿,https://www.jalan.net/yad336928/,ハイルザーム栗駒　Ｔａｂｉｓｔ,yes,no,partial name (verify)
miyagi/matsushima,松島 一の坊,https://tabelog.com/miyagi/A0404/A040404/4002726/,料理旅館、フレンチ、日本料理,https://www.jalan.net/yad304322/,松島温泉　松島一の坊,yes,no,partial name (verify)
miyagi/matsushima,松島佐勘　松庵,https://tabelog.com/miyagi/A0404/A040404/4006263/,料理旅館、日本料理、カフェ,https://www.jalan.net/yad374328/,松島湾一望と旬の幸を楽しむ宿［松島佐勘　松庵］,yes,no,partial name (verify)
miyagi/matsushima,パレス松洲,https://tabelog.com/miyagi/A0404/A040404/4008298/,料理旅館,https://www.jalan.net/yad398377/,松島温泉　パレス松洲,yes,no,partial name (verify)
miyagi/minamisanriku,南三陸まなびの里 いりやど,https://tabelog.com/miyagi/A0404/A040402/4019275/,旅館・民宿,https://www.jalan.net/yad318480/,南三陸まなびの里　いりやど,yes,no,exact name
miyagi/minamisanriku,漁家民宿 やすらぎ,https://tabelog.com/miyagi/A0404/A040402/4026301/,旅館・民宿,https://www.jalan.net/yad381154/,南三陸　海辺の宿　漁家民宿やすらぎ,yes,no,partial name (verify)
miyagi/osakishi,うなぎ湯の宿 旬樹庵 琢ひで,https://tabelog.com/miyagi/A0403/A040301/4002430/,旅館・民宿,https://www.jalan.net/yad322547/,名湯秘湯うなぎ湯の宿　旬樹庵琢ひで,yes,no,partial name (verify)
miyagi/osakishi,三之亟湯,https://tabelog.com/miyagi/A0403/A040301/4012721/,旅館・民宿,https://www.jalan.net/yad375215/,旅館　三之亟湯（さんのじょうゆ）,yes,no,partial name (verify)
miyagi/osakishi,旅館なんぶ屋,https://tabelog.com/miyagi/A0403/A040301/4012712/,旅館・民宿,https://www.jalan.net/yad395907/,旅館なんぶ屋,yes,no,exact name
miyagi/osakishi,東多賀の湯,https://tabelog.com/miyagi/A0403/A040301/4007930/,旅館・民宿,https://www.jalan.net/yad391225/,旅館　東多賀の湯,yes,no,partial name (verify)
miyagi/osakishi,ペンション森りんこ,https://tabelog.com/miyagi/A0403/A040301/4012736/,旅館・民宿,https://www.jalan.net/yad344900/,ペンション　森りんこ,yes,no,exact name
miyagi/osakishi,旅館 とどろき,https://tabelog.com/miyagi/A0403/A040301/4021441/,旅館・民宿,https://www.jalan.net/yad312096/,とどろき旅館,yes,no,partial name (verify)
miyagi/osakishi,鳴子やすらぎ荘,https://tabelog.com/miyagi/A0403/A040301/4012716/,旅館・民宿,https://www.jalan.net/yad366316/,中山平温泉　鳴子やすらぎ荘（センポスの宿）,yes,no,partial name (verify)
miyagi/osakishi,あすか旅館,https://tabelog.com/miyagi/A0403/A040301/4012720/,旅館・民宿,https://www.jalan.net/yad380000/,中山平温泉　あすか旅館,yes,no,partial name (verify)
miyagi/osakishi,旅館弁天閣,https://tabelog.com/miyagi/A0403/A040301/4027624/,料理旅館,https://www.jalan.net/yad339147/,旅館　弁天閣,yes,no,exact name
miyagi/zao,ペンションそらまめ,https://tabelog.com/miyagi/A0402/A040201/4003224/,旅館・民宿,https://www.jalan.net/yad324996/,ペンション　そらまめ,yes,no,exact name
miyagi/zao,レインボーヒルズ,https://tabelog.com/miyagi/A0402/A040201/4012738/,旅館・民宿,https://www.jalan.net/yad335731/,ペンション　レインボーヒルズ,yes,no,partial name (verify)
miyagi/zao,ペンション陽だまり,https://tabelog.com/miyagi/A0402/A040201/4013302/,旅館・民宿,https://www.jalan.net/yad305202/,ペンション陽だまり,yes,no,exact name
