page,section,name_ja,old_en,new_en
akita/mitane,Dining,ファミリーマート 三種八竜店,FamilyMart Sanshu Hachiryū Branch,FamilyMart Mitane Hachiryū Branch
akita/mitane,Dining,テラタ 鹿渡店,Terata Shikawatashi Branch,Terata Kado Branch
akita/noshiro,Dining,ファミリーマート 秋田二ツ井店,FamilyMart Akita ni Tsu I Branch,FamilyMart Akita Futatsui Branch
akita/semboku,Dining,めん丸 仙北店,Men Maru Senboku Branch,Men Maru Semboku Branch
akita/semboku,Dining,ファミリーマート 仙北西木西明寺店,FamilyMart Senboku Nishiki Saimyō Tera Branch,FamilyMart Semboku Nishiki Saimyō Tera Branch
akita/yokote,Dining,日本料理里乃や 前郷店,Japanese Cuisine Sato no ya Mae Sato Branch,Japanese Cuisine Sato no ya Maego Branch
akita/yurihonjo,Dining,マックスバリュ 矢島店,MaxValu Yajima Branch,MaxValu Yashima Branch
akita/yurihonjo,Dining,吾愛郷 矢島店,Ware Aikyō Yajima Branch,Ware Aikyō Yashima Branch
fukuoka/buzen,Dining,ジョイフル 宇島店,Joyfull U Shima Branch,Joyfull Unoshima Branch
fukuoka/buzen,Dining,黒のれん ヨコヤマ三毛門店,Kuro Noren Yokoyama Mike Mon Branch,Kuro Noren Yokoyama Mikekado Branch
fukuoka/buzen,Dining,千石の唐揚げ 三毛門店,Sengoku No Karaage Mike Mon Branch,Sengoku No Karaage Mikekado Branch
fukuoka/chikugo,Dining,セブンイレブン 筑後船小屋店,7-Eleven Chikugo Fune Koya Branch,7-Eleven Chikugo-Funagoya Branch
fukuoka/chikujo,Dining,中津からあげ からいち 築城駅前店,Nakatsu Karaage Karaichi Chikujou Ekimae Branch,Nakatsu Karaage Karaichi Tsuiki Ekimae Branch
fukuoka/chikushino,Dining,シャトレーゼ 筑紫野原田店,Chateraise Chikushino Harada Branch,Chateraise Chikushino Haruda Branch
fukuoka/chikushino,Dining,井手ちゃんぽん 筑紫野原田店,Ide Chanpon Chikushino Harada Branch,Ide Chanpon Chikushino Haruda Branch
fukuoka/dazaifu,Dining,肉肉うどん 水城店,Niku Niku Udon Mizushiro Branch,Niku Niku Udon Mizuki Branch
fukuoka/fukuchi,Dining,立喰い生麺 金田店,Tachigui I Namamen Kaneda Branch,Tachigui I Namamen Kanada Branch
fukuoka/fukutsu,Dining,ミニストップ 東福間店,Ministop Toufuku Kan Branch,Ministop Higashi-Fukuma Branch
fukuoka/kanda,Stay,ホテルルートイン苅田駅前,Hotel Route Inn Karida Ekimae,Hotel Route Inn Kanda Ekimae
fukuoka/kanda,Stay,ベッセルホテル苅田北九州空港(2026年3月全室リニューアル),Vessel Hotel Karida Kitakyūshūkūkō 2026 Nen 3 Gatsu Zenshitsu Renewal,Vessel Hotel Kanda Kitakyūshūkūkō 2026 Nen 3 Gatsu Zenshitsu Renewal
fukuoka/kanda,Stay,アリストンイン苅田北九州空港,Ariston Inn Karida Kitakyūshūkūkō,Ariston Inn Kanda Kitakyūshūkūkō
fukuoka/kanda,Stay,ブルーポートホテル苅田北九州空港,Blue Port Hotel Karida Kitakyūshūkūkō,Blue Port Hotel Kanda Kitakyūshūkūkō
fukuoka/kanda,Dining,久留米ラーメン 玄竜 苅田店,Kurume Ramen Genryū Karida Branch,Kurume Ramen Genryū Kanda Branch
fukuoka/kanda,Dining,手打の味小泉 苅田店,Teuchi no Aji Koizumi Karida Branch,Teuchi no Aji Koizumi Kanda Branch
fukuoka/kanda,Dining,資さんうどん 苅田店,Shisa N'udon Karida Branch,Shisa N'udon Kanda Branch
fukuoka/kanda,Dining,莉莉餃子 苅田店,Ri Ri Gyōza Karida Branch,Ri Ri Gyōza Kanda Branch
fukuoka/kanda,Dining,九州ラーメン和 苅田店,Kyūshū Ramen wa Karida Branch,Kyūshū Ramen wa Kanda Branch
fukuoka/kanda,Dining,まつり茶屋 苅田店,Matsuri Chaya Karida Branch,Matsuri Chaya Kanda Branch
fukuoka/kanda,Dining,唐揚げ 鶏 苅田駅前店,Karāge Niwatori Karida Ekimae Branch,Karāge Niwatori Kanda Ekimae Branch
fukuoka/kanda,Dining,苅田萬十,Karida Man Jū,Kanda Man Jū
fukuoka/kanda,Dining,海都 苅田店,Kaito Karida Branch,Kaito Kanda Branch
fukuoka/kanda,Dining,やよい軒 苅田店,Yayoi Ken Karida Branch,Yayoi Ken Kanda Branch
fukuoka/kanda,Dining,とんかつ濱かつ 福岡苅田店,Tonkatsu Hama Katsu Fukuoka Karida Branch,Tonkatsu Hama Katsu Fukuoka Kanda Branch
fukuoka/kanda,Dining,地鶏食堂 苅田店,Jidori Shokudō Karida Branch,Jidori Shokudō Kanda Branch
fukuoka/kanda,Dining,松屋 苅田店,Matsuya Karida Branch,Matsuya Kanda Branch
fukuoka/kanda,Dining,ベッセルホテル 苅田北九州空港,Vessel Hotel Karida Kitakyūshūkūkō,Vessel Hotel Kanda Kitakyūshūkūkō
fukuoka/kanda,Dining,ゑびすうどん 苅田店,Ebisūdon Karida Branch,Ebisūdon Kanda Branch
fukuoka/kanda,Dining,ジョイフル 苅田店,Joyfull Karida Branch,Joyfull Kanda Branch
fukuoka/kanda,Dining,スシロー 苅田店,Sushiro Karida Branch,Sushiro Kanda Branch
fukuoka/kanda,Dining,花楓月 苅田店,Hanakaede Gatsu Karida Branch,Hanakaede Gatsu Kanda Branch
fukuoka/kanda,Dining,からあげ輝鶏 苅田店,Karāge Teru Niwatori Karida Branch,Karāge Teru Niwatori Kanda Branch
fukuoka/kanda,Dining,からあげみやこ屋 苅田店,Karāgemiyako ya Karida Branch,Karāgemiyako ya Kanda Branch
fukuoka/kanda,Dining,セブンイレブン 苅田南原店,7-Eleven Karida Nanbara Branch,7-Eleven Kanda Nanbara Branch
fukuoka/kanda,Dining,セブンイレブン 苅田北九州空港入口店,7-Eleven Karida Kitakyūshūkūkō Iriguchi Branch,7-Eleven Kanda Kitakyūshūkūkō Iriguchi Branch
fukuoka/kanda,Dining,むらた亭 苅田店,Murata Tei Karida Branch,Murata Tei Kanda Branch
fukuoka/kanda,Dining,いきなりステーキ ホームプラザナフコ苅田店,Ikinari Steak Home Plaza Nafuko Karida Branch,Ikinari Steak Home Plaza Nafuko Kanda Branch
fukuoka/kanda,Dining,ごはんどき 苅田店,Gohandoki Karida Branch,Gohandoki Kanda Branch
fukuoka/kanda,Dining,リンガーハット 苅田西工大前店,Ringer Hut Karida Nishikō Ōmae Branch,Ringer Hut Kanda Nishikō Ōmae Branch
fukuoka/kanda,Dining,すき家 苅田店,Suki Ie Karida Branch,Suki Ie Kanda Branch
fukuoka/kanda,Dining,ファーストキッチン サンリブ苅田,First Kitchen Sunlive Karida,First Kitchen Sunlive Kanda
fukuoka/kanda,Dining,マクドナルド 10号苅田店,McDonald's 10 Gō Karida Branch,McDonald's 10 Gō Kanda Branch
fukuoka/kanda,Dining,シャトレーゼ 苅田店,Chateraise Karida Branch,Chateraise Kanda Branch
fukuoka/kanda,Dining,湖月堂 サンリブ苅田店,Kogetsu Dō Sunlive Karida Branch,Kogetsu Dō Sunlive Kanda Branch
fukuoka/kanda,Dining,ほっともっと 苅田駅前店,Hottomotto Karida Ekimae Branch,Hottomotto Kanda Ekimae Branch
fukuoka/kanda,Dining,ほっともっと 苅田富久店,Hottomotto Karida Fuku Branch,Hottomotto Kanda Fuku Branch
fukuoka/kanda,Dining,ほっともっと 苅田店,Hottomotto Karida Branch,Hottomotto Kanda Branch
fukuoka/kanda,Dining,セブンイレブン 苅田磯浜町店,7-Eleven Karida Isohama Machi Branch,7-Eleven Kanda Isohama Machi Branch
fukuoka/kanda,Dining,むすんでひらいて ルミエール苅田店,Musundehiraite Lumière Karida Branch,Musundehiraite Lumière Kanda Branch
fukuoka/kanda,Dining,ビッグベアーズ 苅田店,Big Bears Karida Branch,Big Bears Kanda Branch
fukuoka/kanda,Dining,むすんでひらいて サンリブエル苅田店,Musundehiraite Sanribueru Karida Branch,Musundehiraite Sanribueru Kanda Branch
fukuoka/kanda,Dining,カーポート苅田,Kāpōto Karida,Kāpōto Kanda
fukuoka/kanda,Dining,JA福岡京築 苅田農産物直売所,JA Fukuoka Keichiku Karida Nōsanbutsu Chokubai Tokoro,JA Fukuoka Keichiku Kanda Nōsanbutsu Chokubai Tokoro
fukuoka/kasuya,Dining,リンガーハット 福岡長者原店,Ringer Hut Fukuoka Choujagahara Branch,Ringer Hut Fukuoka Chojabaru Branch
fukuoka/kasuya,Dining,ダイキョーバリュー 長者原店,Daikyo Value Choujagahara Branch,Daikyo Value Chojabaru Branch
fukuoka/kasuya,Dining,とよ唐亭 原町駅前店,Toyo Tou Tei Haramachi Ekimae Branch,Toyo Tou Tei Harumachi Ekimae Branch
fukuoka/kasuya,Dining,ほっともっと 長者原店,Hottomotto Choujagahara Branch,Hottomotto Chojabaru Branch
fukuoka/kasuya,Dining,千鳥屋原町店,Chidori Ya Haramachi Mise,Chidori Ya Harumachi Mise
fukuoka/kasuya,Dining,セブンイレブン 粕屋原町駅前店,7-Eleven Kasuya Haramachi Ekimae Branch,7-Eleven Kasuya Harumachi Ekimae Branch
fukuoka/keisen,Dining,麺屋.千寿 桂川店,Men Ya . Chizu Katsuragawa Branch,Men Ya . Chizu Keisen Branch
fukuoka/keisen,Dining,たこ焼亭 桂川店,Tako Yaki Tei Katsuragawa Branch,Tako Yaki Tei Keisen Branch
fukuoka/keisen,Dining,めん六や 福岡桂川店,Men Roku Ya Fukuoka Katsuragawa Branch,Men Roku Ya Fukuoka Keisen Branch
fukuoka/keisen,Dining,ファミリーマート 桂川土師店,FamilyMart Katsuragawa Haji Branch,FamilyMart Keisen Haji Branch
fukuoka/keisen,Dining,からあげ とり壱 桂川店,Karaage Tori Ichi Katsuragawa Branch,Karaage Tori Ichi Keisen Branch
fukuoka/kitakyushu,Dining,牛角 若松二島店,Gyuukaku Wakamatsu Ni Shima Branch,Gyuukaku Wakamatsu Futajima Branch
fukuoka/kitakyushu,Dining,博多もつ鍋前田屋 小倉店,Hakata Motsu Nabe Maeda Ya Ogura Branch,Hakata Motsu Nabe Maeda Ya Kokura Branch
fukuoka/koge,Dining,焼肉 和 上毛町店,Yakiniku Wa Uwage Machi Branch,Yakiniku Wa Koge Branch
fukuoka/kurume,Dining,風来坊 櫛原店,Fuuraibou Kushihara Branch,Fuuraibou Kushiwara Branch
fukuoka/miyako,Dining,デイリーヤマザキ 福岡犀川店,Daily Yamazaki Fukuoka Saikawa Branch,Daily Yamazaki Fukuoka Saigawa Branch
fukuoka/miyama,Dining,ブラームスイシイブレッド 高田店,Brahms Ishi Bread Takada Branch,Brahms Ishi Bread Takata Branch
fukuoka/nakama,Dining,ほっともっと 東中間店,Hottomotto Higashinaka Kan Branch,Hottomotto Higashi-Nakama Branch
fukuoka/nakama,Dining,本家 山賊からあげ 東中間店,Honke Sanzoku Karāge Higashinaka Kan Branch,Honke Sanzoku Karāge Higashi-Nakama Branch
fukuoka/nogata,Dining,こなやきっ廣 感田店,Konayakitsu Kou Kan Ta Branch,Konayakitsu Kou Ganda Branch
fukuoka/ogori,Dining,ほっともっと 小郡三沢店,Hottomotto Ogōri Misawa Branch,Hottomotto Ogōri Mitsusawa Branch
fukuoka/oki,Dining,さらん 大木店,Saran Taiboku Branch,Saran Oki Branch
fukuoka/oki,Dining,イオン 大木店,Aeon Taiboku Branch,Aeon Oki Branch
fukuoka/oki,Dining,隆勝堂 大木町店,Takashi Kachi Dou Taiboku Machi Branch,Takashi Kachi Dou Oki Branch
fukuoka/oki,Dining,パン工場 イオン大木店,Pan Koujou Aeon Taiboku Branch,Pan Koujou Aeon Oki Branch
fukuoka/oki,Dining,ほっともっと 大木町店,Hottomotto Taiboku Machi Branch,Hottomotto Oki Branch
fukuoka/onojo,Dining,スシロー 大野城 大城店,Sushiro Oonojou Ooshiro Branch,Sushiro Oonojou Oki Branch
fukuoka/onojo,Dining,やきとり安兵衛 下大利店,Yakitori Yasubee Shita Dairi Branch,Yakitori Yasubee Shimoori Branch
fukuoka/onojo,Dining,元祖ムツゴロウのむっちゃん万十 下大利店,Ganso Mutsugorou Nomutchan Man Juu Shita Dairi Branch,Ganso Mutsugorou Nomutchan Man Juu Shimoori Branch
fukuoka/onojo,Dining,や台ずし 下大利駅西口町,Ya Dai Zushi Shita Dairi Eki Nishiguchi Machi,Ya Dai Zushi Shimoori Eki Nishiguchi Machi
fukuoka/onojo,Dining,からあげ 聖林 下大利駅前店,Karaage Shourin Shita Dairi Ekimae Branch,Karaage Shourin Shimoori Ekimae Branch
fukuoka/onojo,Dining,ほっともっと 大野城大城店,Hottomotto Oonojou Ooshiro Branch,Hottomotto Oonojou Oki Branch
fukuoka/onojo,Dining,ドミノ・ピザ 下大利店,Domino's Pizza Shita Dairi Branch,Domino's Pizza Shimoori Branch
fukuoka/onojo,Dining,マックスバリュ 下大利店,MaxValu Shita Dairi Branch,MaxValu Shimoori Branch
fukuoka/onojo,Dining,太宰府ぎょうざ 六九 大野城大城店,Dazaifu Gyouza Roku Kyuu Oonojou Ooshiro Branch,Dazaifu Gyouza Roku Kyuu Oonojou Oki Branch
fukuoka/onojo,Dining,レガネットマルシェ 下大利駅,Reganetto Marché Shita Dairi Eki,Reganetto Marché Shimoori Eki
fukuoka/oto,Dining,犬と猫のカフェ 有吉工務店 大任店,Inu To Neko No Cafe Ariyoshi Koumuten Tainin Branch,Inu To Neko No Cafe Ariyoshi Koumuten Oto Branch
fukuoka/shime,Dining,ひので屋 御手洗店,Hinode Ya Otearai Branch,Hinode Ya Mitarai Branch
fukuoka/tagawa,Stay,田川伊田駅舎ホテル,Tagawa Ida Ekisha Hotel,Tagawa-Ita Ekisha Hotel
fukuoka/umi,Dining,ほっともっと 宇美町店,Hottomotto Umi Machi Branch,Hottomotto Umi Branch
miyagi/ishinomaki,Dining,モンペリエ ヨークベニマル湊鹿妻店,Montpellier York-Benimaru Minato Shika Tsuma Branch,Montpellier York-Benimaru Minato Kazuma Branch
miyagi/ishinomaki,Dining,ヨークベニマル 湊鹿妻店,York-Benimaru Minato Shika Tsuma Branch,York-Benimaru Minato Kazuma Branch
miyagi/ishinomaki,Dining,ザ・ビッグ  石巻鹿又店,Za Big Ishinomaki Shikamata Branch,Za Big Ishinomaki Kanomata Branch
miyagi/matsushima,Dining,ファミリーマート 松島高城店,FamilyMart Matsushima Takagi Branch,FamilyMart Matsushima Takajo Branch
miyagi/miyagimisato,Dining,ウジエスーパー 美里店,Ujie Super Misato Branch,Ujie Super Miyagimisato Branch
miyagi/natori,Dining,寿松庵 仙台空港店,Hisashi Shouan Sendaikuukou Branch,Hisashi Shouan Sendai Airport Branch
miyagi/natori,Dining,ずんだ茶寮 仙台空港店,Zunda Charyou Sendaikuukou Branch,Zunda Charyou Sendai Airport Branch
miyagi/natori,Dining,フラットホワイト コーヒー ファクトリー 仙台空港店,Flat White Coffee Factory Sendaikuukou Branch,Flat White Coffee Factory Sendai Airport Branch
miyagi/natori,Dining,陣中 仙台空港店,Jinchuu Sendaikuukou Branch,Jinchuu Sendai Airport Branch
miyagi/natori,Dining,喜久水庵 仙台空港店,Yoshihisa Mizu Iori Sendaikuukou Branch,Yoshihisa Mizu Iori Sendai Airport Branch
miyagi/natori,Dining,食樂体験型呑み喰い処 うま⭐︎ほど 美田園店,Shoku Raku Taiken Kata Nomikui Tokoro Uma ⭐ ⭐ Hodo Mita Sono Branch,Shoku Raku Taiken Kata Nomikui Tokoro Uma ⭐ ⭐ Hodo Mitazono Branch
miyagi/natori,Dining,スーパーホテル 仙台空港インター,Super Hotel Sendaikuukou Inter,Super Hotel Sendai Airport Inter
miyagi/natori,Dining,味のまるまつ 美田園店,Aji Nomarumatsu Mita Sono Branch,Aji Nomarumatsu Mitazono Branch
miyagi/natori,Dining,デイリーヤマザキ 仙台空港店,Daily Yamazaki Sendaikuukou Branch,Daily Yamazaki Sendai Airport Branch
miyagi/natori,Dining,ウジエスーパー 美田園店,Ujie Super Mita Sono Branch,Ujie Super Mitazono Branch
miyagi/natori,Dining,タリーズコーヒー オルフィーカ美田園店,Tully's Coffee Orufiika Mita Sono Branch,Tully's Coffee Orufiika Mitazono Branch
miyagi/natori,Dining,ほっともっと 名取美田園店,Hottomotto Natori Mita Sono Branch,Hottomotto Natori Mitazono Branch
miyagi/natori,Dining,そば処 めん六や 宮城名取美田園店,Soba Tokoro Men Roku Ya Miyagi Natori Mita Sono Branch,Soba Tokoro Men Roku Ya Miyagi Natori Mitazono Branch
miyagi/natori,Dining,白謙 仙台空港店,Shiro Ken Sendaikuukou Branch,Shiro Ken Sendai Airport Branch
miyagi/natori,Dining,フレスコ キクチ 美田園店,Fresco Kikuchi Mita Sono Branch,Fresco Kikuchi Mitazono Branch
miyagi/natori,Dining,セブンイレブン 名取美田園店,7-Eleven Natori Mita Sono Branch,7-Eleven Natori Mitazono Branch
miyagi/natori,Dining,カワチ薬品 美田園店,Kawachi Yakuhin Mita Sono Branch,Kawachi Yakuhin Mitazono Branch
miyagi/onagawa,Dining,女川海の膳ニューこのり,Megawa Umi No Zen New Konori,Onagawa Umi No Zen New Konori
miyagi/onagawa,Dining,マザーポートコーヒー 女川店,Maza Port Coffee Megawa Branch,Maza Port Coffee Onagawa Branch
miyagi/onagawa,Dining,女川バーガー,Megawa Burger,Onagawa Burger
miyagi/onagawa,Dining,高政 女川本店 万石の里,Takamasa Megawa Honten Mangoku No Sato,Takamasa Onagawa Honten Mangoku No Sato
miyagi/onagawa,Dining,きらら女川,Kirara Megawa,Kirara Onagawa
miyagi/onagawa,Dining,女川魚市場食堂,Megawa Uoichiba Shokudo,Onagawa Uoichiba Shokudo
miyagi/onagawa,Dining,マルキチ女川浜めし屋,Marukichi Megawa Hama Meshi Ya,Marukichi Onagawa Hama Meshi Ya
miyagi/onagawa,Dining,きらら女川 シーパルピア女川店,Kirara Megawa Shipa Rupiah Megawa Branch,Kirara Onagawa Shipa Rupiah Megawa Branch
miyagi/onagawa,Dining,女川スーパー おんまえや,Megawa Super Onmaeya,Onagawa Super Onmaeya
miyagi/onagawa,Dining,さんまのヤマホン 女川ハマテラス店,Sanmano Yamahon Megawa Hamaterasu Branch,Sanmano Yamahon Onagawa Hamaterasu Branch
miyagi/onagawa,Dining,蒲鉾本舗 高政 シーパルピア女川店,Kamaboko Honpo Takamasa Shipa Rupiah Megawa Branch,Kamaboko Honpo Takamasa Shipa Rupiah Onagawa Branch
miyagi/onagawa,Dining,女川温泉ゆぽっぽ,Megawa Onsen Yupoppo,Onagawa Onsen Yupoppo
miyagi/onagawa,Dining,マリンパル女川　おさかな市場,Marinparu Megawa Osakana Shijou,Marinparu Onagawa Osakana Shijou
miyagi/onagawa,Dining,女川銀鮭広報部,Megawa Ginzake Kouhoubu,Onagawa Ginzake Kouhoubu
miyagi/onagawa,Dining,女川ショコラ,Megawa Chocolat,Onagawa Chocolat
miyagi/onagawa,Dining,セブンイレブン 宮城女川,7-Eleven Miyagi Megawa,7-Eleven Miyagi Onagawa
miyagi/onagawa,Dining,ファミリーマート 女川中央店,FamilyMart Megawa Chuuou Branch,FamilyMart Onagawa Chuuou Branch
miyagi/osakishi,Dining,ファミリーマート 岩出山池月店,FamilyMart Iwadeyama Iketsuki Branch,FamilyMart Iwadeyama Ikezuki Branch
miyagi/sendai,Stay,ワシントンＲ＆Ｂホテル仙台広瀬通駅前,Washington R&B Hotel Sendai Hirose Toori Ekimae,Washington R&B Hotel Sendai Hirose-dori Ekimae
miyagi/shibatacho,Dining,めん太郎 柴田町店,Men Tarou Shibata Machi Branch,Men Tarou Shibatacho Branch
miyagi/shichikashuku,Dining,道の駅七ヶ宿,Michi No Eki Shichigashuku,Michi No Eki Shichikashuku
miyagi/shichikashuku,Dining,道の駅七ヶ宿 物産コーナー,Michi No Eki Shichigashuku Bussan Corner,Michi No Eki Shichikashuku Bussan Corner
miyagi/shichikashuku,Dining,ファミリーマートプラスCOOP 七ヶ宿店,FamilyMart Plus Coop Shichigashuku Branch,FamilyMart Plus Coop Shichikashuku Branch
miyagi/shiogama,Dining,ミニストップ 塩釜魚市場前店,Ministop Shiogama Uoichiba Mae Branch,Ministop Shiogama Gyoshijo Mae Branch
miyagi/shiroishishi,Dining,ラーメンショップ 椿 越河店,Ramen Shop Tsubaki Ekka Branch,Ramen Shop Tsubaki Kosugo Branch
miyagi/tagajo,Dining,吉野家 45号線多賀城八幡店,Yoshinoya 45 Gousen Tagajou Hachiman Branch,Yoshinoya 45 Gousen Tagajou Yahata Branch
miyagi/tagajo,Dining,ピザハット 国府多賀城店,Pizza Hut Kou Tagajou Branch,Pizza Hut Kokufu-Tagajo Branch
miyagi/taiwa,Stay,大和パークホテル,Yamato Park Hotel,Taiwa Park Hotel
miyagi/taiwa,Dining,竹亭 大和別邸,Chikutei Yamato Bettei,Chikutei Taiwa Bettei
miyagi/taiwa,Dining,元祖からあげ本舗 まるもと 大和吉岡店,Ganso Karaage Honpo Marumoto Yamato Yoshioka Branch,Ganso Karaage Honpo Marumoto Taiwa Yoshioka Branch
miyagi/taiwa,Dining,スーパーセンタートライアル 大和まほろば店,Super Center Trial Yamato Mahoroba Branch,Super Center Trial Taiwa Mahoroba Branch
miyagi/taiwa,Dining,幸楽苑 大和町店,Kouraku En Yamatochou Branch,Kouraku En Taiwa Branch
miyagi/taiwa,Dining,野菜の駅 あじわいの朝 大和店,Yasai No Eki Ajiwaino Asa Yamato Branch,Yasai No Eki Ajiwaino Asa Taiwa Branch
miyagi/taiwa,Dining,マクドナルド 大和吉岡ヨークベニマル店,McDonald's Yamato Yoshioka York-Benimaru Branch,McDonald's Taiwa Yoshioka York-Benimaru Branch
miyagi/taiwa,Dining,平禄寿司 宮城大和吉岡店,Taira Roku Sushi Miyagi Yamato Yoshioka Branch,Taira Roku Sushi Miyagi Taiwa Yoshioka Branch
miyagi/taiwa,Dining,すき家 大和吉岡店,Suki Ie Yamato Yoshioka Branch,Suki Ie Taiwa Yoshioka Branch
miyagi/taiwa,Dining,べニーズ 大和吉岡ヨークベニマル店,Be Niizu Yamato Yoshioka York-Benimaru Branch,Be Niizu Taiwa Yoshioka York-Benimaru Branch
miyagi/taiwa,Dining,大和イルカ亭,Yamato Iruka Tei,Taiwa Iruka Tei
miyagi/taiwa,Dining,モンペリエ ヨークベニマル大和吉岡店,Montpellier York-Benimaru Yamato Yoshioka Branch,Montpellier York-Benimaru Taiwa Yoshioka Branch
miyagi/taiwa,Dining,不二家  ヨークベニマル大和吉岡店,Fujiya York-Benimaru Yamato Yoshioka Branch,Fujiya York-Benimaru Taiwa Yoshioka Branch
miyagi/taiwa,Dining,ほっともっと 大和インター店,Hottomotto Yamato Inter Branch,Hottomotto Taiwa Inter Branch
miyagi/taiwa,Dining,セブンイレブン 大和陸上自衛隊前店,7-Eleven Yamato Rikujou Jieitai Mae Branch,7-Eleven Taiwa Rikujou Jieitai Mae Branch
miyagi/taiwa,Dining,大和蔵酒造株式会社,Yamato Kura Shuzou,Taiwa Kura Shuzou
miyagi/taiwa,Dining,LAWSON 大和もみじケ丘三丁目店,Lawson Yamato Momiji Ke Oka Sanchoume Branch,Lawson Taiwa Momiji Ke Oka Sanchoume Branch
miyagi/watari,Stay,グリーンホテル亘理,Green Hotel Kou Ri,Green Hotel Watari
miyagi/watari,Dining,あら浜 亘理店,Ara Hama Kou Ri Branch,Ara Hama Watari Branch
miyagi/watari,Dining,田園 亘理店,Den'en Kou Ri Branch,Den'en Watari Branch
miyagi/watari,Dining,ラルカンシェール みやぎ生協亘理店,Rarukan Shale Miyagi Seikyou Kou Ri Branch,Rarukan Shale Miyagi Seikyou Watari Branch
miyagi/watari,Dining,セブンイレブン 宮城亘理南店,7-Eleven Miyagi Kou Ri Minami Branch,7-Eleven Miyagi Watari Minami Branch
miyagi/watari,Dining,和風レストランまるまつ 亘理店,Wafuu Restaurant Marumatsu Kou Ri Branch,Wafuu Restaurant Marumatsu Watari Branch
miyagi/watari,Dining,マクドナルド 亘理コープ店,McDonald's Kou Ri Co-op Branch,McDonald's Watari Co-op Branch
miyagi/watari,Dining,ファミリーマート 宮城亘理店,FamilyMart Miyagi Kou Ri Branch,FamilyMart Miyagi Watari Branch
miyagi/watari,Dining,幸楽苑 亘理店,Kouraku En Kou Ri Branch,Kouraku En Watari Branch
miyagi/watari,Dining,セブンイレブン 亘理荒浜店,7-Eleven Kou Ri Arahama Branch,7-Eleven Watari Arahama Branch
miyagi/watari,Dining,つつみ屋 亘理店,Tsutsumi Ya Kou Ri Branch,Tsutsumi Ya Watari Branch
miyagi/watari,Dining,モンペリエ ヨークベニマル亘理店,Montpellier York-Benimaru Kou Ri Branch,Montpellier York-Benimaru Watari Branch
miyagi/watari,Dining,不二家 みやぎ生協亘理店,Fujiya Miyagi Seikyou Kou Ri Branch,Fujiya Miyagi Seikyou Watari Branch
miyagi/watari,Dining,ほっともっと 亘理町店,Hottomotto Kou Ri Machi Branch,Hottomotto Watari Branch
miyagi/watari,Dining,ヨークベニマル 亘理店,York-Benimaru Kou Ri Branch,York-Benimaru Watari Branch
miyagi/watari,Dining,セブンイレブン 亘理インター店,7-Eleven Kou Ri Inter Branch,7-Eleven Watari Inter Branch
miyagi/watari,Dining,幸楽苑のからあげ家 亘理店,Kouraku En Nokaraage Ie Kou Ri Branch,Kouraku En Nokaraage Ie Watari Branch
miyagi/watari,Dining,カインズ 亘理店,Cainz Kou Ri Branch,Cainz Watari Branch
miyagi/watari,Dining,不二家 ヨークベニマル亘理店,Fujiya York-Benimaru Kou Ri Branch,Fujiya York-Benimaru Watari Branch
miyagi/watari,Dining,ファミリーロッジ 旅籠屋 仙台亘理店,Family Lodge Hatago Ya Sendai Kou Ri Branch,Family Lodge Hatago Ya Sendai Watari Branch
miyagi/watari,Dining,スーパーセンタートライアル 亘理店,Super Center Trial Kou Ri Branch,Super Center Trial Watari Branch
miyagi/watari,Dining,ミニストップ 宮城亘理店,Ministop Miyagi Kou Ri Branch,Ministop Miyagi Watari Branch
miyagi/watari,Dining,フレスコキクチ 亘理店,Fresco Kikuchi Kou Ri Branch,Fresco Kikuchi Watari Branch
miyagi/watari,Dining,めん六や 宮城亘理店,Men Roku Ya Miyagi Kou Ri Branch,Men Roku Ya Miyagi Watari Branch
oita/bungoono,Dining,マクドナルド 豊後大野店,McDonald's Bungooono Branch,McDonald's Bungoono Branch
oita/bungotakada,Dining,ブレッドハウス 高田店,Bread House Takada Branch,Bread House Takata Branch
oita/bungotakada,Dining,モロゾフ トキハインダストリーアイム高田店,Morozoff Tokiha Industry Aimu Takada Branch,Morozoff Tokiha Industry Aimu Takata Branch
oita/hiji,Stay,スパ＆リゾート　ホテルソラージュ大分・日出,Spa Resort Hotel Soraju Ōita Hinode,Spa Resort Hotel Soraju Ōita Hiji
oita/hiji,Dining,デカ弁 日出店,Deka Ben Hinode Branch,Deka Ben Hiji Branch
oita/hiji,Dining,nicoドーナツ 日出店,Nico Donut Hinode Branch,Nico Donut Hiji Branch
oita/hiji,Dining,ラーメン五九〇 日出店,Ramen Go Kyuu (maru) Hinode Branch,Ramen Go Kyuu (maru) Hiji Branch
oita/hiji,Dining,味楽亭 日出店,Aji Raku Tei Hinode Branch,Aji Raku Tei Hiji Branch
oita/hiji,Dining,焼とり凡  日出店,Yaki Tori Bon Hinode Branch,Yaki Tori Bon Hiji Branch
oita/hiji,Dining,トキハインダストリー 日出町店,Tokiha Industry Hinode Machi Branch,Tokiha Industry Hiji Branch
oita/hiji,Dining,ブレッドハウス 日出店,Bread House Hinode Branch,Bread House Hiji Branch
oita/hiji,Dining,モコモコ シーガーデン日出店,Mokomoko Sea Garden Hinode Branch (near Bungo-Toyooka Station),Mokomoko Sea Garden Hiji Branch (near Bungo-Toyooka Station)
oita/hiji,Dining,テイクアウトピザ専門店 Pizza Glee 日出店,Takeout Pizza Senmonten Pizza Glee Hinode Branch,Takeout Pizza Senmonten Pizza Glee Hiji Branch
oita/hiji,Dining,ウエルカム イノウエ 旬の館ふれあい日出店,Welcome Inoue Jun No Kan Fureai Hinode Branch,Welcome Inoue Jun No Kan Fureai Hiji Branch
oita/hiji,Dining,寿司めいじん 日出店,Sushi Meijin Hinode Branch,Sushi Meijin Hiji Branch
oita/hiji,Dining,うちだ屋 日出店,Uchida Ya Hinode Branch,Uchida Ya Hiji Branch
oita/hiji,Dining,セブンイレブン 日出インター店,7-Eleven Hinode Inter Branch,7-Eleven Hiji Inter Branch
oita/hiji,Dining,マクドナルド 日出店,McDonald's Hinode Branch,McDonald's Hiji Branch
oita/hiji,Dining,ジョイフル 日出店,Joyfull Hinode Branch,Joyfull Hiji Branch
oita/hiji,Dining,福ちゃん唐揚げ 日出店,Fuku Chan Karaage Hinode Branch,Fuku Chan Karaage Hiji Branch
oita/hiji,Dining,ポッポおじさんの大分からあげ 日出店,Poppo Ojisanno Oita Karaage Hinode Branch,Poppo Ojisanno Oita Karaage Hiji Branch
oita/hiji,Dining,魚民 日出店,Uotami Hinode Branch,Uotami Hiji Branch
oita/hiji,Dining,みっちゃんからあげ 日出駅前店,Mitchankaraage Hinode Ekimae Branch,Mitchankaraage Hiji Ekimae Branch
oita/hiji,Dining,シャトレーゼ 大分日出店,Chateraise Oita Hinode Branch,Chateraise Oita Hiji Branch
oita/hiji,Dining,お菓子の菊家  日出駅前店,O Kashi No Kiku Ie Hinode Ekimae Branch,O Kashi No Kiku Ie Hiji Ekimae Branch
oita/hiji,Dining,ほっともっと 大分日出店,Hottomotto Oita Hinode Branch,Hottomotto Oita Hiji Branch
oita/himeshima,Dining,Aコープ 姫島店,A Co-op Himejima Branch,A Co-op Himeshima Branch
oita/himeshima,Dining,おおいた姫島,Oita Himejima,Oita Himeshima
oita/himeshima,Dining,姫島エコツーリズムカフェ,Himejima Ecotourism Cafe,Himeshima Ecotourism Cafe
oita/himeshima,Dining,おおいた姫島,Oita Himejima,Oita Himeshima
oita/oita,Stay,天然温泉　大分クレインホテル　高城店,Tennen Onsen Oita Crane Hotel Takagi Branch,Tennen Onsen Oita Crane Hotel Takajo Branch
oita/oita,Dining,目利きの銀次 坂ノ市店,Mekiki Kino Ginji Saka No Shi Branch,Mekiki Kino Ginji Sakanoichi Branch
oita/oita,Dining,嵐坊 大在店,Arashi Bou Dai Zai Branch,Arashi Bou Ozai Branch
oita/saiki,Stay,佐伯セントラルホテル,Saeki Central Hotel,Saiki Central Hotel
oita/saiki,Stay,ホテルルートイン佐伯駅前,Hotel Route Inn Saeki Ekimae,Hotel Route Inn Saiki Ekimae
oita/saiki,Stay,HOTEL AZ 大分佐伯店,Hotel Az Oita Saeki Branch,Hotel Az Oita Saiki Branch
oita/saiki,Dining,佐伯地魚 のん喜 葛港店,Saeki Jizakana Non Ki Kuzu Minato Branch,Saiki Jizakana Non Ki Kuzu Minato Branch
oita/saiki,Dining,すき家 217号佐伯店,Suki Ie 217 Gou Saeki Branch,Suki Ie 217 Gou Saiki Branch
oita/saiki,Dining,コロッケ倶楽部 佐伯店,Croquette Kurabu Saeki Branch,Croquette Kurabu Saiki Branch
oita/saiki,Dining,佐伯園,Saeki Sono,Saiki Sono
oita/taketa,Stay,竹田まちホテル,Takeda Machi Hotel,Taketa Machi Hotel
oita/taketa,Dining,陽はまたのぼる 竹田本店,You Hamatanoboru Takeda Honten,You Hamatanoboru Taketa Honten
oita/taketa,Dining,お菓子の菊家 竹田玉来店,O Kashi No Kiku Ie Takeda Tama Raiten,O Kashi No Kiku Ie Taketa Tama Raiten
oita/yufu,Stay,Ｂ＆Ｂ由布　天領の里,B&B Yuu Tenryou No Sato,B&B Yufu Tenryou No Sato
oita/yufu,Stay,全室半露天付き客室　旅館由布山,Zenshitsu Han Roten Tsuki Kyakushitsu Ryokan Yuu Yama,Zenshitsu Han Roten Tsuki Kyakushitsu Ryokan Yufu Yama
oita/yufu,Stay,由布岳一望の宿　美星,Yuu Gaku Ichibou No Yado Bisei,Yufu Gaku Ichibou No Yado Bisei
oita/yufu,Stay,アットホームな宿　由布の宿　きふう,Atto Home Na Yado Yuu No Yado Kifuu,Atto Home Na Yado Yufu No Yado Kifuu
oita/yufu,Dining,てっぱん焼 由布庵,Teppan Yaki Yuu Iori,Teppan Yaki Yufu Iori
yamaguchi/abu,Dining,サンマート 奈古店,Sun Mart na Ko Branch,Sun Mart Nago Branch
yamaguchi/hikari,Dining,ほっともっと 光島田店,Hottomotto Hikari Shimada Branch,Hottomotto Hikari Shimata Branch
yamaguchi/hirao,Stay,空海の宿　平生,Kuukai No Yado Heizei,Kuukai No Yado Hirao
yamaguchi/hirao,Dining,うどんの釜屋 平生店,Udonno Kamaya Heizei Branch,Udonno Kamaya Hirao Branch
yamaguchi/hirao,Dining,麺鮮醤油房 周月 山口平生店,Men Sen Shouyu Bou Shuu Gatsu Yamaguchi Heizei Branch,Men Sen Shouyu Bou Shuu Gatsu Yamaguchi Hirao Branch
yamaguchi/hirao,Dining,すし日和 平生店,Sushi Hiyori Heizei Branch,Sushi Hiyori Hirao Branch
yamaguchi/hirao,Dining,さんさん食堂 平生店,Sansan Shokudo Heizei Branch,Sansan Shokudo Hirao Branch
yamaguchi/hirao,Dining,ジョイフル 山口平生店,Joyfull Yamaguchi Heizei Branch,Joyfull Yamaguchi Hirao Branch
yamaguchi/hirao,Dining,めん六や 山口平生店,Men Roku Ya Yamaguchi Heizei Branch,Men Roku Ya Yamaguchi Hirao Branch
yamaguchi/hirao,Dining,果子乃季 平生店,Kashi No Ki Heizei Branch,Kashi No Ki Hirao Branch
yamaguchi/hirao,Dining,菓舗よこみち 平生店,Ka Ho Yokomichi Heizei Branch,Ka Ho Yokomichi Hirao Branch
yamaguchi/hirao,Dining,ほっともっと 山口平生町店,Hottomotto Yamaguchi Heizei Machi Branch,Hottomotto Yamaguchi Hirao Branch
yamaguchi/hirao,Dining,マックスバリュ 平生東店,MaxValu Heizei Higashi Branch,MaxValu Hirao Higashi Branch
yamaguchi/hirao,Dining,アルク 平生店,Aruku Heizei Branch,Aruku Hirao Branch
yamaguchi/iwakuni,Dining,セブンイレブン おみやげ街道新岩国店,7-Eleven Omiyage Kaidou Shingan Kuni Branch,7-Eleven Omiyage Kaidou Shin-Iwakuni Branch
yamaguchi/kaminoseki,Dining,道の駅 上関海峡,Michi no Eki Uenoseki Kaikyō,Michi no Eki Kaminoseki Kaikyō
yamaguchi/kaminoseki,Dining,上関水産 道の駅店,Uenoseki Suisan Michi no Eki Branch,Kaminoseki Suisan Michi no Eki Branch
yamaguchi/kaminoseki,Dining,レストラン上関海峡亭,Restaurant Uenoseki Kaikyō Tei,Restaurant Kaminoseki Kaikyō Tei
yamaguchi/nagato,Dining,サンマート 人丸店,Sun Mart Hitomaro Branch,Sun Mart Hitomaru Branch
yamaguchi/sanyoonoda,Dining,七福屋 埴生店,Shichi Fukuya Hanyuu Branch,Shichi Fukuya Habu Branch
yamaguchi/sanyoonoda,Dining,萬盛 埴生店,Man Jou Hanyuu Branch,Man Jou Habu Branch
yamaguchi/sanyoonoda,Dining,一久 小野田港店,Kazuhisa Onoda Minato Branch,Kazuhisa Onodako Branch
yamaguchi/sanyoonoda,Dining,ファミリーマート 埴生インター店,FamilyMart Hanyuu Inter Branch,FamilyMart Habu Inter Branch
yamaguchi/shimonoseki,Dining,焼肉かわ本 下関綾羅木店,Yakiniku Kawa Hon Shimonoseki Ryoura Ki Branch,Yakiniku Kawa Hon Shimonoseki Ayaragi Branch
yamaguchi/shimonoseki,Dining,コメダ珈琲店 下関綾羅木店,Komeda Coffee Mise Shimonoseki Ryoura Ki Branch,Komeda Coffee Mise Shimonoseki Ayaragi Branch
yamaguchi/ube,Dining,さかなや道場 三代目網元 宇部新川店,Sakanaya Doujou Sandaime Amimoto Ube Shinkawa Branch,Sakanaya Doujou Sandaime Amimoto Ube-Shinkawa Branch
yamaguchi/ube,Dining,ウェスタまるき 東岐波店,Vesta Maruki Higashi Shi Nami Branch,Vesta Maruki Higashi Kiwa Branch
