page,old_name_ja,old_en,new_name,ta_url,rejected_tabelog,dist_m
akita/daisen-05212,じぱんぐ亭,Y s Dining (Omagari),Y's Dining,https://www.tripadvisor.com/Restaurant_Review-g1022315-d7544157-Reviews-Y_s_Dining-Daisen_Akita_Prefecture_Tohoku.html,https://tabelog.com/akita/A0504/A050402/5007514/,1057
akita/kitaakita,とぱーず,Topaz (Yonaizawa),Topaz,https://www.tripadvisor.com/Restaurant_Review-g1022319-d7544324-Reviews-Topaz-Kitaakita_Akita_Prefecture_Tohoku.html,https://tabelog.com/akita/A0502/A050202/5007269/,919
akita/misato-05434,無双,Muso (Rokugo),Muso,https://www.tripadvisor.com/Restaurant_Review-g1120463-d14742568-Reviews-Muso-Misato_cho_Senboku_gun_Akita_Prefecture_Tohoku.html,https://tabelog.com/akita/A0504/A050402/5010312/,821
akita/noshiro,ささがわ食堂,Ramen Chaya (Chuwa),Ramen Chaya,https://www.tripadvisor.com/Restaurant_Review-g1022327-d7545181-Reviews-Ramen_Chaya-Noshiro_Akita_Prefecture_Tohoku.html,https://tabelog.com/akita/A0503/A050301/5007977/,986
akita/yokote,レストラン三國,Restaurant Mikuni (Tsukuriyama),Restaurant Mikuni,https://www.tripadvisor.com/Restaurant_Review-g1022325-d10652205-Reviews-Restaurant_Mikuni-Yokote_Akita_Prefecture_Tohoku.html,https://tabelog.com/akita/A0505/A050501/5009093/,559
akita/yokote,リゾートハウスふれあい,Villa Fureai (Takakuchishita),Villa Fureai,https://www.tripadvisor.com/Restaurant_Review-g1022325-d9624607-Reviews-Villa_Fureai-Yokote_Akita_Prefecture_Tohoku.html,https://tabelog.com/akita/A0505/A050501/5008575/,569
akita/yokote,粋や 旬月,Okigaru Kappo Ippo (Tanakacho),Okigaru Kappo Ippo,https://www.tripadvisor.com/Restaurant_Review-g1022325-d7544855-Reviews-Okigaru_Kappo_Ippo-Yokote_Akita_Prefecture_Tohoku.html,https://tabelog.com/akita/A0505/A050501/5004526/,708
akita/yokote,ふれあい喫茶くつろぎ,Fureai Cafe Kutsurogi (Ekimaecho),Fureai Cafe Kutsurogi,https://www.tripadvisor.com/Restaurant_Review-g1022325-d9643538-Reviews-Fureai_Cafe_Kutsurogi-Yokote_Akita_Prefecture_Tohoku.html,https://tabelog.com/akita/A0505/A050501/5007486/,1090
akita/yurihonjo,やきとり 串和華,Kushiwaka (Hanabatamachi),Kushiwaka,https://www.tripadvisor.com/Restaurant_Review-g1022322-d10652208-Reviews-Kushiwaka-Yurihonjo_Akita_Prefecture_Tohoku.html,https://tabelog.com/akita/A0506/A050601/5009113/,983
akita/yurihonjo,暖・食彩屋,Izakaya Dondon (Ichibanzeki),Izakaya Dondon,https://www.tripadvisor.com/Restaurant_Review-g1022322-d9682488-Reviews-Izakaya_Dondon-Yurihonjo_Akita_Prefecture_Tohoku.html,https://tabelog.com/akita/A0506/A050601/5002985/,1768
akita/yuzawashi,韓国家庭料理 漢江,Yakiniku Hangan (Fukaborikamakiri),Yakiniku Hangan,https://www.tripadvisor.com/Restaurant_Review-g1022323-d7544727-Reviews-Yakiniku_Hangan-Yuzawa_Akita_Prefecture_Tohoku.html,https://tabelog.com/akita/A0505/A050502/5001344/,2914
fukuoka/asakura,秋月,Shugetsu (Hakihoshimaru),Shugetsu,https://www.tripadvisor.com/Restaurant_Review-g1022387-d7638966-Reviews-Shugetsu-Asakura_Fukuoka_Prefecture_Kyushu.html,https://tabelog.com/fukuoka/A4008/A400803/40015217/,16583
fukuoka/fukuchi,パン工房　拾伍,Jugo (Ikata),Jugo,https://www.tripadvisor.com/Restaurant_Review-g1121498-d13216321-Reviews-Jugo-Fukuchi_machi_Tagawa_gun_Fukuoka_Prefecture_Kyushu.html,https://tabelog.com/fukuoka/A4007/A400703/40023915/,1379
fukuoka/kawara,ジョイフル 田川香春店,Joyfull (Takano),Joyfull,https://www.tripadvisor.com/Restaurant_Review-g1121492-d7631941-Reviews-Joyfull-Kawara_machi_Tagawa_gun_Fukuoka_Prefecture_Kyushu.html,https://tabelog.com/fukuoka/A4007/A400703/40019091/,1079
fukuoka/kawara,麺たらこ,Mentarako,Mentarako,https://www.tripadvisor.com/Restaurant_Review-g1121492-d6052269-Reviews-Mentarako-Kawara_machi_Tagawa_gun_Fukuoka_Prefecture_Kyushu.html,https://tabelog.com/fukuoka/A4007/A400703/40042219/,1919
fukuoka/koga,志きしま食堂,Shikishima Shokudo (Tenjin),Shikishima Shokudo,https://www.tripadvisor.com/Restaurant_Review-g298208-d7470155-Reviews-Shikishima_Shokudo-Koga_Fukuoka_Prefecture_Kyushu.html,https://tabelog.com/fukuoka/A4003/A400302/40033717/,851
fukuoka/miyako,洋菓子工房こふれ,Pastry Coffret (Toyotsu),Pastry Coffret,https://www.tripadvisor.com/Restaurant_Review-g1121500-d13221464-Reviews-Pastry_Coffret-Miyako_machi_Miyako_gun_Fukuoka_Prefecture_Kyushu.html,https://tabelog.com/fukuoka/A4004/A400502/40021589/,732
fukuoka/shingucho,博多からあげ 暖 新宮本店,Hakata Karaage Dan (Shimonofu),Hakata Karaage Dan,https://www.tripadvisor.com/Restaurant_Review-g1121471-d10015649-Reviews-Hakata_Karaage_Dan-Shingu_machi_Kasuya_gun_Fukuoka_Prefecture_Kyushu.html,https://tabelog.com/fukuoka/A4003/A400303/40035909/,1426
fukuoka/shingucho,たかまつ本陣,Takamatsu Honjin (Shimonofu),Takamatsu Honjin,https://www.tripadvisor.com/Restaurant_Review-g1121471-d7483208-Reviews-Takamatsu_Honjin-Shingu_machi_Kasuya_gun_Fukuoka_Prefecture_Kyushu.html,https://tabelog.com/fukuoka/A4001/A400201/40009717/,1600
fukuoka/ukiha,食彩倶楽部 純正,Junsei Shokusai Club (Higashikumanoue),Junsei Shokusai Club,https://www.tripadvisor.com/Restaurant_Review-g1022384-d7549238-Reviews-Junsei_Shokusai_Club-Ukiha_Fukuoka_Prefecture_Kyushu.html,https://tabelog.com/fukuoka/A4008/A400803/40015231/,762
miyagi/taiwa,八幡はなぶさ,Yahata Hanabusa (Yoshioka),Yahata Hanabusa,https://www.tripadvisor.com/Restaurant_Review-g1120946-d13269471-Reviews-Yahata_Hanabusa-Taiwa_cho_Kurokawa_gun_Miyagi_Prefecture_Tohoku.html,https://tabelog.com/miyagi/A0403/A040304/4012543/,890
miyagi/zao,蔵王わくわくファーム 農家レストラン,Howaito Radisshu (Togattaonsen),Howaito Radisshu,https://www.tripadvisor.com/Restaurant_Review-g1104107-d14741940-Reviews-Howaito_Radisshu-Zao_machi_Katta_gun_Miyagi_Prefecture_Tohoku.html,https://tabelog.com/miyagi/A0402/A040201/4022794/,4409
oita/bungoono,里の駅 やすらぎ交差点,Sato No Eki Yasuragi Kosaten,Sato No Eki Yasuragi Kosaten,https://www.tripadvisor.com/Restaurant_Review-g1023442-d9679736-Reviews-Sato_No_Eki_Yasuragi_Kosaten-Bungoono_Oita_Prefecture_Kyushu.html,https://tabelog.com/oita/A4401/A440102/44011232/,961
oita/hiji,とおせんぼ,Tosenbo (Fujiwara),Tosenbo,https://www.tripadvisor.com/Restaurant_Review-g1121559-d7484656-Reviews-Tosenbo-Hiji_machi_Hayami_gun_Oita_Prefecture_Kyushu.html,https://tabelog.com/oita/A4403/A440301/44002908/,1483
oita/hiji,モコモコ シーガーデン日出店,Stone Oven Bakery Mokomoko Sea Garden Nisshutsu (Toyooka),Stone Oven Bakery Mokomoko Sea Garden Nisshutsu,https://www.tripadvisor.com/Restaurant_Review-g1121559-d13059370-Reviews-Stone_Oven_Bakery_Mokomoko_Sea_Garden_Nisshutsu-Hiji_machi_Hayami_gun_Oita_Pref.html,https://tabelog.com/oita/A4403/A440301/44008122/,1487
oita/himeshima,姫乃家,Oshokuji Dokoro Moriei Himeshima mura Higashikunisaki gun Oita Prefecture Kyush (Matsubara),Oshokuji Dokoro Moriei,https://www.tripadvisor.com/Restaurant_Review-g1121558-d10008149-Reviews-Oshokuji_Dokoro_Moriei-Himeshima_mura_Higashikunisaki_gun_Oita_Prefecture_Kyush.html,https://tabelog.com/oita/A4403/A440302/44007182/,598
oita/oita,イタリア料理ルフィナ（ＲＵＦＩＮＡ）,Italian Restaurant Rufina,Italian Restaurant Rufina,https://www.tripadvisor.com/Restaurant_Review-g298220-d9661930-Reviews-Italian_Restaurant_Rufina-Oita_Oita_Prefecture_Kyushu.html,https://tabelog.com/oita/A4401/A440101/44013836/,2629
yamaguchi/kaminoseki,おふくろ ,Ofukuro (Murotsu),Ofukuro,https://www.tripadvisor.com/Restaurant_Review-g1121404-d13257995-Reviews-Ofukuro-Kaminoseki_cho_Kumage_gun_Yamaguchi_Prefecture_Chugoku.html,https://tabelog.com/yamaguchi/A3506/A350602/35009665/,2246
yamaguchi/mine,西寺水神公園そうめん流し,Ofuku Nishidera Suijin Koen Somen Nagashi (Ofukuchokami Sai-Ji),Ofuku Nishidera Suijin Koen Somen Nagashi,https://www.tripadvisor.com/Restaurant_Review-g1023686-d13265361-Reviews-Ofuku_Nishidera_Suijin_Koen_Somen_Nagashi-Mine_Yamaguchi_Prefecture_Chugoku.html,https://tabelog.com/yamaguchi/A3504/A350402/35004779/,655
yamaguchi/mine,秋吉台家族旅行村 ログハウス食堂,Akiyoshidai Kazoku Ryoko Mura Log House Shokudo,Akiyoshidai Kazoku Ryoko Mura Log House Shokudo,https://www.tripadvisor.com/Restaurant_Review-g1023686-d9680400-Reviews-Akiyoshidai_Kazoku_Ryoko_Mura_Log_House_Shokudo-Mine_Yamaguchi_Prefecture_Chugok.html,https://tabelog.com/yamaguchi/A3504/A350402/35008882/,595
yamaguchi/sanyoonoda,旬菜樹,Shunsaitatsuki (Nishi),Shunsaitatsuki,https://www.tripadvisor.com/Restaurant_Review-g1023692-d7508045-Reviews-Shunsaitatsuki-Sanyo_Onoda_Yamaguchi_Prefecture_Chugoku.html,https://tabelog.com/yamaguchi/A3504/A350401/35010138/,1240
yamaguchi/suoooshima,城山食堂,Joyama Shokudo (Shitada),Joyama Shokudo,https://www.tripadvisor.com/Restaurant_Review-g1121402-d10011638-Reviews-Joyama_Shokudo-Suooshima_cho_Oshima_gun_Yamaguchi_Prefecture_Chugoku.html,https://tabelog.com/yamaguchi/A3506/A350603/35010556/,763
yamaguchi/yanai,牛角 柳井店,Gyukaku Yanai (Minamicho),Gyukaku Yanai,https://www.tripadvisor.com/Restaurant_Review-g1023689-d7507826-Reviews-Gyukaku_Yanai-Yanai_Yamaguchi_Prefecture_Chugoku.html,https://tabelog.com/yamaguchi/A3506/A350602/35013004/,518
yamaguchi/yanai,ここ路,Kokoro (Chuo),Kokoro,https://www.tripadvisor.com/Restaurant_Review-g1023689-d7507770-Reviews-Kokoro-Yanai_Yamaguchi_Prefecture_Chugoku.html,https://tabelog.com/yamaguchi/A3506/A350602/35010265/,509
